domain,noise_type,rate,method,n_seeds,mean_n_corrupted,accuracy_mean,accuracy_sd,accuracy_se,accuracy_ci_lo,accuracy_ci_hi,violation_f1_mean,violation_f1_sd,violation_f1_se,violation_f1_ci_lo,violation_f1_ci_hi,P_intended_mean,P_intended_sd,P_intended_se,P_intended_ci_lo,P_intended_ci_hi,n_refinements_mean,n_refinements_sd,n_refinements_se,n_refinements_ci_lo,n_refinements_ci_hi,n_hypotheses_mean,n_hypotheses_sd,n_hypotheses_se,n_hypotheses_ci_lo,n_hypotheses_ci_hi,runtime_s_mean,runtime_s_sd,runtime_s_se,runtime_s_ci_lo,runtime_s_ci_hi,map_intended_rate,map_equivalent_rate,refinement_rate,map_counts,mean_n_constraints,unseen_accuracy_mean,unseen_accuracy_sd,unseen_accuracy_se,unseen_accuracy_ci_lo,unseen_accuracy_ci_hi
cart,behavioural,0.0,full,20,0.0,0.8200000000000001,0.06155870112510923,0.013764944032233701,0.8000000000000002,0.8500000000000002,0.8200000000000001,0.06155870112510923,0.013764944032233701,0.8000000000000002,0.8500000000000002,0.0664004672862356,0.2043763260140053,0.04569993579589744,0.0,0.16600130603987448,0.1,0.30779350562554625,0.06882472016116853,0.0,0.25,5.6,1.8467610337532774,0.4129483209670112,5.0,6.5,0.1887903928756714,0.1952739099291454,0.04366457368337402,0.12751232624053954,0.28913780152797697,0.1,0.1,0.1,"{""H_int"": 2, ""A0_any_to_last"": 18}",,,,,,
cart,behavioural,0.0,fixed,20,0.0,0.8000000000000002,1.1390647892519134e-16,2.54702629954375e-17,0.8000000000000002,0.8000000000000002,0.8000000000000002,1.1390647892519134e-16,2.54702629954375e-17,0.8000000000000002,0.8000000000000002,0.0,0.0,0.0,0.0,0.0,0.0,0.0,0.0,0.0,0.0,5.0,0.0,0.0,5.0,5.0,0.183585524559021,0.10330146215160431,0.02309890915461089,0.14805185407400132,0.2342386931180954,0.0,0.0,0.0,"{""A0_any_to_last"": 20}",,,,,,
cart,behavioural,0.0,oracle,20,0.0,1.0,0.0,0.0,1.0,1.0,1.0,0.0,0.0,1.0,1.0,0.6640043264097032,1.624481720720631e-05,3.6324515557371593e-06,0.6639979549857641,0.6640115987867798,0.0,0.0,0.0,0.0,0.0,11.0,0.0,0.0,11.0,11.0,0.3305057406425476,0.15631504538405322,0.03495310673847077,0.2710196104645729,0.40199990451335904,1.0,1.0,0.0,"{""H_int"": 20}",,,,,,
cart,behavioural,0.0,mlci,20,0.0,0.7850000000000001,0.16311119875071342,0.0364727728298074,0.7150000000000001,0.8550000000000001,0.7446753246753248,0.23839996241882117,0.05330785218018793,0.6381655844155846,0.8413003246753247,,,,,,,,,,,3.55,1.4317821063276355,0.32015621187164245,2.89875,4.1,17.711898267269135,6.872866285638707,1.5368196214954635,14.639006341695787,20.55155425101518,,,,,3.55,,,,,
cart,behavioural,0.05,full,20,1.0,0.99,0.04472135954999579,0.009999999999999998,0.97,1.0,0.99,0.04472135954999579,0.009999999999999998,0.97,1.0,0.6308048505534665,0.14847605625556345,0.03320025548185228,0.5644010435505126,0.6640105582776301,1.05,0.5104177855340405,0.11413288653790232,0.85,1.3,10.7,1.341640786499874,0.30000000000000004,10.1,11.0,0.24780994653701782,0.17222322578988036,0.03851028401704674,0.19154167354106905,0.3372852900624274,0.95,0.95,0.95,"{""H_int"": 19, ""A0_any_to_last"": 1}",,,,,,
cart,behavioural,0.05,fixed,20,1.0,0.8000000000000002,1.1390647892519134e-16,2.54702629954375e-17,0.8000000000000002,0.8000000000000002,0.8000000000000002,1.1390647892519134e-16,2.54702629954375e-17,0.8000000000000002,0.8000000000000002,0.0,0.0,0.0,0.0,0.0,0.0,0.0,0.0,0.0,0.0,5.0,0.0,0.0,5.0,5.0,0.19161674976348878,0.17258490464858012,0.038591157868454455,0.13549338787794113,0.2780822831392288,0.0,0.0,0.0,"{""A0_any_to_last"": 20}",,,,,,
cart,behavioural,0.05,oracle,20,1.0,1.0,0.0,0.0,1.0,1.0,1.0,0.0,0.0,1.0,1.0,0.6640043264097062,1.6244817207739083e-05,3.632451555856291e-06,0.663997954985765,0.6640115987867858,0.0,0.0,0.0,0.0,0.0,11.0,0.0,0.0,11.0,11.0,0.30784318447113035,0.1302928592548977,0.029134369027676382,0.2604765045642853,0.37260537564754487,1.0,1.0,0.0,"{""H_int"": 20}",,,,,,
cart,behavioural,0.05,mlci,20,1.0,0.8000000000000002,0.12977713690461004,0.029019050004400467,0.745,0.8500000000000002,0.7762987012987014,0.1945506995634404,0.04350285892939914,0.6882467532467533,0.8495454545454544,,,,,,,,,,,3.25,1.51744244666721,0.3393104462691481,2.6,3.85,17.264253544807435,6.798871931472595,1.5202739809088013,14.380772209465503,20.07733835309744,,,,,3.25,,,,,
cart,behavioural,0.1,full,20,2.0,0.99,0.04472135954999579,0.009999999999999998,0.97,1.0,0.99,0.04472135954999579,0.009999999999999998,0.97,1.0,0.6308043290653457,0.1484759335473357,0.03320022804345841,0.5644000817353483,0.664009967147248,1.9,0.7181848464596078,0.16059101370939322,1.6,2.2,10.7,1.3416407864998738,0.3,10.1,11.0,0.28788511753082274,0.1856146089780884,0.04150468832920484,0.22535343825817108,0.37902024358510955,0.95,0.95,0.95,"{""H_int"": 19, ""A0_any_to_last"": 1}",,,,,,
cart,behavioural,0.1,fixed,20,2.0,0.8000000000000002,1.1390647892519134e-16,2.54702629954375e-17,0.8000000000000002,0.8000000000000002,0.8000000000000002,1.1390647892519134e-16,2.54702629954375e-17,0.8000000000000002,0.8000000000000002,0.0,0.0,0.0,0.0,0.0,0.0,0.0,0.0,0.0,0.0,5.0,0.0,0.0,5.0,5.0,0.1705605387687683,0.13607126341220824,0.03042645947739776,0.12479021340608597,0.24022271066904066,0.0,0.0,0.0,"{""A0_any_to_last"": 20}",,,,,,
cart,behavioural,0.1,oracle,20,2.0,1.0,0.0,0.0,1.0,1.0,1.0,0.0,0.0,1.0,1.0,0.6640043264097044,1.6244817207930933e-05,3.63245155589919e-06,0.663997954985764,0.6640115987867818,0.0,0.0,0.0,0.0,0.0,11.0,0.0,0.0,11.0,11.0,0.31143665313720703,0.1431234322223406,0.03200337236222374,0.2567890244722366,0.3785836747288704,1.0,1.0,0.0,"{""H_int"": 20}",,,,,,
cart,behavioural,0.1,mlci,20,2.0,0.8200000000000001,0.11050125029061651,0.02470883072485369,0.7700000000000001,0.865,0.8074675324675326,0.15839329800735044,0.03541781815248175,0.7341428571428572,0.8645454545454545,,,,,,,,,,,3.1,1.4832396974191324,0.3316624790355399,2.45,3.7,16.337701511383056,6.998480715623657,1.5649078619355872,13.326252047717572,19.32649306118488,,,,,3.1,,,,,
cart,behavioural,0.2,full,20,4.0,1.0,0.0,0.0,1.0,1.0,1.0,0.0,0.0,1.0,1.0,0.6640043264097074,1.624481720554666e-05,3.6324515553660505e-06,0.6639979549857672,0.6640115987867833,3.45,1.234376040972246,0.27601487374110073,2.9,4.0,11.0,0.0,0.0,11.0,11.0,0.2796074867248535,0.10426224725815873,0.0233137472356134,0.24023052483797075,0.32889418452978125,1.0,1.0,1.0,"{""H_int"": 20}",,,,,,
cart,behavioural,0.2,fixed,20,4.0,0.8000000000000002,1.1390647892519134e-16,2.54702629954375e-17,0.8000000000000002,0.8000000000000002,0.8000000000000002,1.1390647892519134e-16,2.54702629954375e-17,0.8000000000000002,0.8000000000000002,0.0,0.0,0.0,0.0,0.0,0.0,0.0,0.0,0.0,0.0,5.0,0.0,0.0,5.0,5.0,0.1637629508972168,0.14254624236948318,0.03187430878753251,0.11998869121074676,0.23540093690156935,0.0,0.0,0.0,"{""A0_any_to_last"": 20}",,,,,,
cart,behavioural,0.2,oracle,20,4.0,1.0,0.0,0.0,1.0,1.0,1.0,0.0,0.0,1.0,1.0,0.6640043264097074,1.624481720554666e-05,3.6324515553660505e-06,0.6639979549857672,0.6640115987867833,0.0,0.0,0.0,0.0,0.0,11.0,0.0,0.0,11.0,11.0,0.2802699446678162,0.15590208559992177,0.034860766123541616,0.22544091522693635,0.3576139387488365,1.0,1.0,0.0,"{""H_int"": 20}",,,,,,
cart,behavioural,0.2,mlci,20,4.0,0.8300000000000001,0.08013147091860318,0.01791794161110442,0.7950000000000002,0.8601249999999994,0.8277272727272729,0.09894946227875347,0.022125772399234397,0.7822727272727275,0.8645454545454546,,,,,,,,,,,2.65,1.4964871146156007,0.3346246915733002,2.0,3.25,14.1236567735672,6.252599817275604,1.3981238227531012,11.470582238137721,16.708090942502018,,,,,2.65,,,,,
cart,behavioural,0.3,full,20,6.0,1.0,0.0,0.0,1.0,1.0,1.0,0.0,0.0,1.0,1.0,0.6640043264097053,1.6244817203999724e-05,3.632451555020145e-06,0.6639979549857693,0.6640115987867798,4.85,1.3869694338832113,0.31013579368772604,4.25,5.4,11.0,0.0,0.0,11.0,11.0,0.2871453285217285,0.11321017476970659,0.02531456465296955,0.24432017296552658,0.34069842875003814,1.0,1.0,1.0,"{""H_int"": 20}",,,,,,
cart,behavioural,0.3,fixed,20,6.0,0.8000000000000002,1.1390647892519134e-16,2.54702629954375e-17,0.8000000000000002,0.8000000000000002,0.8000000000000002,1.1390647892519134e-16,2.54702629954375e-17,0.8000000000000002,0.8000000000000002,0.0,0.0,0.0,0.0,0.0,0.0,0.0,0.0,0.0,0.0,5.0,0.0,0.0,5.0,5.0,0.22015844583511351,0.1748448344469456,0.03909649353380672,0.1598992457985878,0.30713865876197805,0.0,0.0,0.0,"{""A0_any_to_last"": 20}",,,,,,
cart,behavioural,0.3,oracle,20,6.0,1.0,0.0,0.0,1.0,1.0,1.0,0.0,0.0,1.0,1.0,0.6640043264097053,1.6244817203999724e-05,3.632451555020145e-06,0.6639979549857693,0.6640115987867798,0.0,0.0,0.0,0.0,0.0,11.0,0.0,0.0,11.0,11.0,0.29581743478775024,0.1029968593767364,0.02303079790353692,0.25320539116859436,0.33941181868314746,1.0,1.0,0.0,"{""H_int"": 20}",,,,,,
cart,behavioural,0.3,mlci,20,6.0,0.8200000000000001,0.11050125029061651,0.02470883072485369,0.77,0.8600000000000001,0.8074675324675324,0.15839329800735044,0.03541781815248175,0.7308392857142857,0.8641022727272728,,,,,,,,,,,2.5,1.4689774459950382,0.3284733426658932,1.9,3.1,14.199511456489564,6.995505180678036,1.5642425120948036,11.35645002633333,17.11878654658794,,,,,2.5,,,,,
cart,violation,0.0,full,20,0.0,0.8200000000000001,0.06155870112510923,0.013764944032233701,0.8000000000000002,0.8500000000000002,0.8200000000000001,0.06155870112510923,0.013764944032233701,0.8000000000000002,0.8500000000000002,0.0664004672862356,0.2043763260140053,0.04569993579589744,0.0,0.16600130603987448,0.1,0.30779350562554625,0.06882472016116853,0.0,0.25,5.6,1.8467610337532774,0.4129483209670112,5.0,6.5,0.1887903928756714,0.1952739099291454,0.04366457368337402,0.12751232624053954,0.28913780152797697,0.1,0.1,0.1,"{""H_int"": 2, ""A0_any_to_last"": 18}",,,,,,
cart,violation,0.0,fixed,20,0.0,0.8000000000000002,1.1390647892519134e-16,2.54702629954375e-17,0.8000000000000002,0.8000000000000002,0.8000000000000002,1.1390647892519134e-16,2.54702629954375e-17,0.8000000000000002,0.8000000000000002,0.0,0.0,0.0,0.0,0.0,0.0,0.0,0.0,0.0,0.0,5.0,0.0,0.0,5.0,5.0,0.183585524559021,0.10330146215160431,0.02309890915461089,0.14805185407400132,0.2342386931180954,0.0,0.0,0.0,"{""A0_any_to_last"": 20}",,,,,,
cart,violation,0.0,oracle,20,0.0,1.0,0.0,0.0,1.0,1.0,1.0,0.0,0.0,1.0,1.0,0.6640043264097032,1.624481720720631e-05,3.6324515557371593e-06,0.6639979549857641,0.6640115987867798,0.0,0.0,0.0,0.0,0.0,11.0,0.0,0.0,11.0,11.0,0.3305057406425476,0.15631504538405322,0.03495310673847077,0.2710196104645729,0.40199990451335904,1.0,1.0,0.0,"{""H_int"": 20}",,,,,,
cart,violation,0.0,mlci,20,0.0,0.7850000000000001,0.16311119875071342,0.0364727728298074,0.7150000000000001,0.8550000000000001,0.7446753246753248,0.23839996241882117,0.05330785218018793,0.6381655844155846,0.8413003246753247,,,,,,,,,,,3.55,1.4317821063276355,0.32015621187164245,2.89875,4.1,17.711898267269135,6.872866285638707,1.5368196214954635,14.639006341695787,20.55155425101518,,,,,3.55,,,,,
cart,violation,0.05,full,20,1.0,0.8400000000000002,0.08207826816681232,0.01835325870964494,0.8100000000000002,0.8800000000000001,0.8400000000000002,0.08207826816681232,0.01835325870964494,0.8100000000000002,0.8800000000000001,0.12689883064409696,0.26039090629857076,0.05822517672063823,0.031724608704975746,0.2537973647928476,0.3,0.5712405705774793,0.127733274731701,0.1,0.55,6.5,2.665569949915916,0.5960395606792698,5.6,7.7,0.18948676586151122,0.14162606432813127,0.03166855072234596,0.14017190605401994,0.26173315614461895,0.2,0.2,0.25,"{""A0_any_to_last"": 16, ""H_int"": 4}",,,,,,
cart,violation,0.05,fixed,20,1.0,0.8000000000000002,1.1390647892519134e-16,2.54702629954375e-17,0.8000000000000002,0.8000000000000002,0.8000000000000002,1.1390647892519134e-16,2.54702629954375e-17,0.8000000000000002,0.8000000000000002,0.0,0.0,0.0,0.0,0.0,0.0,0.0,0.0,0.0,0.0,5.0,0.0,0.0,5.0,5.0,0.17410472631454468,0.08847212819492345,0.01978296927579246,0.14508970350027084,0.2171595841646194,0.0,0.0,0.0,"{""A0_any_to_last"": 20}",,,,,,
cart,violation,0.05,oracle,20,1.0,0.9200000000000002,0.1005249379900069,0.022478059477960652,0.8800000000000001,0.96,0.9200000000000002,0.1005249379900069,0.022478059477960652,0.8800000000000001,0.96,0.3806979003646,0.3189136069216659,0.07131125040264924,0.2537975822609255,0.5075982081967417,0.0,0.0,0.0,0.0,0.0,11.0,0.0,0.0,11.0,11.0,0.26589306592941286,0.09370095147821506,0.020952169706169827,0.22595420241355896,0.30757882475852966,0.6,0.6,0.0,"{""A0_any_to_last"": 8, ""H_int"": 12}",,,,,,
cart,violation,0.05,mlci,20,1.0,0.7350000000000001,0.1663066286617647,0.037187292679652074,0.66,0.8000000000000002,0.6694155844155845,0.2815761581595931,0.06296234304880821,0.5384886363636364,0.7824724025974026,,,,,,,,,,,2.55,1.5381123085406379,0.3439323678925996,1.9,3.2,14.868079423904419,7.504995539133864,1.6781680196336002,11.72867230951786,18.02913170695305,,,,,2.55,,,,,
cart,violation,0.1,full,20,2.0,0.8200000000000001,0.06155870112510923,0.013764944032233701,0.8000000000000002,0.8500000000000002,0.8200000000000001,0.06155870112510923,0.013764944032233701,0.8000000000000002,0.8500000000000002,0.060272675789468946,0.1855153818723196,0.04148250047383389,1.237332962918379e-15,0.15068274150987113,0.35,0.6708203932499369,0.15,0.1,0.65,6.5,2.665569949915916,0.5960395606792698,5.6,7.7,0.19228880405426024,0.14673797807025235,0.032811609384595763,0.14430458515882494,0.2673599418997764,0.1,0.1,0.25,"{""A0_any_to_last"": 18, ""H_int"": 2}",,,,,,
cart,violation,0.1,fixed,20,2.0,0.8000000000000002,1.1390647892519134e-16,2.54702629954375e-17,0.8000000000000002,0.8000000000000002,0.8000000000000002,1.1390647892519134e-16,2.54702629954375e-17,0.8000000000000002,0.8000000000000002,0.0,0.0,0.0,0.0,0.0,0.0,0.0,0.0,0.0,0.0,5.0,0.0,0.0,5.0,5.0,0.18979012966156006,0.12910114288545874,0.028867893146479907,0.14635452419519426,0.2549826502799988,0.0,0.0,0.0,"{""A0_any_to_last"": 20}",,,,,,
cart,violation,0.1,oracle,20,2.0,0.8700000000000001,0.09787209698591856,0.021884866196096617,0.8300000000000001,0.9100000000000001,0.8700000000000001,0.09787209698591856,0.021884866196096617,0.8300000000000001,0.9100000000000001,0.21095567786712416,0.2949524942625919,0.06595338273042722,0.09040911664746874,0.33150568227022853,0.0,0.0,0.0,0.0,0.0,11.0,0.0,0.0,11.0,11.0,0.29235445261001586,0.08310850741701359,0.018583627209298785,0.25708566814661027,0.3284556919336319,0.35,0.35,0.0,"{""A0_any_to_last"": 13, ""H_int"": 7}",,,,,,
cart,violation,0.1,mlci,20,2.0,0.6200000000000001,0.19358120830939746,0.04328607409463598,0.54,0.7001249999999994,0.45779220779220786,0.3551151035024864,0.07940615112684332,0.30752759740259744,0.6037094155844157,,,,,,,,,,,2.1,1.7441631985447619,0.39000674757995496,1.35,2.9,13.317399263381958,7.647240554665343,1.7099749720524902,10.161172149777412,16.79355958253145,,,,,2.1,,,,,
cart,violation,0.2,full,20,4.0,0.7800000000000001,0.08944271909999159,0.02,0.7400000000000001,0.8000000000000002,0.7600000000000001,0.1788854381999832,0.04000000000000001,0.6800000000000002,0.8000000000000002,4.7737537048384705e-15,1.5108090333415446e-14,3.37827169957244e-15,8.29366106478128e-29,1.2476213431124088e-14,1.5,3.576237364075618,0.7996709849747746,0.4,3.2,7.4,3.0157481397002077,0.6743417843388196,6.2,8.6,0.5834848761558533,1.6115585449140255,0.3603554456148409,0.17627988278865817,1.329816389679909,0.0,0.0,0.4,"{""A0_any_to_last"": 19, ""H_null"": 1}",,,,,,
cart,violation,0.2,fixed,20,4.0,0.7800000000000001,0.08944271909999159,0.02,0.7400000000000001,0.8000000000000002,0.7600000000000001,0.1788854381999832,0.04000000000000001,0.6800000000000002,0.8000000000000002,0.0,0.0,0.0,0.0,0.0,0.0,0.0,0.0,0.0,0.0,5.0,0.0,0.0,5.0,5.0,0.4082748532295227,1.0323547043687478,0.2308415295860219,0.14399302303791045,0.8860547089576721,0.0,0.0,0.0,"{""A0_any_to_last"": 19, ""H_null"": 1}",,,,,,
cart,violation,0.2,oracle,20,4.0,0.8200000000000001,0.06155870112510923,0.013764944032233701,0.8000000000000002,0.8500000000000002,0.8200000000000001,0.06155870112510923,0.013764944032233701,0.8000000000000002,0.8500000000000002,0.05366073020544023,0.16516426455201239,0.036931852299205856,1.1804751825749637e-14,0.1341387152659784,0.0,0.0,0.0,0.0,0.0,11.0,0.0,0.0,11.0,11.0,0.5191398978233337,1.1254397808247714,0.2516559854506653,0.24153515756130217,1.034581924676895,0.1,0.1,0.0,"{""A0_any_to_last"": 17, ""H_int"": 2, ""H_noexit"": 1}",,,,,,
cart,violation,0.2,mlci,20,4.0,0.495,0.15719582155957415,0.03515005427861348,0.43500000000000005,0.5650000000000001,0.2075974025974026,0.3095874387099601,0.06922585579355205,0.08285714285714285,0.33665259740259723,,,,,,,,,,,0.75,1.118033988749895,0.25,0.35,1.3,7.303225719928742,4.556252459244268,1.0188090221520774,5.669117212593556,9.453538671135899,,,,,0.75,,,,,
cart,violation,0.3,full,20,6.0,0.7500000000000001,0.12773327473170104,0.028562028528873972,0.6900000000000002,0.8000000000000002,0.7050000000000002,0.2502104377476982,0.05594875474838325,0.5850000000000002,0.8000000000000002,1.7475083439979796e-15,7.815094896854423e-15,1.7475083439978196e-15,2.932172279556704e-41,5.242525031993723e-15,1.35,3.1334359818945683,0.7006575858660055,0.4,2.85,7.4,3.0157481397002077,0.6743417843388196,6.2,8.6,1.1264084339141847,2.138734056738786,0.47823547366618174,0.2730520924925804,2.090866740643978,0.0,0.0,0.4,"{""A0_any_to_last"": 17, ""A0_visit_last"": 1, ""H_null"": 2}",,,,,,
cart,violation,0.3,fixed,20,6.0,0.7500000000000001,0.12773327473170104,0.028562028528873972,0.6900000000000002,0.8000000000000002,0.7050000000000002,0.2502104377476982,0.05594875474838325,0.5850000000000002,0.8000000000000002,0.0,0.0,0.0,0.0,0.0,0.0,0.0,0.0,0.0,0.0,5.0,0.0,0.0,5.0,5.0,0.6585165381431579,1.2749113714709293,0.2850788491896484,0.184622300863266,1.2324941700696943,0.0,0.0,0.0,"{""A0_any_to_last"": 17, ""A0_visit_last"": 1, ""H_null"": 2}",,,,,,
cart,violation,0.3,oracle,20,6.0,0.7700000000000001,0.09787209698591859,0.021884866196096624,0.7200000000000002,0.8000000000000002,0.7450000000000002,0.18771478925557025,0.041974302915750224,0.6500000000000001,0.8000000000000002,1.6860070390524654e-14,3.303635989322598e-14,7.387154645040099e-15,4.344578358632671e-15,3.1631343994105553e-14,0.0,0.0,0.0,0.0,0.0,11.0,0.0,0.0,11.0,11.0,1.0778791904449463,2.140905501440765,0.4787210234624824,0.2763233250379562,2.118380137383937,0.0,0.0,0.0,"{""A0_any_to_last"": 17, ""A0_visit_last"": 1, ""H_null"": 1, ""H_noexit"": 1}",,,,,,
cart,violation,0.3,mlci,20,6.0,0.425,0.0910465468000326,0.020358626776148882,0.4000000000000001,0.47000000000000003,0.05428571428571429,0.18675819964398951,0.04176040297594376,0.0,0.14857142857142858,,,,,,,,,,,0.25,0.4442616583193193,0.09933992677987828,0.1,0.45,5.074426972866059,1.8320586499436498,0.4096607680040492,4.338970548510551,5.8758746838569635,,,,,0.25,,,,,
aisle,behavioural,0.0,full,20,0.0,0.6199999999999999,0.08335087534664906,0.018637822325921864,0.5849999999999999,0.6549999999999998,0.3571428571428571,0.23557564085353083,0.05267631467915715,0.25476190476190474,0.45476190476190476,0.09233793961414175,0.12910830697575096,0.028869495085768943,0.03952504846681304,0.1454302007427356,1.95,4.285532577601553,0.9582742163306965,0.3,4.0,4.85,3.1165939573093002,0.6968915946808673,3.5987500000000003,6.151249999999994,0.13682992458343507,0.049021782507859345,0.01096160380657836,0.11603017300367356,0.1584077087044716,0.0,0.0,0.35,"{""B0_cells"": 8, ""H_null"": 5, ""S_memorised"": 7}",,0.4000000000000001,5.695323946259567e-17,1.273513149771875e-17,0.4000000000000001,0.4000000000000001
aisle,behavioural,0.0,fixed,20,0.0,0.5799999999999998,0.06155870112510925,0.013764944032233706,0.5549999999999999,0.6049999999999999,0.2571428571428571,0.1869344915135686,0.04179982303636969,0.1785714285714286,0.3357142857142857,0.0,0.0,0.0,0.0,0.0,0.0,0.0,0.0,0.0,0.0,3.1,1.410487037944882,0.3153944898227081,2.5,3.7,0.10109368562698365,0.03719187888712554,0.008316356940255192,0.0863881766796112,0.11790580600500106,0.0,0.0,0.0,"{""B0_cells"": 14, ""H_null"": 6}",,0.4000000000000001,5.695323946259567e-17,1.273513149771875e-17,0.4000000000000001,0.4000000000000001
aisle,behavioural,0.0,oracle,20,0.0,0.9199999999999999,0.17044832524535802,0.038113404189961404,0.8400000000000001,0.985,0.9238095238095237,0.15785892898659498,0.03529832960693383,0.8523809523809524,0.9833333333333332,0.42182070289021645,0.15546512718982922,0.03476305925271089,0.34872419872149146,0.48115341958043945,0.0,0.0,0.0,0.0,0.0,7.1,1.4104870379448817,0.31539448982270807,6.5,7.7,0.17453558444976808,0.04571885275423115,0.010223046261176432,0.1550462108850479,0.19423884212970732,0.0,0.8,0.0,"{""S_nearShelf"": 2, ""S_corridor"": 16, ""B0_cells"": 2}",,0.9,0.21026299321513875,0.04701623459816273,0.8,0.9800000000000001
aisle,behavioural,0.0,mlci,20,0.0,0.595,0.022360679774997894,0.004999999999999999,0.5849999999999999,0.5999999999999999,0.49722222222222223,0.012422599874998825,0.002777777777777776,0.4916666666666667,0.5,,,,,,,,,,,3.05,0.22360679774997894,0.04999999999999999,3.0,3.15,17.60876111984253,16.848437376287077,3.7674251288026106,13.117775798141956,25.471042316257947,,,,,3.05,0.4000000000000001,5.695323946259567e-17,1.273513149771875e-17,0.4000000000000001,0.4000000000000001
aisle,behavioural,0.05,full,20,1.0,0.6999999999999998,1.1390647892519134e-16,2.54702629954375e-17,0.6999999999999998,0.6999999999999998,0.5714285714285714,1.1390647892519134e-16,2.54702629954375e-17,0.5714285714285714,0.5714285714285714,0.2626992133081378,0.010010555533063282,0.002238428266446614,0.2578292149632166,0.26548326571125286,2.85,4.158377720116091,0.9298415258300173,1.2,4.8,8.0,1.3764944032233706,0.3077935056255462,7.4,8.55,0.18443878889083862,0.033285605982289086,0.007442887764867206,0.17129947781562804,0.19867215663194657,0.0,0.0,1.0,"{""S_memorised"": 18, ""B0_cells"": 2}",,0.4000000000000001,5.695323946259567e-17,1.273513149771875e-17,0.4000000000000001,0.4000000000000001
aisle,behavioural,0.05,fixed,20,1.0,0.5799999999999998,0.06155870112510925,0.013764944032233706,0.5549999999999999,0.6049999999999999,0.2571428571428571,0.1869344915135686,0.04179982303636969,0.1785714285714286,0.3357142857142857,0.0,0.0,0.0,0.0,0.0,0.0,0.0,0.0,0.0,0.0,3.1,1.410487037944882,0.3153944898227081,2.5,3.7,0.10848022699356079,0.03942069845912924,0.008814736147513418,0.09128758043050765,0.12585224926471708,0.0,0.0,0.0,"{""B0_cells"": 14, ""H_null"": 6}",,0.4000000000000001,5.695323946259567e-17,1.273513149771875e-17,0.4000000000000001,0.4000000000000001
aisle,behavioural,0.05,oracle,20,1.0,0.97,0.09233805168766389,0.02064741604835056,0.925,1.0,0.9571428571428571,0.13191150241094837,0.029496308640500794,0.8928571428571429,1.0,0.4669507887749645,0.07545042825088052,0.01687122865004394,0.4320499826083827,0.4969964390217004,0.0,0.0,0.0,0.0,0.0,7.1,1.4104870379448817,0.31539448982270807,6.5,7.7,0.16694350242614747,0.05928005721130482,0.013255423763455417,0.1417039680480957,0.19482896894216536,0.0,0.9,0.0,"{""S_corridor"": 18, ""B0_cells"": 2}",,0.9400000000000001,0.18467610337532775,0.041294832096701116,0.85,1.0
aisle,behavioural,0.05,mlci,20,1.0,0.6949999999999998,0.02236067977499789,0.004999999999999998,0.6849999999999998,0.6999999999999998,0.5678571428571428,0.01597191412499852,0.003571428571428576,0.5607142857142857,0.5714285714285714,,,,,,,,,,,2.05,0.22360679774997894,0.04999999999999999,2.0,2.15,12.522513127326965,10.387332024701902,2.3226780512093974,9.643828491866588,17.422594500184054,,,,,2.05,0.4000000000000001,5.695323946259567e-17,1.273513149771875e-17,0.4000000000000001,0.4000000000000001
aisle,behavioural,0.1,full,20,2.0,0.6999999999999998,1.1390647892519134e-16,2.54702629954375e-17,0.6999999999999998,0.6999999999999998,0.5714285714285714,1.1390647892519134e-16,2.54702629954375e-17,0.5714285714285714,0.5714285714285714,0.24907406964774376,0.0612681401081999,0.013699972613691628,0.2204274802503753,0.2672979012403383,3.55,4.019361038510318,0.8987564508223219,2.0,5.45,7.85,1.694418080515829,0.3788834010338106,7.1,8.55,0.7076434373855591,2.397885167006384,0.536183423566471,0.15644456446170807,1.7898449328541757,0.0,0.0,0.95,"{""S_memorised"": 18, ""B0_cells"": 2}",,0.4000000000000001,5.695323946259567e-17,1.273513149771875e-17,0.4000000000000001,0.4000000000000001
aisle,behavioural,0.1,fixed,20,2.0,0.5799999999999998,0.06155870112510925,0.013764944032233706,0.5549999999999999,0.6049999999999999,0.2571428571428571,0.1869344915135686,0.04179982303636969,0.1785714285714286,0.3357142857142857,0.0,0.0,0.0,0.0,0.0,0.0,0.0,0.0,0.0,0.0,3.1,1.410487037944882,0.3153944898227081,2.5,3.7,0.09797382354736328,0.037367649812051505,0.00835566051391544,0.08239960610866547,0.11411628127098082,0.0,0.0,0.0,"{""B0_cells"": 14, ""H_null"": 6}",,0.4000000000000001,5.695323946259567e-17,1.273513149771875e-17,0.4000000000000001,0.4000000000000001
aisle,behavioural,0.1,oracle,20,2.0,0.97,0.09233805168766389,0.02064741604835056,0.925,1.0,0.9571428571428571,0.13191150241094837,0.029496308640500794,0.8928571428571429,1.0,0.47346260790252287,0.07138592170479773,0.01596237735684054,0.4389807673675564,0.49819841508865303,0.0,0.0,0.0,0.0,0.0,7.1,1.4104870379448817,0.31539448982270807,6.5,7.7,0.17720696926116944,0.05446507716592924,0.012178761494278937,0.15455230116844176,0.20057518184185025,0.0,0.9,0.0,"{""S_corridor"": 18, ""B0_cells"": 2}",,0.9400000000000001,0.18467610337532775,0.041294832096701116,0.85,1.0
aisle,behavioural,0.1,mlci,20,2.0,0.6949999999999998,0.02236067977499789,0.004999999999999998,0.6849999999999998,0.6999999999999998,0.5678571428571428,0.01597191412499852,0.003571428571428576,0.5607142857142857,0.5714285714285714,,,,,,,,,,,2.05,0.22360679774997894,0.04999999999999999,2.0,2.15,14.007949197292328,13.796962736818138,3.0850946562556896,10.304884912967681,20.52289602220058,,,,,2.05,0.4000000000000001,5.695323946259567e-17,1.273513149771875e-17,0.4000000000000001,0.4000000000000001
aisle,behavioural,0.2,full,20,4.0,0.6849999999999998,0.04893604849295928,0.010942433098048309,0.6599999999999999,0.6999999999999998,0.530952380952381,0.13581208277756618,0.03036850492564664,0.46190476190476193,0.5714285714285714,0.21143102531322905,0.09662497330925561,0.021606000864359834,0.16703329108708936,0.24997038419152345,3.85,3.688888008172938,0.8248604347658488,2.4,5.5,7.55,2.41650029675366,0.5403458931189598,6.45,8.451249999999993,0.921446967124939,2.4986827920101553,0.5587224577143676,0.1544174510240555,2.1961075991392134,0.0,0.0,0.85,"{""S_memorised"": 16, ""H_null"": 1, ""B0_cells"": 3}",,0.4000000000000001,5.695323946259567e-17,1.273513149771875e-17,0.4000000000000001,0.4000000000000001
aisle,behavioural,0.2,fixed,20,4.0,0.5799999999999998,0.06155870112510925,0.013764944032233706,0.5549999999999999,0.6049999999999999,0.2571428571428571,0.1869344915135686,0.04179982303636969,0.1785714285714286,0.3357142857142857,0.0,0.0,0.0,0.0,0.0,0.0,0.0,0.0,0.0,0.0,3.1,1.410487037944882,0.3153944898227081,2.5,3.7,0.10221807956695557,0.043089016307360874,0.009634996954685587,0.0850330686569214,0.12173357188701629,0.0,0.0,0.0,"{""B0_cells"": 14, ""H_null"": 6}",,0.4000000000000001,5.695323946259567e-17,1.273513149771875e-17,0.4000000000000001,0.4000000000000001
aisle,behavioural,0.2,oracle,20,4.0,0.97,0.09233805168766389,0.02064741604835056,0.925,1.0,0.9571428571428571,0.13191150241094837,0.029496308640500794,0.8928571428571429,1.0,0.46969725903139814,0.07447544618145573,0.016653216031636213,0.43482268956649955,0.49885675188056255,0.0,0.0,0.0,0.0,0.0,7.1,1.4104870379448817,0.31539448982270807,6.5,7.7,0.17585537433624268,0.061012803603210965,0.013642877635462382,0.15159629434347152,0.2037508898973465,0.0,0.9,0.0,"{""S_corridor"": 18, ""B0_cells"": 2}",,0.9400000000000001,0.18467610337532775,0.041294832096701116,0.85,1.0
aisle,behavioural,0.2,mlci,20,4.0,0.6949999999999998,0.02236067977499789,0.004999999999999998,0.6849999999999998,0.6999999999999998,0.5678571428571428,0.01597191412499852,0.003571428571428576,0.5607142857142857,0.5714285714285714,,,,,,,,,,,2.05,0.22360679774997894,0.04999999999999999,2.0,2.15,13.19162576198578,13.240222777988938,2.960603816882437,9.628667028546333,19.328536350429047,,,,,2.05,0.4000000000000001,5.695323946259567e-17,1.273513149771875e-17,0.4000000000000001,0.4000000000000001
aisle,behavioural,0.3,full,20,6.0,0.6749999999999998,0.06386663736585049,0.01428101426443698,0.6449999999999998,0.6999999999999998,0.5023809523809524,0.17982434308755185,0.040209945515301035,0.4166666666666667,0.5714285714285714,0.2005930599196155,0.10740994410527642,0.02401759364788509,0.15275124847476282,0.2433194753921019,4.1,3.275105462343722,0.732335844728144,2.8,5.55,7.3,2.8116299823936175,0.6286995768208665,6.0,8.4,2.0696568727493285,4.181992126142818,0.9351218675424217,0.570747556090355,3.9717401686310705,0.0,0.0,0.8,"{""S_memorised"": 15, ""H_null"": 2, ""B0_cells"": 3}",,0.4000000000000001,5.695323946259567e-17,1.273513149771875e-17,0.4000000000000001,0.4000000000000001
aisle,behavioural,0.3,fixed,20,6.0,0.5799999999999998,0.06155870112510925,0.013764944032233706,0.5549999999999999,0.6049999999999999,0.2571428571428571,0.1869344915135686,0.04179982303636969,0.1785714285714286,0.3357142857142857,0.0,0.0,0.0,0.0,0.0,0.0,0.0,0.0,0.0,0.0,3.1,1.410487037944882,0.3153944898227081,2.5,3.7,0.10199098587036133,0.048036284855334746,0.010741239832307214,0.08204147100448608,0.12342947602272032,0.0,0.0,0.0,"{""B0_cells"": 14, ""H_null"": 6}",,0.4000000000000001,5.695323946259567e-17,1.273513149771875e-17,0.4000000000000001,0.4000000000000001
aisle,behavioural,0.3,oracle,20,6.0,0.97,0.09233805168766389,0.02064741604835056,0.925,1.0,0.9571428571428571,0.13191150241094837,0.029496308640500794,0.8928571428571429,1.0,0.4757084752849071,0.07178894789377983,0.016052496752368205,0.440746163178166,0.4990827063727561,0.0,0.0,0.0,0.0,0.0,7.1,1.4104870379448817,0.31539448982270807,6.5,7.7,0.18462430238723754,0.07370432116016998,0.016480787234961623,0.15468519926071167,0.21783486813306807,0.0,0.9,0.0,"{""S_corridor"": 18, ""B0_cells"": 2}",,0.9400000000000001,0.18467610337532775,0.041294832096701116,0.85,1.0
aisle,behavioural,0.3,mlci,20,6.0,0.6949999999999998,0.02236067977499789,0.004999999999999998,0.6849999999999998,0.6999999999999998,0.5678571428571428,0.01597191412499852,0.003571428571428576,0.5607142857142857,0.5714285714285714,,,,,,,,,,,2.05,0.22360679774997894,0.04999999999999999,2.0,2.15,14.19282705783844,14.60183336659145,3.2650692003823085,10.250171216726303,21.070284786820405,,,,,2.05,0.4000000000000001,5.695323946259567e-17,1.273513149771875e-17,0.4000000000000001,0.4000000000000001
aisle,violation,0.0,full,20,0.0,0.6199999999999999,0.08335087534664906,0.018637822325921864,0.5849999999999999,0.6549999999999998,0.3571428571428571,0.23557564085353083,0.05267631467915715,0.25476190476190474,0.45476190476190476,0.09233793961414175,0.12910830697575096,0.028869495085768943,0.03952504846681304,0.1454302007427356,1.95,4.285532577601553,0.9582742163306965,0.3,4.0,4.85,3.1165939573093002,0.6968915946808673,3.5987500000000003,6.151249999999994,0.13682992458343507,0.049021782507859345,0.01096160380657836,0.11603017300367356,0.1584077087044716,0.0,0.0,0.35,"{""B0_cells"": 8, ""H_null"": 5, ""S_memorised"": 7}",,0.4000000000000001,5.695323946259567e-17,1.273513149771875e-17,0.4000000000000001,0.4000000000000001
aisle,violation,0.0,fixed,20,0.0,0.5799999999999998,0.06155870112510925,0.013764944032233706,0.5549999999999999,0.6049999999999999,0.2571428571428571,0.1869344915135686,0.04179982303636969,0.1785714285714286,0.3357142857142857,0.0,0.0,0.0,0.0,0.0,0.0,0.0,0.0,0.0,0.0,3.1,1.410487037944882,0.3153944898227081,2.5,3.7,0.10109368562698365,0.03719187888712554,0.008316356940255192,0.0863881766796112,0.11790580600500106,0.0,0.0,0.0,"{""B0_cells"": 14, ""H_null"": 6}",,0.4000000000000001,5.695323946259567e-17,1.273513149771875e-17,0.4000000000000001,0.4000000000000001
aisle,violation,0.0,oracle,20,0.0,0.9199999999999999,0.17044832524535802,0.038113404189961404,0.8400000000000001,0.985,0.9238095238095237,0.15785892898659498,0.03529832960693383,0.8523809523809524,0.9833333333333332,0.42182070289021645,0.15546512718982922,0.03476305925271089,0.34872419872149146,0.48115341958043945,0.0,0.0,0.0,0.0,0.0,7.1,1.4104870379448817,0.31539448982270807,6.5,7.7,0.17453558444976808,0.04571885275423115,0.010223046261176432,0.1550462108850479,0.19423884212970732,0.0,0.8,0.0,"{""S_nearShelf"": 2, ""S_corridor"": 16, ""B0_cells"": 2}",,0.9,0.21026299321513875,0.04701623459816273,0.8,0.9800000000000001
aisle,violation,0.0,mlci,20,0.0,0.595,0.022360679774997894,0.004999999999999999,0.5849999999999999,0.5999999999999999,0.49722222222222223,0.012422599874998825,0.002777777777777776,0.4916666666666667,0.5,,,,,,,,,,,3.05,0.22360679774997894,0.04999999999999999,3.0,3.15,17.60876111984253,16.848437376287077,3.7674251288026106,13.117775798141956,25.471042316257947,,,,,3.05,0.4000000000000001,5.695323946259567e-17,1.273513149771875e-17,0.4000000000000001,0.4000000000000001
aisle,violation,0.05,full,20,1.0,0.58,0.12396943596157717,0.027720408594239354,0.5349999999999999,0.6399999999999999,0.38571428571428573,0.3062385903722815,0.06847703054061341,0.2571428571428572,0.5144047619047614,0.0748071897517096,0.14035961814177633,0.03138536474609246,0.017410520363032565,0.13777337872995177,2.3,4.437875262116463,0.9923390761757107,0.6,4.4,5.35,3.6168465473902014,0.8087514744149904,3.85,6.95,0.14232887029647828,0.07112901305237225,0.015904930835757416,0.1118644541501999,0.17317109525203703,0.0,0.05,0.45,"{""B0_cells"": 7, ""H_null"": 6, ""S_nearShelf"": 5, ""S_corridor"": 1, ""S_memorised"": 1}",,0.48,0.1507874069850104,0.033717089216940985,0.43,0.55
aisle,violation,0.05,fixed,20,1.0,0.575,0.06386663736585049,0.01428101426443698,0.5499999999999999,0.6,0.24047619047619045,0.19449089858196686,0.043489487023429536,0.1571428571428572,0.3214285714285714,0.0,0.0,0.0,0.0,0.0,0.0,0.0,0.0,0.0,0.0,2.95,1.4680814547887788,0.32827299294144935,2.35,3.55,0.09458329677581787,0.03301455510903071,0.007382278947070564,0.08095785349607468,0.10948421716690063,0.0,0.0,0.0,"{""B0_cells"": 13, ""H_null"": 7}",,0.4000000000000001,5.695323946259567e-17,1.273513149771875e-17,0.4000000000000001,0.4000000000000001
aisle,violation,0.05,oracle,20,1.0,0.645,0.2187885304412267,0.04892260267638649,0.5599999999999999,0.735,0.7404761904761904,0.15639680118968366,0.034971387892365265,0.6761904761904761,0.8119047619047617,0.16777962806046445,0.2127638245988587,0.047575437495589,0.08158467473377976,0.25310508578727897,0.0,0.0,0.0,0.0,0.0,6.95,1.4680814547887788,0.32827299294144935,6.35,7.55,0.1704150915145874,0.06003167363711962,0.01342349030556815,0.14656903982162475,0.19761707186698912,0.0,0.25,0.0,"{""S_nearShelf"": 13, ""S_corridor"": 5, ""B0_cells"": 2}",,0.6799999999999999,0.19894458366193601,0.04448536128234829,0.5999999999999999,0.7699999999999999
aisle,violation,0.05,mlci,20,1.0,0.47000000000000003,0.04701623459816272,0.010513149660756935,0.45,0.49000000000000005,0.2125,0.12612277703578387,0.028201910296306212,0.15535714285714286,0.2571428571428572,,,,,,,,,,,1.8,0.523148363780597,0.11697953037312038,1.6,2.0,9.465155529975892,2.7056700045960493,0.6050062054958935,8.348978488147258,10.721160364747048,,,,,1.8,0.4000000000000001,5.695323946259567e-17,1.273513149771875e-17,0.4000000000000001,0.4000000000000001
aisle,violation,0.1,full,20,2.0,0.5650000000000001,0.12258187382102498,0.027410140267311374,0.52,0.625,0.40714285714285714,0.31567060260210716,0.07058609259166336,0.2785714285714286,0.5404761904761904,0.03858047975591675,0.11219358346775644,0.02508724792732,0.001766217130876866,0.0937758591475601,2.45,4.53611240926343,1.0143055700693377,0.7,4.55,5.2,3.5629674208593687,0.796703735465865,3.75,6.701249999999994,0.13657262325286865,0.06482298584247852,0.014494860284828843,0.10930701673030853,0.16395274996757506,0.0,0.05,0.45,"{""B0_cells"": 5, ""H_null"": 6, ""S_nearShelf"": 7, ""S_corridor"": 1, ""S_memorised"": 1}",,0.5,0.15217718205053643,0.034027852368936025,0.44000000000000006,0.5700000000000001
aisle,violation,0.1,fixed,20,2.0,0.57,0.0656946685331786,0.014689774459950374,0.54,0.5999999999999999,0.22380952380952382,0.20031005921662537,0.04479069089853826,0.13333333333333336,0.3095238095238095,0.0,0.0,0.0,0.0,0.0,0.0,0.0,0.0,0.0,0.0,2.8,1.5078740698501039,0.3371708921694098,2.2,3.4,0.1075279712677002,0.05182317324067027,0.011588013817588678,0.0862241867184639,0.13044463664293288,0.0,0.0,0.0,"{""B0_cells"": 12, ""H_null"": 8}",,0.4000000000000001,5.695323946259567e-17,1.273513149771875e-17,0.4000000000000001,0.4000000000000001
aisle,violation,0.1,oracle,20,2.0,0.5599999999999999,0.1569445091341791,0.03509385911193611,0.5,0.635,0.6952380952380951,0.10636728483854467,0.02378444794810686,0.6571428571428569,0.7452380952380951,0.09990309034601218,0.16148195580339433,0.03610846303160064,0.03621391540828573,0.17163602525071792,0.0,0.0,0.0,0.0,0.0,6.8,1.5078740698501039,0.3371708921694098,6.2,7.4,0.17980273962020873,0.09504536605614408,0.021252789944788925,0.14150024592876434,0.2248656347393989,0.0,0.1,0.0,"{""S_nearShelf"": 17, ""B0_cells"": 1, ""S_corridor"": 2}",,0.6299999999999999,0.1341640786499874,0.03,0.5799999999999998,0.69
aisle,violation,0.1,mlci,20,2.0,0.43000000000000005,0.05712405705774793,0.0127733274731701,0.4050000000000001,0.45499999999999996,0.10000000000000002,0.13981728140845515,0.03126409456585232,0.04285714285714286,0.15714285714285717,,,,,,,,,,,1.4,0.5026246899500346,0.11239029738980327,1.2,1.6,8.728070414066314,4.176912250835367,0.9339859728919534,7.2823479679226875,10.699125217795372,,,,,1.4,0.4000000000000001,5.695323946259567e-17,1.273513149771875e-17,0.4000000000000001,0.4000000000000001
aisle,violation,0.2,full,20,4.0,0.555,0.11909748329127609,0.02663100685884387,0.5149999999999999,0.615,0.44523809523809527,0.30832619668345435,0.06894383350281741,0.3119047619047619,0.5833333333333333,0.02923702710029945,0.09780922331008232,0.021870807214780106,0.0009194676461876575,0.07808120539305927,2.15,4.029823033857755,0.9010958241000376,0.7,4.051249999999993,5.15,3.199917762101165,0.7155233638467204,3.75,6.55,0.141283118724823,0.07469708286244893,0.016702775500137036,0.11180937141180039,0.1750459915399551,0.0,0.05,0.5,"{""B0_cells"": 5, ""H_null"": 5, ""S_nearShelf"": 9, ""S_corridor"": 1}",,0.5199999999999999,0.15078740698501036,0.03371708921694098,0.4600000000000001,0.5900000000000001
aisle,violation,0.2,fixed,20,4.0,0.565,0.06708203932499367,0.014999999999999994,0.535,0.595,0.20714285714285716,0.2045403009039479,0.04573660169594892,0.1166666666666667,0.29761904761904756,0.0,0.0,0.0,0.0,0.0,0.0,0.0,0.0,0.0,0.0,2.65,1.5312533566021211,0.3423986596137069,2.05,3.25,0.1016015887260437,0.045790739598043056,0.010239120648121566,0.08234490305185319,0.12249158322811123,0.0,0.0,0.0,"{""B0_cells"": 11, ""H_null"": 9}",,0.4000000000000001,5.695323946259567e-17,1.273513149771875e-17,0.4000000000000001,0.4000000000000001
aisle,violation,0.2,oracle,20,4.0,0.545,0.12343760409722458,0.02760148737411007,0.5,0.605,0.6935897435897435,0.0786908875753571,0.017595817382829206,0.6666666666666665,0.732051282051282,0.0556023996754489,0.10596104400199013,0.023693609735529628,0.017059675722413237,0.10726269242507265,0.0,0.0,0.0,0.0,0.0,6.65,1.5312533566021211,0.3423986596137069,6.05,7.25,0.16648021936416627,0.08082617137923914,0.018073281356502664,0.13440394282341003,0.20452120661735534,0.0,0.05,0.0,"{""S_nearShelf"": 17, ""S_noShelfInteractWithCart"": 2, ""S_corridor"": 1}",,0.6599999999999999,0.1465390194130093,0.03276712087636501,0.5999999999999999,0.72
aisle,violation,0.2,mlci,20,4.0,0.4050000000000001,0.022360679774997894,0.004999999999999999,0.4000000000000001,0.41500000000000015,0.014285714285714287,0.063887656499994,0.014285714285714289,0.0,0.04285714285714286,,,,,,,,,,,1.1,0.30779350562554625,0.06882472016116853,1.0,1.25,7.336678910255432,2.9605861855397033,0.6620071964113581,6.295313197076321,8.802305595576762,,,,,1.1,0.4000000000000001,5.695323946259567e-17,1.273513149771875e-17,0.4000000000000001,0.4000000000000001
aisle,violation,0.3,full,20,6.0,0.56,0.11876558069531229,0.0265567911821955,0.5199999999999999,0.62,0.3952380952380953,0.31363188616448956,0.07013022173752743,0.26666666666666666,0.5333333333333332,0.019766944161264132,0.07994403773954734,0.017876030278143645,3.5406530620484576e-05,0.05712356446343556,1.3,3.147262804071935,0.7037493572961447,0.34875000000000006,2.8,4.0,2.406132515928939,0.5380275868489703,3.0,5.05,0.11208168268203736,0.05044760899911017,0.011280428302434045,0.0909186726808548,0.13503103792667384,0.0,0.05,0.4,"{""B0_cells"": 6, ""H_null"": 6, ""S_nearShelf"": 7, ""S_corridor"": 1}",,0.5,0.15217718205053643,0.034027852368936025,0.44000000000000006,0.5700000000000001
aisle,violation,0.3,fixed,20,6.0,0.545,0.06048053188292993,0.013523858060557467,0.52,0.57,0.14523809523809525,0.18951826795087248,0.04237757301161706,0.06666666666666668,0.2261904761904762,0.0,0.0,0.0,0.0,0.0,0.0,0.0,0.0,0.0,0.0,2.2,1.5078740698501039,0.3371708921694098,1.6,2.8,0.08928868770599366,0.04644490633416058,0.010385396777179362,0.06980006903409959,0.10963923454284667,0.0,0.0,0.0,"{""B0_cells"": 8, ""H_null"": 12}",,0.4000000000000001,5.695323946259567e-17,1.273513149771875e-17,0.4000000000000001,0.4000000000000001
aisle,violation,0.3,oracle,20,6.0,0.545,0.12343760409722458,0.02760148737411007,0.5,0.6050000000000001,0.6836996336996336,0.08107772804425603,0.018129531136819754,0.6571428571428569,0.7238095238095237,0.04275416702398237,0.09323889759464331,0.020848851316876405,0.008138631982503246,0.08963032426789515,0.0,0.0,0.0,0.0,0.0,6.2,1.5078740698501039,0.3371708921694098,5.6,6.8,0.1705619215965271,0.06804047294493025,0.015214312272609934,0.14239527344703676,0.20122079581022265,0.0,0.05,0.0,"{""S_nearShelf"": 17, ""B0_cells"": 1, ""S_noShelfInteractWithCart"": 1, ""S_corridor"": 1}",,0.6299999999999999,0.1341640786499874,0.03,0.5799999999999998,0.7
aisle,violation,0.3,mlci,20,6.0,0.4000000000000001,5.695323946259567e-17,1.273513149771875e-17,0.4000000000000001,0.4000000000000001,0.0,0.0,0.0,0.0,0.0,,,,,,,,,,,1.1,0.3077935056255462,0.06882472016116851,1.0,1.25,8.168223309516907,5.734971646087255,1.2823786449684966,6.473011181056499,10.983044874668119,,,,,1.1,0.4000000000000001,5.695323946259567e-17,1.273513149771875e-17,0.4000000000000001,0.4000000000000001
