sequence,t,demo,demo_context,P_intended,P_alternative,P_others,entropy,log_posterior_odds_int_vs_alt,log_bayes_factor_int_vs_alt,map_id,accuracy,violation_f1,seed
long_control,0,,,0.015625283961541555,0.11545609975355191,0.8689186162849066,2.160749958207255,-2.0,0.0,H_null,0.4,0.0,0
long_control,1,D1,apple+milk | cart=station,0.11177562111545339,0.7249679763857967,0.16325640249874995,0.7741809258748776,-1.8696340044351953,0.1303659955648051,A0_any_to_last,0.8,0.8,0
long_control,2,D2,bread+eggs | cart=station,0.13120658133112756,0.7444301393023326,0.12436327936653979,0.74542783466867,-1.7358459741589707,0.2641540258410302,A0_any_to_last,0.8,0.8,0
long_control,3,D3,apple+bread+milk | cart=station,0.152100951894343,0.7544963540160216,0.09340269408963542,0.7204258126404098,-1.6015059882870508,0.39849401171294474,A0_any_to_last,0.8,0.8,0
long_control,4,D4,apple+eggs | cart=station,0.17435904635899574,0.7562519601522711,0.06938899348873317,0.7009561389051279,-1.4672579433028141,0.532742056697181,A0_any_to_last,0.8,0.8,0
long_control,5,D5,eggs+milk | cart=station,0.19800255272938092,0.7509278016738954,0.05106964559672367,0.6876703246889166,-1.333029587705556,0.6669704122944466,A0_any_to_last,0.8,0.8,0
long_control,6,D6,bread | cart=station,0.223072357081124,0.7396523490951655,0.03727529382371053,0.6803412557141626,-1.1986840872417481,0.8013159127582412,A0_any_to_last,0.8,0.8,0
long_control,7,D7,bread+eggs | cart=station,0.24954008154696777,0.7234401404989137,0.027019777954118585,0.6781736338509616,-1.064398256869711,0.9356017431302917,A0_any_to_last,0.8,0.8,0
long_control,8,D8,apple | cart=station,0.2774084854682073,0.7031314417434702,0.019460072788322513,0.6800227219150266,-0.930052750241666,1.0699472497583287,A0_any_to_last,0.8,0.8,0
long_control,9,D9,milk | cart=station,0.3066105270369635,0.6794546363874309,0.01393483657560568,0.6846018317718612,-0.7957121704724197,1.2042878295275727,A0_any_to_last,0.8,0.8,0
long_control,10,D10,eggs | cart=station,0.3370332021275159,0.6530402873785751,0.009926510493908913,0.6906061924823642,-0.6614573750728447,1.3385426249271575,A0_any_to_last,0.8,0.8,0
long_control,11,D11,apple | cart=station,0.3685801746890234,0.6243868491227991,0.007032976188177553,0.6968191942841042,-0.5271118684415756,1.4728881315584204,A0_any_to_last,0.8,0.8,0
long_control,12,D12,eggs | cart=station,0.4010375341883139,0.594003800625203,0.0049586651864831355,0.7021403414750015,-0.392830693307761,1.6071693066922421,A0_any_to_last,0.8,0.8,0
long_control,13,D13,apple+bread+eggs | cart=station,0.4342185902917154,0.5623029902341249,0.003478419474159722,0.7056461812640629,-0.25849276157583256,1.741507238424191,A0_any_to_last,0.8,0.8,0
long_control,14,D14,bread+eggs | cart=station,0.46785887472833154,0.5297128328020443,0.0024282924696241714,0.7065902124492829,-0.12416833408761008,1.8758316659123864,A0_any_to_last,0.8,0.8,0
long_control,15,D15,apple+eggs | cart=station,0.5016939840046463,0.4966189886766339,0.001687027318719836,0.7044218367801237,0.010167230487351908,2.0101672304873546,H_int,1.0,1.0,0
long_control,16,D16,bread+eggs+milk | cart=station,0.5354374761961224,0.46339600958230487,0.0011665142215727675,0.6987825020369467,0.14450212447946198,2.144502124479459,H_int,1.0,1.0,0
long_control,17,D17,apple+bread+eggs | cart=station,0.5688052402170627,0.4303919066067964,0.0008028531761409274,0.6894977020713742,0.27884188688661116,2.2788418868866245,H_int,1.0,1.0,0
long_control,18,D18,apple+bread | cart=station,0.6015208571763669,0.39792908735309857,0.000550055470534494,0.6765621978469869,0.41318739315580677,2.413187393155823,H_int,1.0,1.0,0
long_control,19,D19,apple+eggs+milk | cart=station,0.6333241377429097,0.36630065427508773,0.00037520798200252337,0.6601210173480596,0.5475279010717657,2.5475279010717884,H_int,1.0,1.0,0
long_control,20,D20,apple+eggs | cart=station,0.6639855635892407,0.33575957763842357,0.00025485877233577536,0.6404421336279573,0.6818650465600897,2.681865046560091,H_int,1.0,1.0,0
long_control,21,D21,bread | cart=station,0.6933118020977347,0.3065157917336829,0.00017240616858243962,0.6178877383319312,0.8162105520440437,2.816210552044055,H_int,1.0,1.0,0
long_control,22,D22,bread+eggs+milk | cart=station,0.721141383106517,0.2787424344611617,0.00011618243232131009,0.5928925319736789,0.9505470296759402,2.9505470296759597,H_int,1.0,1.0,0
long_control,23,D23,bread+eggs | cart=station,0.7473576441689226,0.25256434548113693,7.801034994048273e-05,0.5659280411606695,1.084877794705457,3.0848777947054487,H_int,1.0,1.0,0
long_control,0,,,0.015625283961541555,0.11545609975355191,0.8689186162849066,2.160749958207255,-2.0,0.0,H_null,0.4,0.0,1
long_control,1,D1,apple+milk | cart=station,0.11177562111545339,0.7249679763857967,0.16325640249874995,0.7741809258748776,-1.8696340044351953,0.1303659955648051,A0_any_to_last,0.8,0.8,1
long_control,2,D2,bread+eggs | cart=station,0.13120658133112756,0.7444301393023326,0.12436327936653979,0.74542783466867,-1.7358459741589707,0.2641540258410302,A0_any_to_last,0.8,0.8,1
long_control,3,D3,apple+bread+milk | cart=station,0.152100951894343,0.7544963540160216,0.09340269408963542,0.7204258126404098,-1.6015059882870508,0.39849401171294474,A0_any_to_last,0.8,0.8,1
long_control,4,D4,apple+eggs | cart=station,0.17435904635899574,0.7562519601522711,0.06938899348873317,0.7009561389051279,-1.4672579433028141,0.532742056697181,A0_any_to_last,0.8,0.8,1
long_control,5,D5,milk | cart=station,0.19802116194135336,0.7509211793521764,0.05105765870647028,0.6876629068185892,-1.332926788522844,0.6670732114771525,A0_any_to_last,0.8,0.8,1
long_control,6,D6,bread+eggs | cart=station,0.22307463107710812,0.7396511104765053,0.03727425844638654,0.6803408879382954,-1.1986722187128271,0.8013277812871706,A0_any_to_last,0.8,0.8,1
long_control,7,D7,apple+eggs | cart=station,0.2495472980440625,0.7234352290104085,0.02701747294552903,0.6781737372610714,-1.064362549000759,0.9356374509992378,A0_any_to_last,0.8,0.8,1
long_control,8,D8,eggs | cart=station,0.2773938229559469,0.7031428380349614,0.019463339009091696,0.6800208007698718,-0.930121814730485,1.0698781852695163,A0_any_to_last,0.8,0.8,1
long_control,9,D9,apple+eggs+milk | cart=station,0.30659387972249774,0.6794687008851683,0.01393741939233395,0.6845986236108679,-0.7957871660788411,1.2042128339211615,A0_any_to_last,0.8,0.8,1
long_control,10,D10,apple+eggs | cart=station,0.3370328788899209,0.6530405753139338,0.00992654579614538,0.6906061264645331,-0.6614587750558742,1.338541224944123,A0_any_to_last,0.8,0.8,1
long_control,11,D11,apple+milk | cart=station,0.36857970232978987,0.624387285695222,0.007033011974988179,0.6968191058427904,-0.5271138492083831,1.4728861507916093,A0_any_to_last,0.8,0.8,1
long_control,12,D12,bread+eggs+milk | cart=station,0.4010485097546215,0.5939934013953613,0.00495808885001725,0.702141894537852,-0.39278581859220996,1.6072141814077838,A0_any_to_last,0.8,0.8,1
long_control,13,D13,bread | cart=station,0.4342316495098074,0.562290410120826,0.00347794036936655,0.705647120137673,-0.2584403140797664,1.7415596859202367,A0_any_to_last,0.8,0.8,1
long_control,14,D14,apple+eggs | cart=station,0.467873793491429,0.5296982982266574,0.0024279082819136377,0.7065899955124153,-0.12410900831095883,1.8758909916890616,A0_any_to_last,0.8,0.8,1
long_control,15,D15,apple+bread | cart=station,0.5017114298690312,0.4966018586218767,0.0016867115090921092,0.7044198634437207,0.010236497747875717,2.010236497747883,H_int,1.0,1.0,1
long_control,16,D16,apple+bread | cart=station,0.5354574556857964,0.4633762852287548,0.0011662590854488175,0.6987780872599321,0.1445820038067107,2.144582003806704,H_int,1.0,1.0,1
long_control,17,D17,apple+bread+milk | cart=station,0.5688262526584678,0.4303710840998233,0.0008026632417089674,0.6894906484072094,0.2789272090790895,2.278927209079086,H_int,1.0,1.0,1
long_control,18,D18,apple | cart=station,0.6015413705323887,0.39790870568781095,0.0005499237798003986,0.6765528540462,0.4132727157112739,2.4132727157112868,H_int,1.0,1.0,1
long_control,19,D19,bread+eggs | cart=station,0.6333393899807973,0.3662854719720216,0.00037513804718108945,0.6601121844049551,0.5475934321260847,2.547593432126064,H_int,1.0,1.0,1
long_control,20,D20,bread | cart=station,0.6640020766607742,0.33574311871233026,0.00025480462689558836,0.640430484376529,0.6819389370516782,2.681938937051683,H_int,1.0,1.0,1
long_control,21,D21,apple+bread+milk | cart=station,0.6933274769983567,0.3065001537067813,0.00017236929486197372,0.6178746678002232,0.8162841804881409,2.816284180488168,H_int,1.0,1.0,1
long_control,22,D22,bread+eggs+milk | cart=station,0.7211553891104864,0.2787284521818546,0.00011615870765901981,0.5928790334730077,0.9506166147446797,2.9506166147446606,H_int,1.0,1.0,1
long_control,23,D23,bread+milk | cart=station,0.7473734233236511,0.2525485855928927,7.799108345618588e-05,0.565910766322398,1.0849613091849624,3.084961309184962,H_int,1.0,1.0,1
long_control,0,,,0.015625283961541555,0.11545609975355191,0.8689186162849066,2.160749958207255,-2.0,0.0,H_null,0.4,0.0,2
long_control,1,D1,apple+milk | cart=station,0.11177562111545339,0.7249679763857967,0.16325640249874995,0.7741809258748776,-1.8696340044351953,0.1303659955648051,A0_any_to_last,0.8,0.8,2
long_control,2,D2,bread+eggs | cart=station,0.13120658133112756,0.7444301393023326,0.12436327936653979,0.74542783466867,-1.7358459741589707,0.2641540258410302,A0_any_to_last,0.8,0.8,2
long_control,3,D3,apple+bread+milk | cart=station,0.152100951894343,0.7544963540160216,0.09340269408963542,0.7204258126404098,-1.6015059882870508,0.39849401171294474,A0_any_to_last,0.8,0.8,2
long_control,4,D4,bread | cart=station,0.1743756631595082,0.7562503507120001,0.06937398612849177,0.700944670345025,-1.4671605174626703,0.5328394825373266,A0_any_to_last,0.8,0.8,2
long_control,5,D5,bread | cart=station,0.19804139157335798,0.7509139793961113,0.05104462903053075,0.6876548404405862,-1.3328150465898698,0.6671849534101355,A0_any_to_last,0.8,0.8,2
long_control,6,D6,bread+eggs | cart=station,0.2230855452845524,0.7396451617738572,0.037269292941590426,0.6803391335630813,-1.198615251037919,0.8013847489620858,A0_any_to_last,0.8,0.8,2
long_control,7,D7,apple+bread+eggs | cart=station,0.24955908280759403,0.7234272058576706,0.027013711334735402,0.6781739135395568,-1.064304235131627,0.9356957648683704,A0_any_to_last,0.8,0.8,2
long_control,8,D8,bread+eggs+milk | cart=station,0.2774189604941686,0.7031233027736042,0.01945773673222717,0.6800240840051871,-0.9300034152758414,1.0699965847241657,A0_any_to_last,0.8,0.8,2
long_control,9,D9,apple+bread+milk | cart=station,0.3066223874261024,0.6794446182446746,0.013932994329222903,0.6846041081780722,-0.7956587444606003,1.2043412555394042,A0_any_to_last,0.8,0.8,2
long_control,10,D10,apple+bread+eggs | cart=station,0.3370615112349544,0.6530150351233288,0.009923453641716762,0.6906121183052907,-0.6613347140862502,1.3386652859137484,A0_any_to_last,0.8,0.8,2
long_control,11,D11,milk | cart=station,0.36860809980637843,0.6243610231720107,0.007030877021610871,0.6968244948422366,-0.5269947443324781,1.4730052556675162,A0_any_to_last,0.8,0.8,2
long_control,12,D12,apple+milk | cart=station,0.4010816454208065,0.5939620019509707,0.004956352628222804,0.7021465979613712,-0.39265033641433833,1.6073496635856657,A0_any_to_last,0.8,0.8,2
long_control,13,D13,apple+bread | cart=station,0.43426538357937644,0.5622579111230817,0.00347670529754196,0.7056495548580186,-0.25830483109008906,1.7416951689098994,A0_any_to_last,0.8,0.8,2
long_control,14,D14,apple+eggs+milk | cart=station,0.4679072841966324,0.5296656661610388,0.00242704964232876,0.7065895256424479,-0.12397582333217017,1.876024176667812,A0_any_to_last,0.8,0.8,2
long_control,15,D15,apple+eggs | cart=station,0.5017387186356422,0.49657506113108807,0.0016862202332696974,0.7044167896586994,0.010344850804623107,2.0103448508046142,H_int,1.0,1.0,2
long_control,16,D16,milk | cart=station,0.5354835243524665,0.463350547484927,0.001165928162606522,0.6987723363170291,0.14468623295404814,2.1446862329540295,H_int,1.0,1.0,2
long_control,17,D17,bread+milk | cart=station,0.5688515759512476,0.43034598830077486,0.000802435747977559,0.6894821540472029,0.27903004029149203,2.2790300402915022,H_int,1.0,1.0,2
long_control,18,D18,eggs | cart=station,0.6015464317831385,0.39790367667694265,0.0005498915399188564,0.6765505500415385,0.41329376816379115,2.4132937681637827,H_int,1.0,1.0,2
long_control,19,D19,bread | cart=station,0.6333500588499482,0.36627485160651674,0.0003750895435350454,0.6601060080624865,0.5476392726031336,2.547639272603135,H_int,1.0,1.0,2
long_control,20,D20,apple+bread+eggs | cart=station,0.6640101812827239,0.3357350404443208,0.00025477827295528055,0.6404247680550612,0.6819752038439373,2.6819752038439333,H_int,1.0,1.0,2
long_control,21,D21,milk | cart=station,0.693334716041522,0.30649293155368207,0.00017235240479596126,0.6178686321661343,0.8163181850206502,2.8163181850206627,H_int,1.0,1.0,2
long_control,22,D22,apple+milk | cart=station,0.7211647630535709,0.27871909399666916,0.00011614294975992312,0.5928699995834961,0.9506631882905952,2.950663188290605,H_int,1.0,1.0,2
long_control,23,D23,bread+eggs+milk | cart=station,0.7473794594879568,0.2525425567647389,7.79837473042777e-05,0.5659041579243749,1.0849932578948494,3.084993257894837,H_int,1.0,1.0,2
long_control,0,,,0.015625283961541555,0.11545609975355191,0.8689186162849066,2.160749958207255,-2.0,0.0,H_null,0.4,0.0,3
long_control,1,D1,apple+milk | cart=station,0.11177562111545339,0.7249679763857967,0.16325640249874995,0.7741809258748776,-1.8696340044351953,0.1303659955648051,A0_any_to_last,0.8,0.8,3
long_control,2,D2,bread+eggs | cart=station,0.13120658133112756,0.7444301393023326,0.12436327936653979,0.74542783466867,-1.7358459741589707,0.2641540258410302,A0_any_to_last,0.8,0.8,3
long_control,3,D3,apple+bread+milk | cart=station,0.152100951894343,0.7544963540160216,0.09340269408963542,0.7204258126404098,-1.6015059882870508,0.39849401171294474,A0_any_to_last,0.8,0.8,3
long_control,4,D4,apple+milk | cart=station,0.17437439238904212,0.7562504737657014,0.0693751338452564,0.7009455476418981,-1.4671679677496243,0.5328320322503757,A0_any_to_last,0.8,0.8,3
long_control,5,D5,eggs | cart=station,0.1979983593679293,0.7509292947602799,0.05107234587179077,0.6876719933580328,-1.3330527545701445,0.6669472454298528,A0_any_to_last,0.8,0.8,3
long_control,6,D6,apple+eggs+milk | cart=station,0.22306386210457937,0.7396569796218617,0.03727915827355888,0.6803426189390691,-1.1987284300657222,0.8012715699342721,A0_any_to_last,0.8,0.8,3
long_control,7,D7,apple | cart=station,0.2495431807562186,0.7234380325261064,0.027018786717674992,0.6781736739644191,-1.0643829234395494,0.9356170765604475,A0_any_to_last,0.8,0.8,3
long_control,8,D8,bread | cart=station,0.2774117403367179,0.7031289138198327,0.019459345843449438,0.6800231413958212,-0.9300374219425316,1.0699625780574706,A0_any_to_last,0.8,0.8,3
long_control,9,D9,apple+milk | cart=station,0.30661474619484413,0.6794510733682884,0.01393418043686756,0.6846026386086116,-0.795693165971044,1.204306834028955,A0_any_to_last,0.8,0.8,3
long_control,10,D10,apple+eggs | cart=station,0.337051804387501,0.6530236936123482,0.009924502000150714,0.6906100877388917,-0.6613767721073138,1.3386232278926968,A0_any_to_last,0.8,0.8,3
long_control,11,D11,bread | cart=station,0.36859939121527396,0.6243690770306687,0.007031531754057352,0.6968228426781495,-0.5270312694997696,1.4729687305002273,A0_any_to_last,0.8,0.8,3
long_control,12,D12,milk | cart=station,0.4010718123305186,0.5939713196244593,0.004956868045022156,0.7021452036344027,-0.39269054034485285,1.6073094596551698,A0_any_to_last,0.8,0.8,3
long_control,13,D13,apple+bread+eggs | cart=station,0.43425141832948133,0.5622713648496601,0.003477216820858553,0.7056485486873758,-0.2583609176860815,1.7416390823139238,A0_any_to_last,0.8,0.8,3
long_control,14,D14,eggs+milk | cart=station,0.46788489731844335,0.5296874786815086,0.0024276240000481453,0.7065898424017427,-0.12406484999433776,1.8759351500056596,A0_any_to_last,0.8,0.8,3
long_control,15,D15,apple | cart=station,0.5017225512644236,0.49659093736565607,0.0016865113699203738,0.7044186115516978,0.010280656636688423,2.010280656636695,H_int,1.0,1.0,3
long_control,16,D16,apple+eggs | cart=station,0.5354643125670316,0.46336951529307885,0.0011661721398895097,0.6987765754353082,0.1446094194999059,2.1446094194998864,H_int,1.0,1.0,3
long_control,17,D17,apple+bread+milk | cart=station,0.568832990778853,0.4303644064487432,0.0008026027724038487,0.6894883888507195,0.2789545708167789,2.2789545708167793,H_int,1.0,1.0,3
long_control,18,D18,apple+milk | cart=station,0.6015478123447213,0.3979023049341921,0.0005498827210865809,0.6765499213947782,0.4132995106120818,2.4132995106120916,H_int,1.0,1.0,3
long_control,19,D19,apple+bread+milk | cart=station,0.6333513136527489,0.3662736025164585,0.00037508383079259966,0.6601052815532825,0.5476446640756452,2.547644664075648,H_int,1.0,1.0,3
long_control,20,D20,apple+bread | cart=station,0.6640135257838419,0.33573170681900516,0.00025476739715296626,0.6404224090346116,0.6819901700364834,2.681990170036471,H_int,1.0,1.0,3
long_control,21,D21,bread+milk | cart=station,0.6933381907836106,0.3064894649163107,0.00017234430007873058,0.6178657349916212,0.816334507369405,2.816334507369419,H_int,1.0,1.0,3
long_control,22,D22,apple+eggs | cart=station,0.7211651159141612,0.27871874172535854,0.00011614236048024251,0.5928696595452455,0.9506649414775987,2.9506649414775836,H_int,1.0,1.0,3
long_control,23,D23,apple+bread+eggs | cart=station,0.7473809893008221,0.2525410287966058,7.798190257213289e-05,0.565902483171121,1.0850013551527415,3.085001355152741,H_int,1.0,1.0,3
long_control,0,,,0.015625283961541555,0.11545609975355191,0.8689186162849066,2.160749958207255,-2.0,0.0,H_null,0.4,0.0,4
long_control,1,D1,apple+milk | cart=station,0.11177562111545339,0.7249679763857967,0.16325640249874995,0.7741809258748776,-1.8696340044351953,0.1303659955648051,A0_any_to_last,0.8,0.8,4
long_control,2,D2,bread+eggs | cart=station,0.13120658133112756,0.7444301393023326,0.12436327936653979,0.74542783466867,-1.7358459741589707,0.2641540258410302,A0_any_to_last,0.8,0.8,4
long_control,3,D3,apple+bread+milk | cart=station,0.152100951894343,0.7544963540160216,0.09340269408963542,0.7204258126404098,-1.6015059882870508,0.39849401171294474,A0_any_to_last,0.8,0.8,4
long_control,4,D4,bread+eggs+milk | cart=station,0.17435771287554253,0.7562520894705617,0.06939019765389587,0.7009570586500806,-1.4672657622476413,0.5327342377523578,A0_any_to_last,0.8,0.8,4
long_control,5,D5,apple+eggs+milk | cart=station,0.19801546605826917,0.7509232068511866,0.05106132709054423,0.6876651762894801,-1.3329582529606694,0.6670417470393346,A0_any_to_last,0.8,0.8,4
long_control,6,D6,apple+eggs+milk | cart=station,0.2230802505225157,0.739648048186622,0.037271701290862325,0.6803399831838772,-1.1986428879638207,0.801357112036186,A0_any_to_last,0.8,0.8,4
long_control,7,D7,apple+bread+milk | cart=station,0.24956024202194096,0.7234264170187282,0.027013340959330834,0.6781739296239219,-1.0642984996728662,0.9357015003271414,A0_any_to_last,0.8,0.8,4
long_control,8,D8,apple+milk | cart=station,0.27742929170912844,0.703115274402341,0.01945543388853055,0.6800254307334976,-0.9299547572695284,1.0700452427304725,A0_any_to_last,0.8,0.8,4
long_control,9,D9,apple+bread | cart=station,0.3066333743943721,0.6794353370142068,0.01393128859142112,0.6846062194606235,-0.7956092527400456,1.20439074725995,A0_any_to_last,0.8,0.8,4
long_control,10,D10,milk | cart=station,0.33707598205447065,0.653002127814408,0.009921890131121325,0.6906151418506978,-0.6612720168167012,1.338727983183304,A0_any_to_last,0.8,0.8,4
long_control,11,D11,apple | cart=station,0.368624369155772,0.6243459775895008,0.007029653254727153,0.6968275777280513,-0.5269265101934915,1.4730734898065094,A0_any_to_last,0.8,0.8,4
long_control,12,D12,bread+eggs+milk | cart=station,0.4010882899354962,0.5939557064169535,0.004956003647550333,0.7021475365594452,-0.392623170786186,1.6073768292138197,A0_any_to_last,0.8,0.8,4
long_control,13,D13,bread+eggs+milk | cart=station,0.43426361114902545,0.5622596186758,0.0034767701751745594,0.7056494269835379,-0.25831194949529657,1.7416880505046777,A0_any_to_last,0.8,0.8,4
long_control,14,D14,bread+eggs | cart=station,0.4678980057405119,0.5296747057327155,0.002427288526772653,0.7065896616862173,-0.12401271963408389,1.8759872803659334,A0_any_to_last,0.8,0.8,4
long_control,15,D15,apple+eggs+milk | cart=station,0.5017325885568966,0.49658108031214215,0.0016863311309612272,0.7044174834765531,0.010320511739982052,2.010320511739991,H_int,1.0,1.0,4
long_control,16,D16,apple+eggs+milk | cart=station,0.5354756026775903,0.4633583681452901,0.0011660291771196096,0.6987740869137126,0.14465456099225937,2.144654560992251,H_int,1.0,1.0,4
long_control,17,D17,apple+bread+eggs | cart=station,0.5688412557429262,0.4303562154746468,0.0008025287824269811,0.6894856181676837,0.2789881332247912,2.2789881332247717,H_int,1.0,1.0,4
long_control,18,D18,eggs+milk | cart=station,0.6015461848704518,0.39790392226370136,0.0005498928658468905,0.6765506608192541,0.41329274049914355,2.413292740499145,H_int,1.0,1.0,4
long_control,19,D19,bread+eggs | cart=station,0.6333435800300803,0.36628130124322145,0.00037511872669826474,0.6601097569236759,0.5476114345256677,2.5476114345256633,H_int,1.0,1.0,4
long_control,20,D20,apple+milk | cart=station,0.6640059984029275,0.33573920990646117,0.00025479169061132234,0.6404277170240554,0.6819564855733433,2.6819564855733518,H_int,1.0,1.0,4
long_control,21,D21,apple+bread+milk | cart=station,0.6933312084635244,0.3064964310722091,0.00017236046426655216,0.6178715557490024,0.8163017081343633,2.816301708134347,H_int,1.0,1.0,4
long_control,22,D22,bread+milk | cart=station,0.7211613583351597,0.27872249308291613,0.00011614858192415811,0.5928732801308558,0.9506462718322277,2.9506462718322553,H_int,1.0,1.0,4
long_control,23,D23,bread | cart=station,0.7473791796683132,0.25254283629398033,7.798403770642448e-05,0.5659044638739755,1.0849917766344075,3.0849917766344106,H_int,1.0,1.0,4
long_control,0,,,0.015625283961541555,0.11545609975355191,0.8689186162849066,2.160749958207255,-2.0,0.0,H_null,0.4,0.0,5
long_control,1,D1,apple+milk | cart=station,0.11177562111545339,0.7249679763857967,0.16325640249874995,0.7741809258748776,-1.8696340044351953,0.1303659955648051,A0_any_to_last,0.8,0.8,5
long_control,2,D2,bread+eggs | cart=station,0.13120658133112756,0.7444301393023326,0.12436327936653979,0.74542783466867,-1.7358459741589707,0.2641540258410302,A0_any_to_last,0.8,0.8,5
long_control,3,D3,apple+bread+milk | cart=station,0.152100951894343,0.7544963540160216,0.09340269408963542,0.7204258126404098,-1.6015059882870508,0.39849401171294474,A0_any_to_last,0.8,0.8,5
long_control,4,D4,eggs+milk | cart=station,0.17434664877635989,0.75625316021507,0.06940019100857009,0.7009646940231532,-1.467330636438736,0.5326693635612614,A0_any_to_last,0.8,0.8,5
long_control,5,D5,apple | cart=station,0.19801060050761718,0.7509249377226214,0.05106446176976143,0.6876671174384773,-1.3329851298199884,0.6670148701800116,A0_any_to_last,0.8,0.8,5
long_control,6,D6,bread+eggs | cart=station,0.22306666692996696,0.7396554492557832,0.03727788381424979,0.6803421733535091,-1.1987137870299018,0.8012862129700977,A0_any_to_last,0.8,0.8,5
long_control,7,D7,apple+bread+milk | cart=station,0.24954597975764953,0.7234361255865938,0.027017894655756658,0.678173720502915,-1.0643690710572349,0.9356309289427713,A0_any_to_last,0.8,0.8,5
long_control,8,D8,apple+bread+milk | cart=station,0.277414515627957,0.7031267560962633,0.019458728275779658,0.6800235071468985,-0.9300243490111524,1.0699756509888516,A0_any_to_last,0.8,0.8,5
long_control,9,D9,apple+eggs+milk | cart=station,0.3066138808659023,0.6794518034819573,0.013934315652140428,0.6846024756437166,-0.7956970627410835,1.204302937258916,A0_any_to_last,0.8,0.8,5
long_control,10,D10,apple+eggs | cart=station,0.33705146952287757,0.6530239912156399,0.009924539261482512,0.6906100222654437,-0.6613782213497807,1.3386217786502073,A0_any_to_last,0.8,0.8,5
long_control,11,D11,eggs+milk | cart=station,0.3685865315902921,0.6243809698812826,0.007032498528425357,0.6968204021253519,-0.5270852055247608,1.4729147944752299,A0_any_to_last,0.8,0.8,5
long_control,12,D12,bread+eggs+milk | cart=station,0.4010549184604534,0.5939873286848537,0.0049577528546929095,0.7021428036704846,-0.3927596152587549,1.6072403847412318,A0_any_to_last,0.8,0.8,5
long_control,13,D13,apple+eggs+milk | cart=station,0.4342358198654695,0.5622863928721396,0.0034777872623910078,0.7056474192504294,-0.258423565674617,1.7415764343253954,A0_any_to_last,0.8,0.8,5
long_control,14,D14,bread+milk | cart=station,0.4678812821855288,0.5296910016434386,0.0024277161710325457,0.7065898902386369,-0.12407922756520184,1.875920772434796,A0_any_to_last,0.8,0.8,5
long_control,15,D15,milk | cart=station,0.5017182354576154,0.4965951757956458,0.0016865887467387708,0.7044190957778467,0.010263519604157167,2.010263519604166,H_int,1.0,1.0,5
long_control,16,D16,bread+milk | cart=station,0.5354639288389165,0.46336989444252036,0.0011661767185631722,0.6987766583281239,0.14460788462886232,2.1446078846288685,H_int,1.0,1.0,5
long_control,17,D17,apple+eggs | cart=station,0.5688290471615919,0.43036831494982647,0.0008026378885816476,0.6894897095972047,0.27893855617212715,2.2789385561721076,H_int,1.0,1.0,5
long_control,18,D18,bread+eggs+milk | cart=station,0.601540370145464,0.3979096999281486,0.0005499299263873603,0.6765533079470263,0.41326855400928686,2.4132685540093064,H_int,1.0,1.0,5
long_control,19,D19,bread+eggs+milk | cart=station,0.6333408497278655,0.3662840190404479,0.00037513123168658735,0.6601113381355743,0.5475997036375331,2.5475997036375304,H_int,1.0,1.0,5
long_control,20,D20,apple+bread+eggs | cart=station,0.6640017567912774,0.3357434376447241,0.00025480556399853915,0.6404307092396804,0.6819375053925496,2.6819375053925683,H_int,1.0,1.0,5
long_control,21,D21,milk | cart=station,0.6933267943363605,0.30650083484193896,0.00017237082170057372,0.6178752364711362,0.8162809735735972,2.816280973573612,H_int,1.0,1.0,5
long_control,22,D22,bread+eggs+milk | cart=station,0.7211548277619911,0.27872901260638017,0.00011615963162869836,0.5928795742906343,0.9506138256978192,2.950613825697843,H_int,1.0,1.0,5
long_control,23,D23,bread+milk | cart=station,0.7473729012928694,0.25254910700242456,7.799170470607075e-05,0.5659113377263164,1.0849585461086537,3.0849585461086804,H_int,1.0,1.0,5
long_control,0,,,0.015625283961541555,0.11545609975355191,0.8689186162849066,2.160749958207255,-2.0,0.0,H_null,0.4,0.0,6
long_control,1,D1,apple+milk | cart=station,0.11177562111545339,0.7249679763857967,0.16325640249874995,0.7741809258748776,-1.8696340044351953,0.1303659955648051,A0_any_to_last,0.8,0.8,6
long_control,2,D2,bread+eggs | cart=station,0.13120658133112756,0.7444301393023326,0.12436327936653979,0.74542783466867,-1.7358459741589707,0.2641540258410302,A0_any_to_last,0.8,0.8,6
long_control,3,D3,apple+bread+milk | cart=station,0.152100951894343,0.7544963540160216,0.09340269408963542,0.7204258126404098,-1.6015059882870508,0.39849401171294474,A0_any_to_last,0.8,0.8,6
long_control,4,D4,apple+eggs+milk | cart=station,0.17436405741841726,0.756251474782383,0.06938446779919971,0.7009526809303642,-1.4672285620180765,0.5327714379819213,A0_any_to_last,0.8,0.8,6
long_control,5,D5,apple | cart=station,0.1980290791070654,0.750918361528665,0.05105255936426967,0.6876597506108548,-1.332883055413716,0.667116944586283,A0_any_to_last,0.8,0.8,6
long_control,6,D6,bread+eggs | cart=station,0.22307950005686186,0.7396484566700119,0.037272043273126276,0.680340105463137,-1.1986468043427716,0.801353195657228,A0_any_to_last,0.8,0.8,6
long_control,7,D7,apple+bread+eggs | cart=station,0.24955396337319885,0.7234306915262242,0.027015345100576904,0.6781738360525575,-1.0643295675190823,0.9356704324809186,A0_any_to_last,0.8,0.8,6
long_control,8,D8,bread+eggs | cart=station,0.27741017047750066,0.7031301321318518,0.019459697390647457,0.680022942433941,-0.9300448136080024,1.0699551863919936,A0_any_to_last,0.8,0.8,6
long_control,9,D9,bread | cart=station,0.3066133816263181,0.6794522248904148,0.013934393483267082,0.6846023809237622,-0.7956993111959689,1.2043006888040253,A0_any_to_last,0.8,0.8,6
long_control,10,D10,apple+bread | cart=station,0.33705710462625216,0.653018964998392,0.009923930375355883,0.690611199950183,-0.6613538058043766,1.3386461941956185,A0_any_to_last,0.8,0.8,6
long_control,11,D11,bread+eggs | cart=station,0.36859384959851965,0.6243742007587225,0.007031949642757773,0.6968217967873382,-0.5270545100816992,1.4729454899183025,A0_any_to_last,0.8,0.8,6
long_control,12,D12,bread+eggs | cart=station,0.40105815246087584,0.5939842636323377,0.004957583906786467,0.7021432652627154,-0.3927463914122056,1.607253608587797,A0_any_to_last,0.8,0.8,6
long_control,13,D13,apple+eggs | cart=station,0.43423723605894937,0.5622850285165574,0.0034777354244932557,0.7056475215962614,-0.25841787788800463,1.7415821221119927,A0_any_to_last,0.8,0.8,6
long_control,14,D14,apple+milk | cart=station,0.4678828612290474,0.5296894630889007,0.002427675682051933,0.7065898681128426,-0.1240729480594247,1.8759270519405788,A0_any_to_last,0.8,0.8,6
long_control,15,D15,bread+milk | cart=station,0.5017202114277646,0.49659323541844724,0.001686553153788184,0.7044188731410566,0.010271365372275465,2.01027136537229,H_int,1.0,1.0,6
long_control,16,D16,apple | cart=station,0.5354661766735785,0.46336767515447125,0.0011661481719502098,0.6987761624174067,0.1446168720037737,2.1446168720037804,H_int,1.0,1.0,6
long_control,17,D17,apple+bread+eggs | cart=station,0.5688324244364505,0.43036496800168916,0.0008026075618602913,0.6894885769332549,0.2789522703642566,2.2789522703642433,H_int,1.0,1.0,6
long_control,18,D18,apple+bread+milk | cart=station,0.6015473146123252,0.39790279969865533,0.0005498856890194248,0.6765501466483753,0.41329743976099165,2.4132974397609814,H_int,1.0,1.0,6
long_control,19,D19,apple | cart=station,0.6333509139739663,0.36627400052014264,0.000375085505891104,0.6601055119662614,0.5476429463927377,2.5476429463927275,H_int,1.0,1.0,6
long_control,20,D20,bread+milk | cart=station,0.6640128923279761,0.33573233831477167,0.00025476935725221583,0.6404228551252676,0.6819873351038206,2.681987335103827,H_int,1.0,1.0,6
long_control,21,D21,bread+eggs+milk | cart=station,0.6933343431566004,0.3064933036718725,0.0001723531715271398,0.6178689422963775,0.8163164330908121,2.816316433090833,H_int,1.0,1.0,6
long_control,22,D22,apple+bread | cart=station,0.7211645116876363,0.2787193450099597,0.00011614330240400372,0.5928702412923623,0.9506619391394917,2.9506619391395077,H_int,1.0,1.0,6
long_control,23,D23,apple+eggs+milk | cart=station,0.7473806478522695,0.25254136988659553,7.798226113492346e-05,0.5659028565408734,1.0849995476614707,3.084999547661454,H_int,1.0,1.0,6
long_control,0,,,0.015625283961541555,0.11545609975355191,0.8689186162849066,2.160749958207255,-2.0,0.0,H_null,0.4,0.0,7
long_control,1,D1,apple+milk | cart=station,0.11177562111545339,0.7249679763857967,0.16325640249874995,0.7741809258748776,-1.8696340044351953,0.1303659955648051,A0_any_to_last,0.8,0.8,7
long_control,2,D2,bread+eggs | cart=station,0.13120658133112756,0.7444301393023326,0.12436327936653979,0.74542783466867,-1.7358459741589707,0.2641540258410302,A0_any_to_last,0.8,0.8,7
long_control,3,D3,apple+bread+milk | cart=station,0.152100951894343,0.7544963540160216,0.09340269408963542,0.7204258126404098,-1.6015059882870508,0.39849401171294474,A0_any_to_last,0.8,0.8,7
long_control,4,D4,milk | cart=station,0.17437079330907898,0.7562508223830954,0.06937838430782561,0.7009480319221367,-1.4671890689009275,0.5328109310990712,A0_any_to_last,0.8,0.8,7
long_control,5,D5,bread | cart=station,0.19803622473461582,0.7509158183294014,0.05104795693598285,0.6876569011979383,-1.332843585545064,0.6671564144549365,A0_any_to_last,0.8,0.8,7
long_control,6,D6,bread+eggs+milk | cart=station,0.22309066805474442,0.7396423697437055,0.037266962201550125,0.6803383094034401,-1.1985885132159764,0.8014114867840192,A0_any_to_last,0.8,0.8,7
long_control,7,D7,apple+bread | cart=station,0.24957145625669236,0.723418781416005,0.027009762327302567,0.6781740990338937,-1.0642430098693882,0.9357569901306135,A0_any_to_last,0.8,0.8,7
long_control,8,D8,milk | cart=station,0.2774388528046298,0.7031078437759462,0.019453303419423973,0.6800266789660262,-0.9299097264797833,1.070090273520222,A0_any_to_last,0.8,0.8,7
long_control,9,D9,apple+eggs+milk | cart=station,0.30663626893819307,0.6794328916143761,0.013930839447430787,0.6846067764824391,-0.7955962138585551,1.2044037861414552,A0_any_to_last,0.8,0.8,7
long_control,10,D10,eggs+milk | cart=station,0.3370604658253174,0.6530159674380288,0.009923566736653844,0.6906119004311134,-0.6613392433375398,1.338660756662449,A0_any_to_last,0.8,0.8,7
long_control,11,D11,bread+eggs | cart=station,0.36859652826335476,0.6243717237719767,0.007031747964668544,0.6968223037865597,-0.5270432756960131,1.472956724303998,A0_any_to_last,0.8,0.8,7
long_control,12,D12,apple | cart=station,0.40107004405921265,0.5939729945353458,0.004956961405441551,0.7021449560721282,-0.392697769066622,1.607302230933385,A0_any_to_last,0.8,0.8,7
long_control,13,D13,bread+eggs+milk | cart=station,0.43424752280599227,0.5622751171257004,0.0034773600683072337,0.7056482707244651,-0.2583765617933329,1.741623438206659,A0_any_to_last,0.8,0.8,7
long_control,14,D14,apple+bread+milk | cart=station,0.4678932810114959,0.5296793097042066,0.0024274092842974104,0.7065897260510594,-0.12403150949631847,1.8759684905036806,A0_any_to_last,0.8,0.8,7
long_control,15,D15,eggs | cart=station,0.5017120607830985,0.4966012388976304,0.001686700319271095,0.7044197933703448,0.010239003201446994,2.0102390032014625,H_int,1.0,1.0,7
long_control,16,D16,apple+bread | cart=station,0.5354580822588934,0.4633756664945528,0.00116625124655384,0.6987779497541413,0.14458450924480326,2.144584509244794,H_int,1.0,1.0,7
long_control,17,D17,bread+eggs+milk | cart=station,0.5688232073250433,0.4303741019788222,0.0008026906961344782,0.689491670350833,0.27891484310296644,2.2789148431029673,H_int,1.0,1.0,7
long_control,18,D18,bread+eggs+milk | cart=station,0.601535027381698,0.3979150082627507,0.0005499643555513245,0.6765557425712507,0.41324633170376934,2.4132463317037605,H_int,1.0,1.0,7
long_control,19,D19,apple+eggs | cart=station,0.633336328156129,0.36628851977678933,0.0003751520670817188,0.6601139575310049,0.5475802768898923,2.5475802768898745,H_int,1.0,1.0,7
long_control,20,D20,apple | cart=station,0.6639991371438384,0.3357460486041017,0.0002548142520599206,0.6404325580714934,0.6819257835227601,2.6819257835227575,H_int,1.0,1.0,7
long_control,21,D21,apple+eggs+milk | cart=station,0.6933233804023893,0.3065042406827378,0.00017237891487292822,0.6178780837368202,0.8162649376220541,2.8162649376220656,H_int,1.0,1.0,7
long_control,22,D22,eggs+milk | cart=station,0.7211489649396499,0.2787348654417392,0.00011616961861093955,0.5928852252138537,0.9505846978162245,2.9505846978162253,H_int,1.0,1.0,7
long_control,23,D23,apple+bread | cart=station,0.7473675464024285,0.25255445530952164,7.799828804982978e-05,0.565917200696078,1.0849302040603028,3.0849302040602993,H_int,1.0,1.0,7
long_control,0,,,0.015625283961541555,0.11545609975355191,0.8689186162849066,2.160749958207255,-2.0,0.0,H_null,0.4,0.0,8
long_control,1,D1,apple+milk | cart=station,0.11177562111545339,0.7249679763857967,0.16325640249874995,0.7741809258748776,-1.8696340044351953,0.1303659955648051,A0_any_to_last,0.8,0.8,8
long_control,2,D2,bread+eggs | cart=station,0.13120658133112756,0.7444301393023326,0.12436327936653979,0.74542783466867,-1.7358459741589707,0.2641540258410302,A0_any_to_last,0.8,0.8,8
long_control,3,D3,apple+bread+milk | cart=station,0.152100951894343,0.7544963540160216,0.09340269408963542,0.7204258126404098,-1.6015059882870508,0.39849401171294474,A0_any_to_last,0.8,0.8,8
long_control,4,D4,milk | cart=station,0.17437079330907898,0.7562508223830954,0.06937838430782561,0.7009480319221367,-1.4671890689009275,0.5328109310990712,A0_any_to_last,0.8,0.8,8
long_control,5,D5,bread+eggs+milk | cart=station,0.1980198549117152,0.7509216446882286,0.05105850040005622,0.6876634273952336,-1.332934008685723,0.6670659913142813,A0_any_to_last,0.8,0.8,8
long_control,6,D6,apple+eggs | cart=station,0.2230803641235501,0.739647986620543,0.03727164925590687,0.6803399638735435,-1.198642295488534,0.8013577045114744,A0_any_to_last,0.8,0.8,8
long_control,7,D7,bread+eggs+milk | cart=station,0.24955144083588218,0.7234324103875682,0.027016148776549564,0.6781737933796396,-1.064342051737301,0.9356579482627012,A0_any_to_last,0.8,0.8,8
long_control,8,D8,apple+bread+eggs | cart=station,0.2774157537316992,0.7031257961048198,0.01945845016348091,0.680023660952138,-0.9300185206924803,1.0699814793075149,A0_any_to_last,0.8,0.8,8
long_control,9,D9,apple+eggs | cart=station,0.3066128097420413,0.6794527079120647,0.013934482345894006,0.6846022712773824,-0.7957018872601926,1.2042981127398065,A0_any_to_last,0.8,0.8,8
long_control,10,D10,apple+bread+milk | cart=station,0.3370563688092599,0.6530196212326765,0.00992400995806364,0.6906110464989033,-0.6613569937933228,1.3386430062066808,A0_any_to_last,0.8,0.8,8
long_control,11,D11,apple+eggs | cart=station,0.3685982083769545,0.624370168121634,0.007031623501411399,0.6968226308914425,-0.527036226020801,1.4729637739792025,A0_any_to_last,0.8,0.8,8
long_control,12,D12,apple+bread+milk | cart=station,0.40107163923318195,0.5939714816235946,0.004956879143223514,0.7021451887772787,-0.392691244670786,1.6073087553291998,A0_any_to_last,0.8,0.8,8
long_control,13,D13,apple+eggs+milk | cart=station,0.434251965206626,0.5622708359478024,0.0034771988455716274,0.7056485985605467,-0.25835871767808705,1.7416412823218934,A0_any_to_last,0.8,0.8,8
long_control,14,D14,bread+eggs+milk | cart=station,0.46789217736580646,0.5296803837497969,0.002427438884396671,0.7065897485713941,-0.12403589598024478,1.875964104019772,A0_any_to_last,0.8,0.8,8
long_control,15,D15,eggs | cart=station,0.5017115036757541,0.49660178622076384,0.0016867101034820364,0.7044198546973806,0.010236790650861582,2.0102367906508505,H_int,1.0,1.0,8
long_control,16,D16,apple+bread+eggs | cart=station,0.535455381069303,0.4633783336607113,0.0011662852699856896,0.69877854391094,0.1445737086676755,2.1445737086676786,H_int,1.0,1.0,8
long_control,17,D17,apple+bread+eggs | cart=station,0.5688222612204583,0.43037503983796854,0.0008026989415731434,0.6894919860494889,0.2789110006655653,2.2789110006655733,H_int,1.0,1.0,8
long_control,18,D18,apple+eggs | cart=station,0.6015345655115001,0.397915467399458,0.000549967089041925,0.6765559514346162,0.4132444100286299,2.413244410028625,H_int,1.0,1.0,8
long_control,19,D19,eggs+milk | cart=station,0.6333321262089171,0.36629270249881046,0.00037517129227243595,0.6601163907392896,0.5475622231105359,2.5475622231105604,H_int,1.0,1.0,8
long_control,20,D20,bread+eggs | cart=station,0.6639909363156262,0.3357542224671868,0.00025484121718699626,0.6404383439822237,0.6818890877079973,2.6818890877079866,H_int,1.0,1.0,8
long_control,21,D21,eggs | cart=station,0.6933084954346589,0.30651909061937815,0.000172413945962957,0.6178904954389248,0.8161950201859343,2.8161950201859156,H_int,1.0,1.0,8
long_control,22,D22,apple+eggs+milk | cart=station,0.721139216828742,0.27874459707488036,0.0001161860963775907,0.5928946196278474,0.9505362672783639,2.9505362672783235,H_int,1.0,1.0,8
long_control,23,D23,bread | cart=station,0.7473583958033437,0.25256359474559475,7.800945106151147e-05,0.5659272184621483,1.0848817728844868,3.0848817728845006,H_int,1.0,1.0,8
long_control,0,,,0.015625283961541555,0.11545609975355191,0.8689186162849066,2.160749958207255,-2.0,0.0,H_null,0.4,0.0,9
long_control,1,D1,apple+milk | cart=station,0.11177562111545339,0.7249679763857967,0.16325640249874995,0.7741809258748776,-1.8696340044351953,0.1303659955648051,A0_any_to_last,0.8,0.8,9
long_control,2,D2,bread+eggs | cart=station,0.13120658133112756,0.7444301393023326,0.12436327936653979,0.74542783466867,-1.7358459741589707,0.2641540258410302,A0_any_to_last,0.8,0.8,9
long_control,3,D3,apple+bread+milk | cart=station,0.152100951894343,0.7544963540160216,0.09340269408963542,0.7204258126404098,-1.6015059882870508,0.39849401171294474,A0_any_to_last,0.8,0.8,9
long_control,4,D4,bread+eggs+milk | cart=station,0.17435771287554253,0.7562520894705617,0.06939019765389587,0.7009570586500806,-1.4672657622476413,0.5327342377523578,A0_any_to_last,0.8,0.8,9
long_control,5,D5,apple | cart=station,0.198022344626528,0.750920758547198,0.05105689682627401,0.6876624350450948,-1.3329202556363908,0.6670797443636118,A0_any_to_last,0.8,0.8,9
long_control,6,D6,apple+milk | cart=station,0.22309271520720592,0.7396412539553422,0.037266030837451836,0.6803379801035934,-1.1985778283808277,0.8014221716191798,A0_any_to_last,0.8,0.8,9
long_control,7,D7,bread | cart=station,0.24957361381717172,0.723417312429766,0.027009073753062274,0.6781741312955396,-1.0642323342269573,0.9357676657730423,A0_any_to_last,0.8,0.8,9
long_control,8,D8,bread | cart=station,0.27744371225381514,0.7031040672713539,0.019452220474830972,0.6800273126756717,-0.9298868400708256,1.0701131599291784,A0_any_to_last,0.8,0.8,9
long_control,9,D9,eggs+milk | cart=station,0.3066235322066104,0.6794436508825873,0.013932816910802281,0.6846043294004839,-0.7956535871934216,1.2043464128065864,A0_any_to_last,0.8,0.8,9
long_control,10,D10,apple+bread+milk | cart=station,0.33706744998215854,0.6530097378065323,0.009922812211309195,0.6906133602342869,-0.661308982939163,1.3386910170608388,A0_any_to_last,0.8,0.8,9
long_control,11,D11,bread+eggs+milk | cart=station,0.3686067469753275,0.6243622739932789,0.007030979031393492,0.6968242395613194,-0.5270004178060828,1.4729995821939212,A0_any_to_last,0.8,0.8,9
long_control,12,D12,apple+bread | cart=station,0.4010805261120151,0.5939630623845107,0.004956411503474145,0.7021464402470445,-0.39265491249803697,1.6073450875019546,A0_any_to_last,0.8,0.8,9
long_control,13,D13,bread+milk | cart=station,0.43426367773344904,0.5622595543338181,0.0034767679327328826,0.7056494327783609,-0.2583116817334532,1.7416883182665401,A0_any_to_last,0.8,0.8,9
long_control,14,D14,apple+bread | cart=station,0.4679097100730616,0.5296633025755885,0.0024269873513499407,0.706589490907818,-0.12396617640173968,1.8760338235982488,A0_any_to_last,0.8,0.8,9
long_control,15,D15,apple+bread+eggs | cart=station,0.5017428676617143,0.49657098727182325,0.0016861450664624744,0.7044163193604871,0.010361324014609874,2.0103613240146103,H_int,1.0,1.0,9
long_control,16,D16,eggs+milk | cart=station,0.5354749250141679,0.4633590377215585,0.0011660372642735561,0.6987742333406667,0.1446518504063743,2.1446518504063476,H_int,1.0,1.0,9
long_control,17,D17,eggs+milk | cart=station,0.5688328326308649,0.43036456335635304,0.0008026040127820377,0.6894884407619382,0.2789539282025366,2.278953928202526,H_int,1.0,1.0,9
long_control,18,D18,bread | cart=station,0.6015477936620253,0.39790232362270833,0.0005498827152664032,0.6765499290780244,0.41329943258677515,2.4132994325867685,H_int,1.0,1.0,9
long_control,19,D19,bread+eggs | cart=station,0.6333448634818112,0.3662800234514655,0.00037511306672333156,0.6601090151245459,0.5476169495527108,2.547616949552719,H_int,1.0,1.0,9
long_control,20,D20,milk | cart=station,0.6640068067653316,0.33573840405224087,0.00025478918242749504,0.6404271477367947,0.6819601032163716,2.681960103216369,H_int,1.0,1.0,9
long_control,21,D21,bread | cart=station,0.6933320386157987,0.30649560277468224,0.00017235860951902993,0.6178708642128857,0.8163056079463598,2.8163056079463615,H_int,1.0,1.0,9
long_control,22,D22,bread+milk | cart=station,0.7211621368673811,0.278721715801526,0.00011614733109294173,0.5928725302852731,0.9506501401175762,2.950650140117574,H_int,1.0,1.0,9
long_control,23,D23,apple+bread+eggs | cart=station,0.7473783353347109,0.2525436795655571,7.798509973200307e-05,0.5659053885513569,1.0849873077905277,3.084987307790527,H_int,1.0,1.0,9
