competitor,MI_scored_with,competitor_posterior_after_D5,best_context,best_MI,best_expected_abs_logBF,best_standard_context,best_standard_MI,median_MI_all_contexts
A0_interact_last,"equal pair prior, w-posteriors given D1-D5",7.546650921163151e-26,"apple+milk | cart=parked(0, 0)",0.6931463308015764,17.228773463164597,apple+milk | cart=station,0.6923981510435832,0.5100385466235902
A0_visit_last,"equal pair prior, w-posteriors given D1-D5",2.5538127367765255e-34,"apple+eggs | cart=parked(4, 0)",0.6931463958484325,17.228720839763486,bread | cart=station,0.69264080765182,0.6923121186344319
A0_any_to_last,"equal pair prior, w-posteriors given D1-D5",0.7509249378936844,"apple+bread | cart=parked(4, 2)",0.6931465019514826,19.329762045807147,apple | cart=station,0.04567799987822933,0.04567799449046418
A0_first_to_last,"equal pair prior, w-posteriors given D1-D5",5.070786204748906e-26,"apple+milk | cart=parked(8, 4)",0.6931465791768414,17.228718991168208,apple+milk | cart=station,0.6923980888877271,0.6927876147259092
H_uncond,"equal pair prior, w-posteriors given D1-D5",2.776257723593451e-26,"bread+milk | cart=parked(0, 1)",0.6931464454262382,17.228782125536924,apple+milk | cart=station,0.6923981510435832,0.5100385466235902
H_item,"equal pair prior, w-posteriors given D1-D5",0.05106446207935683,"apple+bread | cart=parked(4, 2)",0.6931465097156091,23.086123494730423,apple | cart=station,0.14099950135896333,0.1409994847860525
H_visit,"equal pair prior, w-posteriors given D1-D5",6.582072294174143e-34,"apple+milk | cart=parked(1, 0)",0.6931459006420124,17.22874641124467,apple+milk | cart=station,0.6924620836039985,0.6632603872156414
H_leave,"equal pair prior, w-posteriors given D1-D5",1.875161893216974e-58,"apple+bread | cart=parked(9, 5)",0.693146461468806,17.221484726248033,apple | cart=station,0.6931433113924925,0.6928645405076761
H_noexit,"equal pair prior, w-posteriors given D1-D5",1.1344068392663976e-57,"apple+bread | cart=parked(9, 5)",0.693146461468806,17.221484726248033,apple | cart=station,0.6931433113924925,0.6928645405076761
