domain,protocol,family,family_name,form,AUROC,CI_lo,CI_hi,n_useful,n_not_useful,reportable,spearman_with_demo_length,note
cart,pool,raw,A. raw predictive,value,0.5450333580429948,0.42247012276225687,0.6832792323550814,142,38,True,-0.7531201213957486,
cart,pool,raw,A. raw predictive,margin,0.502594514455152,0.3734102520947006,0.6451251646903822,142,38,True,-0.8053026193413262,
cart,pool,len,B. length-normalised,value,0.5416975537435137,0.3957641234984985,0.7045467181076892,142,38,True,-0.5275229961946939,
cart,pool,len,B. length-normalised,margin,0.5189028910303929,0.41374591033966035,0.6269127725254855,142,38,True,-0.6609500734233406,
cart,pool,task,C. task-cost-adjusted,value,0.5965530022238695,0.481805610670194,0.7284445474378695,142,38,True,0.5214809443104097,
cart,pool,task,C. task-cost-adjusted,margin,0.4912898443291327,0.40258459286492376,0.6086047131675457,142,38,True,0.6569617754159575,
cart,pool,rel,D. norm-relative (vs task-only),value,0.6071163825055597,0.4916289955656786,0.7355288749462272,142,38,True,-0.24093858300554288,
cart,pool,rel,D. norm-relative (vs task-only),margin,0.5009266123054115,0.3908580990677855,0.6304174309696655,142,38,True,-0.206744208374859,
aisle,pool,raw,A. raw predictive,value,0.743879472693032,0.6685499058380414,0.8160919540229885,177,3,False,-0.7236393268853788,
aisle,pool,raw,A. raw predictive,margin,0.5875706214689266,0.5325670498084292,0.6475095785440613,177,3,False,-0.7110756002329385,
aisle,pool,len,B. length-normalised,value,0.7212806026365348,0.653324891226703,0.7854016494577569,177,3,False,-0.5576015230137745,
aisle,pool,len,B. length-normalised,margin,0.4256120527306968,0.3559322033898305,0.4934086629001883,177,3,False,-0.5133022333459658,
aisle,pool,task,C. task-cost-adjusted,value,0.3088512241054614,0.27485380116959063,0.3370998116760829,177,3,False,0.8772506004317018,
aisle,pool,task,C. task-cost-adjusted,margin,0.064030131826742,0.04093567251461988,0.0847457627118644,177,3,False,0.7401817470254318,
aisle,pool,rel,D. norm-relative (vs task-only),value,0.3314500941619586,0.2884990253411306,0.3725728943437886,177,3,False,0.40142781097909475,
aisle,pool,rel,D. norm-relative (vs task-only),margin,0.12617702448210924,0.0676659198649263,0.19603611193709292,177,3,False,0.4731263954952132,
cart,orig,raw,A. raw predictive,value,0.75,0.32,1.0,6,4,False,nan,
cart,orig,raw,A. raw predictive,margin,0.2916666666666667,0.0,0.75,6,4,False,nan,
cart,orig,len,B. length-normalised,value,0.75,0.3333333333333333,1.0,6,4,False,nan,
cart,orig,len,B. length-normalised,margin,0.2916666666666667,0.0,0.72,6,4,False,nan,
cart,orig,task,C. task-cost-adjusted,value,0.75,0.3333333333333333,1.0,6,4,False,nan,
cart,orig,task,C. task-cost-adjusted,margin,0.2916666666666667,0.0,0.7619047619047619,6,4,False,nan,
cart,orig,rel,D. norm-relative (vs task-only),value,0.75,0.36,1.0,6,4,False,nan,
cart,orig,rel,D. norm-relative (vs task-only),margin,0.2916666666666667,0.0,0.75,6,4,False,nan,
aisle,orig,raw,A. raw predictive,value,,,,10,0,False,nan,
aisle,orig,raw,A. raw predictive,margin,,,,10,0,False,nan,
aisle,orig,len,B. length-normalised,value,,,,10,0,False,nan,
aisle,orig,len,B. length-normalised,margin,,,,10,0,False,nan,
aisle,orig,task,C. task-cost-adjusted,value,,,,10,0,False,nan,
aisle,orig,task,C. task-cost-adjusted,margin,,,,10,0,False,nan,
aisle,orig,rel,D. norm-relative (vs task-only),value,,,,10,0,False,nan,
aisle,orig,rel,D. norm-relative (vs task-only),margin,,,,10,0,False,nan,
both,pool,raw,A. raw predictive,value,0.29734689196421743,0.18421987525720165,0.470068661577943,319,41,True,-0.8019679568575743,pooled across domains (tests a single scale; mixes domain-level differences)
both,pool,raw,A. raw predictive,margin,0.5003440630017586,0.37559718054430324,0.6344294188161376,319,41,True,-0.6492518348964585,pooled across domains (tests a single scale; mixes domain-level differences)
both,pool,len,B. length-normalised,value,0.2941356372811377,0.17296581401209676,0.46600158847614404,319,41,True,-0.7101428210394111,pooled across domains (tests a single scale; mixes domain-level differences)
both,pool,len,B. length-normalised,margin,0.4902515482835079,0.409152929552533,0.573179501371715,319,41,True,-0.48759896163639804,pooled across domains (tests a single scale; mixes domain-level differences)
both,pool,task,C. task-cost-adjusted,value,0.4440706476030278,0.3677342143982886,0.535148602133161,319,41,True,0.37421635464596836,pooled across domains (tests a single scale; mixes domain-level differences)
both,pool,task,C. task-cost-adjusted,margin,0.3590488569462497,0.2763945941898772,0.44640716567961153,319,41,True,0.32562243691711185,pooled across domains (tests a single scale; mixes domain-level differences)
both,pool,rel,D. norm-relative (vs task-only),value,0.7797232204296964,0.6582113636363637,0.8765280239240093,319,41,True,0.528533474222347,pooled across domains (tests a single scale; mixes domain-level differences)
both,pool,rel,D. norm-relative (vs task-only),margin,0.528174936921783,0.4057754000411749,0.6635263944315258,319,41,True,0.2715662843966502,pooled across domains (tests a single scale; mixes domain-level differences)
