domain,protocol,run_index,t,demo_len,C_task,labelled,failed,useful,value_raw,margin_raw,value_len,margin_len,value_task,margin_task,value_rel,margin_rel
cart,orig,0,3,33,33.0,True,False,True,-23.360635034144888,3.5793014555279505,-0.7078980313377239,0.08445304188794789,42.63936496585511,1.579301455527947,15.131776730237547,-0.39914361705524115
cart,orig,1,3,33,33.0,True,False,True,-23.361182740650197,3.6090261409830013,-0.7079146285045514,0.08532680919054259,42.63881725934981,1.609026140983005,15.131229023732246,-0.36941893160018324
cart,orig,2,3,33,33.0,True,False,False,-23.36063503414692,3.579489048509352,-0.7078980313377855,0.08445855932857549,42.639364965853076,1.5794890485093447,15.131776730235515,-0.39895602407384345
cart,orig,3,3,33,33.0,True,False,True,-23.360635034516374,3.579745650612704,-0.707898031348981,0.08446610644893304,42.63936496548362,1.5797456506127006,15.131776729866061,-0.3986994219704876
cart,orig,4,3,33,33.0,True,False,False,-23.36041809935814,3.579178849558321,-0.7078914575563072,0.08444962917652987,42.63958190064186,1.5791788495583177,15.131993665024297,-0.39926622302487047
cart,orig,5,3,33,33.0,True,False,False,-23.36041809935808,3.579178700657703,-0.7078914575563054,0.08444962479709994,42.63958190064192,1.5791787006576996,15.13199366502436,-0.39926637192548853
cart,orig,6,3,33,33.0,True,False,True,-23.36063503414694,3.5794890175481804,-0.7078980313377861,0.0844585584179528,42.63936496585306,1.579489017548184,15.1317767302355,-0.3989560550350042
cart,orig,7,3,33,33.0,True,False,True,-23.360635034148086,3.5795815135100426,-0.7078980313378208,0.08446127888741828,42.63936496585191,1.5795815135100355,15.13177673023435,-0.39886355907315263
cart,orig,8,3,33,33.0,True,False,False,-23.360635034148192,3.579582055048572,-0.707898031337824,0.08446129481502196,42.63936496585181,1.5795820550485757,15.13177673023425,-0.3988630175346124
cart,orig,9,3,33,33.0,True,False,True,-23.360635034144746,3.5793009924571173,-0.7078980313377196,0.08445302826821754,42.63936496585525,1.5793009924571138,15.13177673023769,-0.3991440801260744
cart,pool,0,3,23,23.0,True,False,False,-8.486892232639827,18.85493383996051,-0.36899531446260114,0.4351760406138794,37.513107767360175,-3.145066160039484,14.293720876938401,-1.3602473157976114
cart,pool,0,4,35,35.0,True,False,True,-27.520331055881787,-0.17850498328144937,-0.7862951730251939,0.017876182051286604,42.47966894411822,4.9665611767580415,14.723077546182104,0.4293566692437025
cart,pool,0,5,32,32.0,True,False,True,-23.372201325231202,4.148129730650584,-0.7303812914134751,0.07379006366300545,40.6277986747688,3.1146909074086224,14.96622673646998,0.6725058595315794
cart,pool,0,6,27,27.0,True,False,True,-14.823771401227166,12.69655965465462,-0.549028570415821,0.25514278466065954,39.17622859877284,1.6631208314126624,16.167886298608593,1.8741654216701917
cart,pool,0,7,32,32.0,True,False,False,-22.688431118737615,4.831899937144172,-0.7090134724605505,0.09515788261593006,41.31156888126239,3.7984611139022135,16.03097979408164,1.7372589171432402
cart,pool,0,8,34,34.0,True,False,True,-27.31672338605779,0.20360766982399525,-0.8034330407664056,0.0007383143100748724,40.68327661394221,3.170168846582037,15.679070879278566,1.3853500023401644
cart,pool,0,9,33,33.0,True,False,True,-27.411082595154287,0.10924846072749972,-0.8306388665198269,-0.02646751144334636,38.588917404845716,1.0758096374855413,15.581823244825735,1.2881023678873333
cart,pool,0,10,34,34.0,True,False,True,-27.31571104172268,0.2046200141591079,-0.8034032659330199,0.027235600586806963,40.68428895827732,3.171181190917146,15.680083223613675,1.3863623466752735
cart,pool,0,11,35,35.0,True,False,True,-27.515887289069635,0.00444376681215175,-0.7861682082591325,0.04447065826069441,42.48411271093036,4.971004943570186,14.727521312994249,0.43380043605584717
cart,pool,0,12,34,34.0,True,False,True,-27.31523758043766,0.20509347544412648,-0.8033893406011077,0.02724952591871921,40.68476241956234,3.1716546522021645,15.680556684898693,1.386835807960292
cart,pool,0,13,35,35.0,True,False,True,-27.71390982095892,-0.19357876507713456,-0.7918259948845406,0.03881287163528624,42.28609017904108,4.772982411680907,14.577400576424964,0.28367969948656224
cart,pool,0,14,33,33.0,True,False,True,-27.409954592565043,0.30395522839387823,-0.8306046846231832,3.418189664372573e-05,38.59004540743496,1.0769376400747817,15.582951247414975,1.2892303704765737
cart,pool,0,15,28,28.0,True,False,True,-15.532937488846477,12.180972332112445,-0.5547477674588027,0.27589109906102416,40.46706251115352,2.9539547437933464,15.281878667761386,0.988157790822985
cart,pool,0,16,23,23.0,True,False,True,-8.482422020224691,19.23148780073423,-0.3688009574010735,0.4618379091187534,37.51757797977531,0.004470212415135677,14.298191089353537,0.004470212415135677
cart,pool,0,17,34,34.0,True,False,True,-27.72276544639177,-0.008855625432847347,-0.8153754543056403,0.015263412214186589,40.27723455360823,2.764126786248056,14.433208772207436,0.13948789526903482
cart,pool,0,18,34,34.0,True,False,True,-27.722750696306363,1.4750085405523805e-05,-0.8153750204795989,0.015263846040228013,40.27724930369364,2.7641415363334616,14.433223522292842,0.13950264535444035
cart,pool,0,19,34,34.0,True,False,True,-27.31447365884999,0.40829178754177775,-0.8033668723191174,0.02727199420070947,40.68552634115001,3.172418573789834,15.681320606486363,1.3875997295479614
cart,pool,0,20,33,33.0,True,False,True,-27.409438956593707,0.31332648979806166,-0.8305890592907184,4.9807229108522755e-05,38.5905610434063,1.0774532760461213,15.583466883386315,1.2897460064479134
cart,pool,1,3,34,34.0,True,False,True,-27.729574414078872,-19.236681849614886,-0.8155757180611433,-0.4463195196061873,40.27042558592113,2.7633181503851176,14.426399804520337,0.13867925940609638
cart,pool,1,4,35,35.0,True,False,False,-27.02873763936268,0.7008367747161905,-0.7722496468389337,0.04332607122220955,42.97126236063732,5.464154925101305,15.593759017559773,1.3060384724455325
cart,pool,1,5,35,35.0,True,False,False,-27.716801920223507,0.012772493855365497,-0.7919086262921002,0.023667091769043025,42.2831980797765,4.776090644240483,14.574508477160379,0.2867879320461384
cart,pool,1,6,33,33.0,True,False,True,-27.415133691664895,0.3144407224139769,-0.8307616270201483,-0.015185908959005068,38.58486630833511,1.0777588727990945,15.577772148315127,1.2900516032008866
cart,pool,1,7,32,32.0,True,False,True,-22.689407735179042,5.04016667889983,-0.7090439917243451,0.12171763529580326,41.310592264820954,3.8034848292849404,16.030003177640207,1.742282632525967
cart,pool,1,8,33,33.0,True,False,True,-27.412083876013767,0.31749053806510474,-0.8306692083640536,9.241865609477262e-05,38.58791612398623,1.0808086884502188,15.580821963966251,1.293101418852011
cart,pool,1,9,27,27.0,True,False,True,-14.818565739563073,12.911008674515799,-0.5488357681319657,0.28192585888818267,39.18143426043693,1.6743268249009162,16.173091960272686,1.8853714151584455
cart,pool,1,10,32,32.0,True,False,True,-22.68564436825285,5.0439300458260234,-0.7089263865079015,0.12183524051224681,41.31435563174715,3.807248196211134,16.0337665445664,1.7460459994521607
cart,pool,1,11,35,35.0,True,False,True,-27.51585324771255,0.213721166366323,-0.78616723564893,0.044594391371218345,42.48414675228745,4.977039316751437,14.727555354351338,0.43983480923709806
cart,pool,1,12,35,35.0,True,False,True,-27.018405280460108,0.711169133618764,-0.7719544365845745,0.05880719043557381,42.98159471953989,5.474487284003878,15.604091376462346,1.316370831348106
cart,pool,1,13,32,32.0,True,False,True,-22.68456545817721,5.045008955901661,-0.7088926705680378,0.12186895645211049,41.31543454182279,3.808327106286775,16.034845454642042,1.7471249095278019
cart,pool,1,14,33,33.0,True,False,True,-23.351568356880474,4.378006057198398,-0.7076232835418326,0.12313834347831576,42.64843164311952,5.141324207583509,15.140843407501961,0.8531228623877212
cart,pool,1,15,31,31.0,True,False,False,-22.898443146218007,4.831131267860865,-0.7386594563296132,0.09210217069053517,39.10155685378199,1.5944494182459792,16.138811859636924,1.8510913145226837
cart,pool,1,16,33,33.0,True,False,False,-23.35137498889079,4.3781994251880825,-0.7076174239057815,0.1231442031143668,42.64862501110921,5.1415175755731966,15.14103677549165,0.8533162303774091
cart,pool,1,17,34,34.0,True,False,True,-26.911369163703483,0.8182052503753887,-0.7915108577559848,0.03925076926416349,41.08863083629652,3.581523400760503,15.559487673262144,1.2717671281479035
cart,pool,1,18,31,31.0,True,False,True,-22.897883894310816,4.831690519768056,-0.7386414159455101,0.09212021107463819,39.102116105689184,1.5950086701531703,16.139371111544115,1.8516505664298748
cart,pool,1,19,35,35.0,True,False,True,-27.017356990416896,0.7122174236619756,-0.7719244854404828,0.058837141579665575,42.9826430095831,5.475535574047086,15.605139666505554,1.317419121391314
cart,pool,1,20,32,32.0,True,False,True,-22.683263498396883,5.046310915681989,-0.7088519843249026,0.12190964269524573,41.31673650160312,3.809629066067103,16.03614741442237,1.7484268693081297
cart,pool,2,3,32,32.0,True,False,True,-22.705245281986414,0.6884361556689917,-0.7095389150620754,0.021513629864655992,41.294754718013586,0.6884361556689882,16.01416563083284,1.069419006787058
cart,pool,2,4,27,27.0,True,False,True,-14.826672680357955,8.567008757297451,-0.5491360251984427,0.1819165197282887,39.17332731964204,-1.4329912427025562,16.164985019477797,1.2202383954320162
cart,pool,2,5,31,31.0,True,False,True,-22.904355563104062,0.48932587455134424,-0.7388501794549698,-0.00779763452823834,39.09564443689594,-0.07768288274610313,16.13289944275087,1.1881528187050883
cart,pool,2,6,32,32.0,True,False,True,-23.369238748345374,0.024442689310031795,-0.730288710885793,0.008561468569176833,40.630761251654626,1.5351168147586876,14.969189313355809,0.024442689310028243
cart,pool,2,7,34,34.0,True,False,True,-27.316703376852068,-3.923021939196662,-0.803432452260355,-0.0645822728053852,40.68329662314793,1.5876521862519937,15.679090888484286,0.734344264438505
cart,pool,2,8,34,34.0,True,False,True,-27.7232850070719,-0.40658163021983285,-0.8153907355021147,-0.011958283241759737,40.2767149929281,1.1810705560321608,14.432689211527304,-0.5120574125184767
cart,pool,2,9,34,34.0,True,False,False,-26.912870447531443,0.8104145595404582,-0.7915550131626895,0.023835722339425214,41.087129552468554,1.9914851155726154,15.55798638943418,1.1252971779068766
cart,pool,2,10,31,31.0,True,False,True,-22.89988950928715,4.823395497784752,-0.7387061132028113,0.0766846222993034,39.10011049071285,0.004466053816912563,16.13736549656778,1.7046762850404775
cart,pool,2,11,33,33.0,True,False,True,-27.41014748895725,0.31313751811465096,-0.8306105299684016,-0.015219794466286851,38.58985251104275,-0.5057919258531882,15.582758351022768,1.1500691394954643
cart,pool,2,12,33,33.0,True,False,True,-23.351711813551177,4.3715731935207245,-0.707627630713672,0.1229828992547296,42.64828818644882,4.0584356754060735,15.140699950831262,0.7080107393039583
cart,pool,2,13,31,31.0,True,False,True,-22.898740979221838,4.824544027850063,-0.7386690638458657,0.09194146612253584,39.10125902077816,0.5114065097354086,16.13851402663309,1.7058248151057853
cart,pool,2,14,33,33.0,True,False,True,-23.351474256499976,4.371810750571925,-0.7076204320151508,0.12299009795325078,42.648525743500024,4.058673232457274,15.140937507882462,0.7082482963551584
cart,pool,2,15,34,34.0,True,False,True,-27.31442915002266,0.40885585704923955,-0.8033655632359606,0.027244966732440923,40.68557084997734,2.0957183389345886,15.681365115313692,1.2486759037863884
cart,pool,2,16,34,34.0,True,False,True,-27.72268274539075,0.000602261681152072,-0.8153730219232573,0.015237508045144232,40.27731725460925,1.6874647435665011,14.433291473208456,0.000602261681152072
cart,pool,2,17,28,28.0,True,False,True,-15.532617361688484,12.190667645383417,-0.5547363343460173,0.27587419562238424,40.46738263831152,1.8775301272687699,15.282198794919385,0.8495095833920807
cart,pool,2,18,35,35.0,True,False,True,-27.713619134526308,0.009665872545593146,-0.7918176895578946,0.03879284041050701,42.28638086547369,3.6965283544309386,14.57769126285757,0.1450020513302661
cart,pool,2,19,23,23.0,True,False,True,-8.48229767137074,19.240987335701163,-0.3687955509291626,0.46181497903923896,37.51770232862926,-1.0721501824134876,14.298315438207489,-0.13437377331981537
cart,pool,2,20,34,34.0,True,False,True,-26.91123580133471,0.8120492057371926,-0.7915069353333738,0.03910359463502777,41.08876419866529,3.5710618700360257,15.559621035630915,1.2613055974234264
cart,pool,3,3,23,23.0,True,False,True,-8.490661051209068,19.242879831052697,-0.3691591761395247,0.42322770621081135,37.50933894879093,-4.757120168947303,14.28995205836916,-0.2678174567529581
cart,pool,3,4,32,32.0,True,False,False,-22.701699240903867,5.031841641357897,-0.7094281012782458,0.0829587810720902,41.298300759096136,3.788961810305203,16.01771167191539,1.7277596135462296
cart,pool,3,5,35,35.0,True,False,True,-27.519117456217934,0.21442342604382958,-0.7862604987490839,0.006126383601252172,42.480882543782066,4.971543594991132,14.724291145845953,0.4343390874767934
cart,pool,3,6,27,27.0,True,False,True,-14.823913609118087,12.909627273143677,-0.549033837374744,0.24335304497559207,39.17608639088191,1.6667474420909798,16.16774409071767,1.877792032348509
cart,pool,3,7,27,27.0,True,False,True,-14.82055831755052,12.912982564711244,-0.5489095673166859,0.2434773150336501,39.17944168244948,1.6701027336585454,16.171099382285234,1.8811473239160748
cart,pool,3,8,35,35.0,True,False,True,-27.516463898481053,0.21707698378071072,-0.7861846828137443,0.006202199536591735,42.48353610151895,4.974197152728017,14.726944703582838,0.4369926452136781
cart,pool,3,9,35,35.0,True,False,True,-27.71444764653436,0.019093235727403624,-0.7918413613295532,0.0005455210207828687,42.28555235346564,4.7762134046747065,14.576862750849521,0.2869106924803617
cart,pool,3,10,34,34.0,True,False,True,-27.723301102604843,0.010239779656920689,-0.8153912089001425,-0.023004326549806442,40.27669889739516,2.7673599486042235,14.432673115994362,0.14272105762520226
cart,pool,3,11,27,27.0,True,False,True,-14.81780072874734,12.915740153514424,-0.5488074343980496,0.2665837745020929,39.18219927125266,1.6728603224617231,16.173856971088412,1.8839049127192524
cart,pool,3,12,35,35.0,True,False,True,-27.714067567313677,0.019473314948086795,-0.7918305019232479,0.023560706976894608,42.28593243268632,4.77659348389539,14.577242830070205,0.2872907717010449
cart,pool,3,13,27,27.0,True,False,True,-14.816770926096066,12.916769956165698,-0.5487692935591135,0.26662191534102897,39.18322907390393,1.6738901251129974,16.174886773739686,1.8849347153705267
cart,pool,3,14,33,33.0,True,False,True,-23.3517092096618,4.381831672599965,-0.7076275518079332,0.10776365709220925,42.6482907903382,5.138951841547268,15.14070255472064,0.8507504963514805
cart,pool,3,15,33,33.0,True,False,False,-23.351631861067236,4.381909021194527,-0.7076252079111284,0.10776600098901412,42.64836813893277,5.139029190141834,15.140779903315206,0.8508278449460462
cart,pool,3,16,33,33.0,True,False,True,-23.35156312730419,4.381977754957575,-0.7076231250698239,0.10776808383031855,42.64843687269581,5.1390979239048775,15.14084863707825,0.8508965787090901
cart,pool,3,17,31,31.0,True,False,False,-22.89843142914664,4.835109453115123,-0.738659078359569,0.07673213054057348,39.10156857085336,1.5922296220624261,16.13882357670829,1.8488715183391307
cart,pool,3,18,34,34.0,True,False,True,-27.722697153440585,0.0108437288211789,-0.8153734456894289,1.7763210713561683e-05,40.277302846559415,2.7679638977684817,14.43327706515862,0.14332500678946047
cart,pool,3,19,34,34.0,True,False,True,-26.91139465579189,0.8221462264698722,-0.791511607523291,0.023879601376851523,41.088605344208105,3.5792663954171715,15.559462181173732,1.2695101228045722
cart,pool,3,20,33,33.0,True,False,False,-27.409318866669647,0.3242220155921167,-0.8305854202021106,-0.015194211301968075,38.59068113333035,1.081342184539416,15.583586973310368,1.293634914941208
cart,pool,4,3,35,35.0,True,False,True,-42.63490461258476,-11.910683718827975,-1.218140131788136,-0.12084652843967936,27.365095387415238,2.0893162811720245,-0.012407955662308012,-0.10300321851338623
cart,pool,4,4,32,32.0,True,False,True,-37.47416417191561,5.1607404406691515,-1.1710676303723628,0.04707250141577313,26.52583582808439,1.250056721841176,0.8642638897855726,0.8766718454478806
cart,pool,4,5,35,35.0,True,False,True,-41.195176433541945,1.4397281790428167,-1.1770050409583412,0.04113509082979472,28.804823566458055,3.529044460214841,1.4273202233805087,1.4397281790428167
cart,pool,4,6,27,27.0,True,False,True,-30.39084081215556,12.244063800429203,-1.1255866967465022,0.09255343504163371,23.60915918784444,-1.6666199183987729,0.600816887680196,0.613224843342504
cart,pool,4,7,34,34.0,True,False,True,-40.97715595308112,1.657748659503639,-1.2052104692082684,0.012929662579867607,27.022844046918877,3.4136848590744364,1.4937008838845038,1.5061088395468119
cart,pool,4,8,34,34.0,True,False,True,-40.47629961353452,2.1586049990502403,-1.190479400398074,0.027660731390061866,27.523700386465478,3.9145411986210377,1.6796746050646831,1.6920825607269911
cart,pool,4,9,35,35.0,True,False,True,-41.15624613090402,1.478658481680739,-1.1758927465972577,0.04224738519087823,28.843753869095977,5.2345946812515365,1.1350642664798585,1.1474722221421665
cart,pool,4,10,34,34.0,True,False,True,-40.734210604268114,1.9006940083166484,-1.1980650177725916,0.020075114015544404,27.265789395731886,3.6566302078874457,1.4217636143310912,1.4341715699933992
cart,pool,4,11,23,23.0,True,False,True,-22.240646232644202,20.39425837994056,-0.9669846188106175,0.2511555129775185,23.759353767355798,0.15019457951135706,0.5399668769340238,0.5523748325963318
cart,pool,4,12,28,28.0,True,False,True,-30.203837767156244,12.431066845428518,-1.0787084916841516,0.13943164010398434,25.796162232843756,2.187003044999315,0.6109783894516205,0.6233863451139285
cart,pool,4,13,23,23.0,True,False,True,-22.240233907134627,20.394670705450135,-0.966966691614549,0.251173440173587,23.759766092865373,0.15060690502093266,0.5403792024435994,0.5527871581059074
cart,pool,4,14,35,35.0,True,False,True,-40.801334216354974,1.8335703962297885,-1.1657524061815707,0.05238772560656524,29.198665783645026,5.589506595800586,1.4420743857089136,1.4544823413712216
cart,pool,4,15,23,23.0,True,False,True,-22.240448082692645,20.394456529892118,-0.9669760035953324,0.25116412819280354,23.759551917307355,0.15039272946291504,0.5401650268855818,0.5525729825478898
cart,pool,4,16,33,33.0,True,False,True,-37.55318200087798,5.08172261170678,-1.1379752121478177,0.08016491964031824,28.44681799912202,4.837658811277578,0.9392297635044571,0.9516377191667651
cart,pool,4,17,27,27.0,True,False,True,-30.376877955112757,12.258026657472005,-1.125069553893065,0.0930705778950709,23.623122044887243,0.013962857042802312,0.6147797447229983,0.6271877003853064
cart,pool,4,18,34,34.0,True,False,True,-41.565066268972664,1.0698383436120977,-1.2225019490874314,-0.004361817299295412,26.434933731027336,2.825774543182895,1.4307279963636894,1.4431359520259974
cart,pool,4,19,33,33.0,True,False,True,-37.55311850561381,5.081786106970952,-1.1379732880489033,0.08452866103852807,28.44688149438619,4.83772230654175,0.9392932587686289,0.9517012144309369
cart,pool,4,20,34,34.0,True,False,True,-41.56399709141087,1.0709075211738934,-1.222470502688555,3.144639887642242e-05,26.43600290858913,2.826843720744691,1.4317971739254851,1.4442051295877931
cart,pool,5,3,34,34.0,True,False,True,-26.921842967281464,-12.062119693284654,-0.791818910802396,-0.24145878954325484,41.078157032718536,1.9378803067153427,15.549013869684163,-0.5829205561547859
cart,pool,5,4,33,33.0,True,False,True,-27.41582751392066,-0.4939845466391972,-0.8307826519369897,-0.03896374113459378,38.58417248607934,-0.5561042399238545,15.577078326059357,0.02806445637519417
cart,pool,5,5,34,34.0,True,False,False,-26.915690539714653,0.5001369742060078,-0.7916379570504309,0.039144694886558806,41.08430946028535,2.500136974206008,15.555166297250974,0.006152427566810559
cart,pool,5,6,34,34.0,True,False,True,-27.723895564048128,-0.3080680501274671,-0.8154086930602391,0.015373958876750637,40.27610443595187,1.691931949872533,14.432078654551077,-1.1169352151330862
cart,pool,5,7,23,23.0,True,False,True,-8.483291674433584,19.240603889614544,-0.3688387684536341,0.46194388348335563,37.51670832556641,-1.0674641605129267,14.297321435144639,-0.13475721940643837
cart,pool,5,8,23,23.0,True,False,True,-8.48320292825856,19.240692635789568,-0.36883490992428525,0.4619477420127045,37.516797071741436,8.874617502385718e-05,14.297410181319663,8.874617502385718e-05
cart,pool,5,9,27,27.0,True,False,True,-14.81912243814388,12.904773125904248,-0.5488563865979215,0.2819262653390683,39.18087756185612,1.664169236289709,16.172535261691877,1.8752138265472382
cart,pool,5,10,27,27.0,True,False,True,-14.817823071042804,12.906072493005324,-0.5488082618904743,0.2819743900465155,39.1821769289572,1.665468603390785,16.173834628792953,1.8765131936483144
cart,pool,5,11,34,34.0,True,False,False,-27.315403541892703,0.4084920221554249,-0.8033942218203736,0.02738843011661618,40.68459645810729,3.167888132540881,15.680390723443647,1.3830692882990085
cart,pool,5,12,32,32.0,True,False,True,-22.684798098192626,5.039097465855502,-0.7088999405685196,0.12188271136847018,41.31520190180737,3.7984935762409577,16.034612814626623,1.7372913794819844
cart,pool,5,13,33,33.0,True,False,True,-23.351652459856368,4.37224310419176,-0.7076258321168596,0.12315681982013016,42.64834754014363,5.13163921457722,15.140759304526071,0.8434378693814324
cart,pool,5,14,33,33.0,True,False,True,-27.40975537502532,0.31414018902280816,-0.83059864772804,0.00018400420894970626,38.59024462497468,1.0735362994082678,15.583150464954699,1.2858290298100599
cart,pool,5,15,35,35.0,True,False,True,-27.01781583661745,0.7060797274306765,-0.7719375953319272,0.05884505660506256,42.98218416338255,5.465475837816136,15.604680820305003,1.307359385160364
cart,pool,5,16,35,35.0,True,False,False,-27.017692125711424,0.7062034383367042,-0.7719340607346121,0.05884859120237762,42.98230787428858,5.465599548722167,15.604804531211034,1.3074830960663952
cart,pool,5,17,35,35.0,True,False,True,-27.713653652265457,0.010241911782671309,-0.791818675779013,0.038963976157976754,42.28634634773454,4.769638022168131,14.577656745118425,0.2803353099737862
cart,pool,5,18,35,35.0,True,False,False,-27.017548144527016,0.7063474195211121,-0.7719299469864862,0.05885270495050354,42.98245185547299,5.465743529906575,15.604948512395442,1.3076270772508032
cart,pool,5,19,34,34.0,True,False,True,-27.72263587235489,0.001259691693238807,-0.8153716433045556,0.015411008632434164,40.277364127645114,2.760655802078702,14.43333834624432,0.13601691109968073
cart,pool,5,20,35,35.0,True,False,True,-27.017431626047557,0.7064639380005708,-0.7719266178870731,0.05885603404991668,42.98256837395245,5.465860048386034,15.6050650308749,1.3077435957302619
cart,pool,6,3,34,34.0,True,False,True,-27.731345492221543,-0.19435181408627145,-0.8156278085947513,-0.028856560648029217,40.26865450777846,-2.194351814086268,14.424628726377662,-0.28178619755095013
cart,pool,6,4,31,31.0,True,False,False,-22.915999254522315,4.815346237699227,-0.7392257824039457,0.0764020261908056,39.08400074547768,-1.1846537623007762,16.121255751332612,1.6966270249549495
cart,pool,6,5,35,35.0,True,False,True,-27.518788719384457,0.21255677283708607,-0.7862511062681273,0.029376702326623927,42.48121128061554,3.3972105351378588,14.724619882679427,0.29999115630176476
cart,pool,6,6,34,34.0,True,False,True,-26.916607215640624,0.8147382765809184,-0.7916649181070772,0.023962890487674082,41.083392784359376,1.9993920388816946,15.554249621325003,1.1296208949473403
cart,pool,6,7,32,32.0,True,False,False,-22.68906193116458,5.042283561056962,-0.7090331853488931,0.10659462324585811,41.31093806883542,2.2269373233577383,16.030348981654672,1.60572025527701
cart,pool,6,8,32,32.0,True,False,False,-23.36917156244247,4.362173929779072,-0.7302866113263272,0.08534119726842404,40.630828437557525,1.5468276920798445,14.969256499258709,0.5446277728810465
cart,pool,6,9,33,33.0,True,False,True,-27.411558839259737,0.3197866529618061,-0.8306532981593859,-0.015025489564634675,38.58844116074026,-0.49555958473742123,15.581347000720278,1.1567182743426159
cart,pool,6,10,32,32.0,True,False,True,-23.368643308127517,4.362702184094026,-0.7302701033789849,0.10038319478040103,40.63135669187248,2.0429155311322234,14.969784753573666,0.5451560271960041
cart,pool,6,11,35,35.0,True,False,True,-27.714248579372587,0.01709691284895598,-0.7918356736963597,0.03881762446302628,42.28575142062741,3.6973102598871534,14.577061818011295,0.1524330916336325
cart,pool,6,12,34,34.0,True,False,True,-27.315713885275052,0.4156316069464907,-0.8034033495669133,0.02724994859247265,40.68428611472495,2.095844953984688,15.680080380061302,1.2554516536836395
cart,pool,6,13,34,34.0,True,False,False,-26.912345777200482,0.8189997150210608,-0.7915395816823672,0.03911371647701878,41.087654222799515,2.4992130620592548,15.558511059765141,1.1338823333874792
cart,pool,6,14,34,34.0,True,False,True,-27.722945553303912,0.008399938917630578,-0.8153807515677621,0.015272546591623803,40.277054446696084,1.6886132859558245,14.43302866529529,0.008399938917627026
cart,pool,6,15,35,35.0,True,False,False,-27.018286503809616,0.7130589884119267,-0.771951042965989,0.05870225519339689,42.98171349619038,4.393272335450121,15.604210153112835,1.1795814267351723
cart,pool,6,16,32,32.0,True,False,True,-22.684430057029267,5.046915435192275,-0.7088884392821646,0.12176485887722133,41.31556994297073,2.727128782230473,16.034980855789986,1.6103521294123233
cart,pool,6,17,34,34.0,True,False,True,-27.72277371322371,0.008571778997833235,-0.8153756974477562,0.015277600711629757,40.27722628677629,1.6887851260360307,14.433200505375495,0.008571778997833235
cart,pool,6,18,33,33.0,True,False,False,-27.409621282116905,0.32172421010463736,-0.8305945843065728,5.871385281308594e-05,38.5903787178831,0.0019375571428383864,15.583284557863117,1.1586558314854543
cart,pool,6,19,28,28.0,True,False,False,-15.532718551361778,12.198626940859764,-0.5547399482629206,0.2759133498964653,40.46728144863822,1.8788402878979582,15.282097605246083,0.8574688788684206
cart,pool,6,20,32,32.0,True,False,True,-22.68374643981261,5.047599052408934,-0.708867076244144,0.12178622191524191,41.31625356018739,2.7278123994471315,16.035664473006644,1.611035746628982
cart,pool,7,3,32,32.0,True,False,False,-22.696253598269667,4.640086998496464,-0.7092579249459271,0.09475209260601791,41.303746401730336,0.6400869984964714,16.02315731454959,0.36370364597937055
cart,pool,7,4,33,33.0,True,False,False,-27.41452981569743,-0.07818921893129982,-0.830743327748407,-0.026733310196461968,38.585470184302565,-2.0781892189313,15.578376024282584,-0.08107764428763531
cart,pool,7,5,35,35.0,True,False,False,-27.715241535324246,-0.30071171962681476,-0.7918640438664071,0.038879283881999904,42.284758464675754,3.699288280373189,14.576068862059635,-1.002307162222948
cart,pool,7,6,28,28.0,True,False,False,-15.535150780791303,12.180090754532943,-0.5548268135996894,0.27591651414871754,40.464849219208695,1.8793790349061297,15.27966537581656,0.7035965137569242
cart,pool,7,7,34,34.0,True,False,True,-27.723632994501354,-0.008391459177108374,-0.8154009704265104,0.015342357321896594,40.27636700549864,1.6908968211960769,14.432341224097847,-0.14372763796178845
cart,pool,7,8,33,33.0,True,False,False,-27.411727882498937,0.31190511200241744,-0.830658420681786,8.490706662100944e-05,38.58827211750106,0.0028019331984978635,15.581177957481081,1.1488367333832343
cart,pool,7,9,33,33.0,True,False,True,-23.35257276530292,4.371060229198434,-0.7076537201606945,0.12308960758771248,42.647427234697076,4.061957050394511,15.139838999079515,0.7074977749816682
cart,pool,7,10,35,35.0,True,False,False,-27.714278751075955,0.009354243425399034,-0.7918365357450273,0.03890679200337965,42.28572124892405,3.700251064621483,14.57703164630793,0.14469042221008266
cart,pool,7,11,32,32.0,True,False,False,-22.68568410698294,5.037948887518414,-0.7089276283432169,0.1218156994051901,41.31431589301706,2.728845708714495,16.033726805836313,1.601385581738466
cart,pool,7,12,34,34.0,True,False,False,-27.723010153977217,0.0006228405241373025,-0.8153826515875652,0.015360676160841802,40.276989846022786,1.6915196617202213,14.432964064621991,0.0006228405241444079
cart,pool,7,13,31,31.0,True,False,True,-22.899387794742054,4.8242451997593,-0.738689928862647,0.09205339888576003,39.100612205257946,0.5151420209553805,16.137867211112876,1.7055259870150294
cart,pool,7,14,34,34.0,True,False,False,-26.911887695577946,0.8117452989234089,-0.791526108693469,0.039217219054938024,41.088112304422054,2.5026421201194893,15.558969141387681,1.1266279172898344
cart,pool,7,15,31,31.0,True,False,True,-22.89862082492945,4.825012169571906,-0.7386651879009499,0.09207813984745705,39.10137917507055,0.5159089907679828,16.13863418092548,1.7062929568276317
cart,pool,7,16,34,34.0,True,False,True,-26.91152057857066,0.8121124159306952,-0.7915153111344312,0.03922801661397579,41.08847942142934,2.5030092371267756,15.559336258394968,1.1269950342971207
cart,pool,7,17,35,35.0,True,False,False,-27.515446517995308,0.2081864765060466,-0.786155614799866,0.044587712948541025,42.48455348200469,3.899083297702127,14.72796208406858,0.2956208599707324
cart,pool,7,18,27,27.0,True,False,True,-14.815285819220982,12.908347175280372,-0.5487142896007771,0.2820290381476299,39.18471418077902,0.5992439964764529,16.176371880614774,1.7440306565169266
cart,pool,7,19,33,33.0,True,False,True,-23.351233713289936,4.372399281211418,-0.7076131428269677,0.12313018492143923,42.648766286710064,4.063296102407499,15.141178051092503,0.7088368269946557
cart,pool,7,20,34,34.0,True,False,True,-27.722609749998018,0.0010232445033366844,-0.8153708749999417,0.015372452748465326,40.277390250001986,1.6919200656994207,14.43336446860119,0.0010232445033437898
cart,pool,8,3,32,32.0,True,False,True,-22.69808113694105,0.05349124457345056,-0.7093150355294078,0.00167160139292033,41.30191886305895,0.05349124457345056,16.021329775878204,0.05349124457345056
cart,pool,8,4,34,34.0,True,False,True,-26.916804300844262,-4.165231919329763,-0.7916707147307136,-0.08068407780838549,41.08319569915574,-0.1652319193297629,15.554052536121365,-0.4137859951833889
cart,pool,8,5,31,31.0,True,False,False,-22.903817398764797,4.012986902079465,-0.7388328193149934,0.05283789541572015,39.0961826012352,-1.9870130979205385,16.13343760709013,0.5793850709687653
cart,pool,8,6,34,34.0,True,False,True,-26.913754622767165,0.0030496780770974397,-0.7915810183166814,8.969641403222539e-05,41.086245377232835,1.990062775997636,15.557102214198462,0.0030496780770974397
cart,pool,8,7,35,35.0,True,False,True,-27.019475592060907,-0.10267129121664453,-0.771985016916026,0.019685697814687653,42.98052440793909,3.884341806703894,15.603021064861547,0.04896852874018265
cart,pool,8,8,32,32.0,True,False,False,-23.368492343295202,3.650983248765705,-0.7302653857279751,0.06140532900273854,40.6315076567048,1.535325055469599,14.969935718405981,-0.5841168177153833
cart,pool,8,9,34,34.0,True,False,True,-26.91257628091833,0.10689931114257689,-0.7915463612034803,0.00012435352723327853,41.08742371908167,1.9912411178464708,15.558280556047297,0.5883448376413156
cart,pool,8,10,33,33.0,True,False,True,-23.351977572074215,3.6674980199866916,-0.707635684002249,0.08403503072846463,42.64802242792578,3.551839826690582,15.14043419230822,0.1704984739022386
cart,pool,8,11,31,31.0,True,False,False,-22.89927839377516,4.120197198285748,-0.7386863997991987,0.0529843149315149,39.10072160622484,0.004539004989638329,16.13797661207977,1.168040893673787
cart,pool,8,12,33,33.0,True,False,False,-23.35165167104905,3.6678239210118555,-0.7076258082136077,0.08404490651710594,42.648348328950945,3.552165727715746,15.140760093333384,0.17082437492740254
cart,pool,8,13,23,23.0,True,False,True,-8.482445582621102,18.537030009439803,-0.3688019818530914,0.4228687328776222,37.517554417378896,-1.5786281838563028,14.298167526957123,-0.6717681914488587
cart,pool,8,14,32,32.0,True,False,True,-22.68416829104775,4.335307301013156,-0.7088802590952422,0.08279045563547138,41.315831708952246,3.798277291573349,16.0352426217715,1.7370750948143758
cart,pool,8,15,27,27.0,True,False,True,-14.815501413410766,12.20397417865014,-0.5487222745707692,0.24294844015994443,39.184498586589235,1.666944169210339,16.17615628642499,1.8779887594678684
cart,pool,8,16,33,33.0,True,False,True,-23.351303971259515,3.6681716208013917,-0.707615271856349,0.08405544287436462,42.64869602874049,5.131141611361592,15.141107793122927,0.8429402661658045
cart,pool,8,17,34,34.0,True,False,True,-26.911273692178252,0.10820189988265483,-0.7915080497699486,0.00016266496076500214,41.088726307821744,3.571171890442848,15.559583144787371,1.2614156178302487
cart,pool,8,18,31,31.0,True,False,True,-22.897743006610696,4.121732585450211,-0.7386368711809902,0.0530338435497234,39.102256993389304,1.5847025760104074,16.139511999244235,1.841344472287112
cart,pool,8,19,34,34.0,True,False,True,-27.31396675662878,-0.29449116456787294,-0.8033519634302583,-0.011681248699544677,40.68603324337122,3.1684788259923238,15.681827508707574,1.3836599817504514
cart,pool,8,20,35,35.0,True,False,True,-27.713512068647532,-0.399545312018752,-0.7918146305327867,0.011537332897471608,42.28648793135247,4.768933513973572,14.57779832873635,0.27963080177922706
cart,pool,9,3,28,28.0,True,False,True,-15.540079156216304,7.391168606727902,-0.5550028270077252,0.18471484276466854,40.45992084378369,1.391168606727902,15.274737000391557,-0.8312702425191638
cart,pool,9,4,35,35.0,True,False,True,-27.716519165166503,-4.785271402222296,-0.7919005475761858,-0.05218287780379205,42.2834808348335,3.2147285977777074,14.574791232217379,-0.6999457681741781
cart,pool,9,5,35,35.0,True,False,True,-27.71600313047661,0.0005160346898911428,-0.7918858037279032,1.4743848282594563e-05,42.28399686952339,3.215244632467602,14.575307266907274,0.0005160346898946955
cart,pool,9,6,31,31.0,True,False,True,-22.904704330910235,4.811814834256268,-0.7388614300293624,0.05303911754682333,39.095295669089765,0.026543432033975023,16.132550674944696,1.557759442727317
cart,pool,9,7,23,23.0,True,False,True,-8.483257735171218,19.233261429995284,-0.3688372928335312,0.42306325474265455,37.51674226482878,-1.5520099722270118,14.297355374407005,-0.2774358578103744
cart,pool,9,8,34,34.0,True,False,False,-27.72362782351643,-0.007108658349928021,-0.8154008183387186,-0.023500270762532804,40.27637217648357,2.759629911654791,14.432346395082774,0.13499102067576985
cart,pool,9,9,33,33.0,True,False,True,-23.35294147015426,4.370686353362171,-0.7076648930349776,0.10773592530374099,42.64705852984574,5.130316265016958,15.139470294228175,0.8421149198211708
cart,pool,9,10,32,32.0,True,False,True,-23.368808187561957,4.354819635954474,-0.7302752558613111,0.08512556247740743,40.63119181243805,3.1144495476092686,14.96961987413923,0.6722644997322256
cart,pool,9,11,31,31.0,True,False,True,-22.90065099697403,4.822976826542401,-0.7387306773217429,0.07667014101697567,39.09934900302597,1.5826067381971924,16.1366040088809,1.839248634473897
cart,pool,9,12,35,35.0,True,False,True,-27.018717358119346,0.7049104653970844,-0.7719633530891242,0.043437465249594354,42.981282641880654,5.4645403770518755,15.603779298803108,1.3064239243961033
cart,pool,9,13,35,35.0,True,False,True,-27.51582123663944,0.20780658687699116,-0.7861663210468411,0.029234497291877437,42.48417876336056,4.967436498531782,14.727587365424448,0.43023199101744325
cart,pool,9,14,32,32.0,True,False,True,-23.36808766947254,4.35554015404389,-0.7302527396710169,0.08514807866770169,40.631912330527456,3.1151700656986776,14.970340392228639,0.6729850178216346
cart,pool,9,15,34,34.0,True,False,True,-26.911993707390902,0.8116341161255285,-0.7915292266879677,0.023871591650750923,41.088006292609094,3.571264027780316,15.558863129574721,1.2615077551677167
cart,pool,9,16,34,34.0,True,False,False,-27.314789066149793,0.4088387573666381,-0.8033761490044057,0.012024669334312899,40.68521093385021,3.168468669021429,15.681005199186561,1.3836498247795568
cart,pool,9,17,35,35.0,True,False,True,-27.713771313939837,0.009856509576593453,-0.7918220375411382,0.023578780797580356,42.28622868606016,4.7694864212313846,14.577539083444044,0.2801837090370398
cart,pool,9,18,23,23.0,True,False,True,-8.482408134406224,19.241219689110206,-0.3688003536698358,0.44660046466888276,37.51759186559377,0.000849600764993852,14.298204975171998,0.000849600764993852
cart,pool,9,19,23,23.0,True,False,True,-8.482396805532211,19.24123101798422,-0.36879986111009616,0.4466009572286224,37.51760319446779,0.0008609296390105214,14.298216304046015,0.0008609296390105214
cart,pool,9,20,33,33.0,True,False,True,-27.409562746408756,0.3140650771076743,-0.830592810497235,-0.01519199215851641,38.59043725359125,1.073694988762469,15.583343093571266,1.285987719164261
aisle,orig,0,3,16,16.0,True,False,True,-5.034517861491501,9.526514698466304,-0.31465736634321884,0.20537951079813133,26.9654821385085,-14.473485301533692,1.422584649901637e-05,-0.0025996580292684257
aisle,orig,1,3,16,16.0,True,False,True,-5.034176610817206,9.527120765499767,-0.3146360381760754,0.20541029669238792,26.965823389182795,-14.472879234500233,0.00035547652079515046,-0.0019935909958093134
aisle,orig,2,3,16,16.0,True,False,True,-5.034518515094954,9.526634289559643,-0.3146574071934346,0.2053837644013724,26.965481484905048,-14.473365710440355,1.3572243048542987e-05,-0.002480066935930836
aisle,orig,3,3,16,16.0,True,False,True,-5.034520918458547,9.52707531496588,-0.3146575574036592,0.20539945093292744,26.965479081541453,-14.472924685034123,1.1168879453293812e-05,-0.002039041529698693
aisle,orig,4,3,16,16.0,True,False,True,-5.03450169064236,9.532191230977773,-0.3146563556651475,0.20558267724985724,26.965498309357642,-14.467808769022227,3.0396695642309624e-05,0.0030768744821969563
aisle,orig,5,3,16,16.0,True,False,True,-5.034508769357852,9.52650208254952,-0.31465679808486574,0.205379303768969,26.965491230642147,-14.473497917450484,2.3317980147652406e-05,-0.0026122739460596733
aisle,orig,6,3,16,16.0,True,False,True,-5.034258372683925,9.526976260335658,-0.3146411482927453,0.2054029457436684,26.965741627316074,-14.473023739664345,0.00027371465407455275,-0.002138096159921332
aisle,orig,7,3,16,16.0,True,False,True,-5.034523363514536,9.530210039296156,-0.3146577102196585,0.20551133988072334,26.965476636485462,-14.46978996070385,8.723823462730707e-06,0.0010956828005745933
aisle,orig,8,3,16,16.0,True,False,True,-5.034517946180089,9.533042579859806,-0.31465737163625557,0.2056126471508835,26.965482053819912,-14.46695742014019,1.4141157912206381e-05,0.003928223364233929
aisle,orig,9,3,16,16.0,True,False,True,-5.034520642162719,9.527023383740925,-0.31465754013516994,0.20539760364710308,26.965479357837282,-14.472976616259075,1.1445175282176479e-05,-0.002090972754650977
aisle,pool,0,3,28,28.0,True,False,False,-10.61681138967878,0.5720271134425232,-0.3791718353456707,0.006650182003339722,45.38318861032122,-1.4279728865574768,3.9468350541547963,0.08541804686017684
aisle,pool,0,4,29,29.0,True,False,True,-11.071897063350445,0.11694143977085858,-0.381789553908636,0.004032463440374445,46.92810293664955,1.5449143263283318,3.9525370273917844,0.09112002009716491
aisle,pool,0,5,16,16.0,True,False,False,-4.757512511678607,6.431325991442696,-0.29734453197991295,0.0884774853690975,27.242487488321395,-18.140701121999825,4.8403361795124056e-05,-3.8613686039328243
aisle,pool,0,6,28,28.0,True,False,True,-10.566785181977233,0.6220533211440706,-0.37738518507061547,0.008436832278394979,45.43321481802277,18.190727329701375,3.9968612618563455,3.9968128584945504
aisle,pool,0,7,16,16.0,True,False,False,-4.757511674961897,6.431326828159406,-0.29734447968511857,0.08847753766389188,27.242488325038103,8.367167083633831e-07,4.924007850348744e-05,8.367167083633831e-07
aisle,pool,0,8,35,35.0,True,False,True,-13.086537968263066,-1.8976994651417627,-0.37390108480751616,0.011920932541494289,56.913462031736934,29.67097454341554,4.006090953413533,4.006042550051738
aisle,pool,0,9,29,29.0,True,False,True,-14.347277449438407,-1.2607394811753405,-0.4947337051530485,-0.10891168780403804,43.65272255056159,16.410235062240197,0.003999419141024418,0.003951015779229294
aisle,pool,0,10,29,29.0,True,False,True,-14.147989184231166,0.1992882652072403,-0.48786169600797125,0.00687200914507724,43.852010815768836,16.60952332744744,0.008429477404646946,0.008381074042851822
aisle,pool,0,11,16,16.0,True,False,True,-5.034495422592728,9.312782026845678,-0.3146559639120455,0.180077741241003,26.965504577407273,-0.2769829109141213,3.6664745273640165e-05,-1.1738616521483891e-05
aisle,pool,0,12,29,29.0,True,False,True,-11.039309651522931,3.3079677979154756,-0.38066585005251485,0.11406785510053363,46.96069034847707,19.9951857710698,4.010945858892995,4.010909194147722
aisle,pool,0,13,29,29.0,True,False,True,-14.147952007006516,0.1993254424318902,-0.4878604140347075,0.006873291118341007,43.852047992993484,16.88654341558621,0.008466654629295078,0.008429989884021438
aisle,pool,0,14,29,29.0,True,False,True,-11.036807247918157,3.31047020152025,-0.3805795602730399,0.11415414488000858,46.963192752081845,19.997688174674572,4.013448262497768,4.013411597752494
aisle,pool,0,15,29,29.0,True,False,True,-14.14793333941213,0.19934411002627606,-0.48785977032455624,0.006873934828492245,43.852066660587866,16.886562083180593,0.008485322223677372,0.008448657478403732
aisle,pool,0,16,28,28.0,True,False,True,-10.54887759436068,3.798399855077726,-0.3767456283700243,0.1179880767830242,45.45112240563932,18.485617828232044,4.014768849472894,4.01473218472762
aisle,pool,0,17,16,16.0,True,False,True,-4.7575108566994215,9.589766592738986,-0.29734442854371385,0.19738927660933464,27.242489143300578,0.27698456589330434,5.005834097815409e-05,1.3393595704513928e-05
aisle,pool,0,18,28,28.0,True,False,True,-14.003131541737162,0.344145907701245,-0.5001118407763272,-0.0053781356232787125,41.99686845826284,15.031363880855565,0.006044765688933751,0.006008100943660111
aisle,pool,0,19,35,35.0,True,False,True,-13.077139098496984,1.2701383509414228,-0.3736325456713424,0.1264792951049848,56.922860901503014,29.95735632409574,4.015489823179614,4.01545315843434
aisle,pool,0,20,17,17.0,True,False,True,-4.661281197879887,9.68599625155852,-0.2741930116399934,0.22591882913633382,29.338718802120113,2.3732142247128394,8.332830973500904e-05,4.666356446136888e-05
aisle,pool,1,3,29,29.0,True,False,True,-14.35125834178789,-9.317082223235317,-0.4948709773030307,-0.18023496989349486,43.64874165821211,16.682917776764683,1.852679154268344e-05,-0.00033744199388507923
aisle,pool,1,4,29,29.0,True,False,True,-11.227758599944993,3.123499741842897,-0.38716408965327564,0.10770688764975506,46.77224140005501,19.80641751860758,3.7966754907972415,3.796656964005699
aisle,pool,1,5,29,29.0,True,False,True,-14.149330387622726,0.20192795416516418,-0.48790794440078367,0.006963032902247035,43.850669612377274,16.884845730929847,0.007088274013085538,0.007069747221542855
aisle,pool,1,6,16,16.0,True,False,True,-5.034501235331818,9.316757106456073,-0.3146563272082386,0.1802146500947921,26.965498764668183,-0.00032511677924418336,3.0852006183579306e-05,1.2325214640895865e-05
aisle,pool,1,7,28,28.0,True,False,True,-10.642967349439813,3.7082909923480774,-0.3801059767657076,0.11476500053732308,45.357032650560186,18.391533885892002,3.920679094393762,3.9206605676022193
aisle,pool,1,8,29,29.0,True,False,True,-11.083769121848954,3.267489219938936,-0.3821989352361708,0.11267204206685988,46.91623087815105,19.950732113482864,3.9664863885669703,3.9664678617754277
aisle,pool,1,9,17,17.0,True,False,True,-4.661284896247795,9.689973445540094,-0.2741932291910468,0.22067774811198393,29.338715103752204,2.3732163390840206,7.962994182619809e-05,6.110315028351465e-05
aisle,pool,1,10,29,29.0,True,False,True,-11.06107522970994,3.2901831120779494,-0.3814163872313773,0.11345459007165343,46.93892477029006,19.973426005621874,3.9633588610322903,3.9633403342407476
aisle,pool,1,11,16,16.0,True,False,True,-4.7575119374189185,9.593746404368972,-0.2973444960886824,0.1975264812143483,27.24248806258108,0.2769892979128983,4.89776214820381e-05,3.0450829939354662e-05
aisle,pool,1,12,29,29.0,True,False,True,-14.347333149023758,0.00392519276413239,-0.4947356258284054,0.0001353514746252893,43.652666850976246,16.687168086308063,0.003943719555678626,0.003925192764135943
aisle,pool,1,13,17,17.0,True,False,True,-4.661283035061286,9.689975306726604,-0.27419311970948745,0.22067785759354325,29.338716964938712,2.3732182002705287,8.149112833422123e-05,6.296433679153779e-05
aisle,pool,1,14,28,28.0,True,False,True,-14.003261135918436,0.34799720586945426,-0.5001164691399441,-0.0052454918369134185,41.996738864081564,15.031240099413381,0.005915171507659522,0.005896644716116839
aisle,pool,1,15,16,16.0,True,False,True,-4.757511926393748,9.593746415394142,-0.2973444953996093,0.20277197374033484,27.242488073606253,0.27698930893807017,4.898864665392466e-05,3.046185511124122e-05
aisle,pool,1,16,35,35.0,True,False,True,-13.089345584119567,1.2619127576683233,-0.3739813024034162,0.12613516673652791,56.91065441588043,29.945155651212247,4.003283337557029,4.0032648107654865
aisle,pool,1,17,28,28.0,True,False,True,-10.554036474698313,3.7972218670895774,-0.3769298740963683,0.12318659504357582,45.445963525301686,18.480464760633502,4.009609969135262,4.009591442343719
aisle,pool,1,18,35,35.0,True,False,True,-13.079805299236288,1.2714530425516024,-0.3737087228353225,0.1264077463046216,56.920194700763716,29.954695936095533,4.012823622440315,4.012805095648773
aisle,pool,1,19,16,16.0,True,False,True,-4.757510938001838,9.593747403786052,-0.29734443362511487,0.20277203551482925,27.242489061998164,0.2769902973299807,4.997703856446378e-05,3.145024702178034e-05
aisle,pool,1,20,29,29.0,True,False,True,-11.035782466381278,3.3154758754066123,-0.38054422297866475,0.11957224616127937,46.96421753361872,19.99871876895054,4.014473044034645,4.014454517243102
aisle,pool,2,3,35,35.0,True,False,True,-13.215831836032251,0.1537099793478376,-0.3775951953152072,0.004391713695652499,56.78416816396775,0.1537099793478376,3.8767970856443483,0.1537099793478376
aisle,pool,2,4,29,29.0,True,False,True,-14.347794731031033,-0.9782529156509447,-0.494751542449346,-0.1127646334384863,43.65220526896897,-12.978252915650941,0.003482137548402875,-3.719604968748108
aisle,pool,2,5,29,29.0,True,False,True,-14.1490740004459,0.1987207305851335,-0.48789910346365173,0.006852438985694265,43.8509259995541,0.19872073058512996,0.0073446611899115055,0.0038625236415086306
aisle,pool,2,6,29,29.0,True,False,True,-11.110607305184828,3.237187425846205,-0.3831243898339596,0.11162715261538642,46.88939269481517,3.2371874258462014,3.9396482052310944,3.9361660676826915
aisle,pool,2,7,16,16.0,True,False,True,-4.757514457371532,9.590280273659502,-0.29734465358572076,0.19740688886362523,27.24248554262847,-16.4097197263405,4.645766886923752e-05,-0.0034356798795336374
aisle,pool,2,8,29,29.0,True,False,True,-14.148533014828159,0.1992617162028747,-0.4878804487871779,0.006871093662168093,43.85146698517184,16.60898144254337,0.007885646807650915,0.007839189138781677
aisle,pool,2,9,29,29.0,True,False,True,-11.07507636962599,3.272718361405044,-0.3818991851595169,0.11285235728982912,46.92492363037401,19.682438087745542,3.9751791407899333,3.975132683121064
aisle,pool,2,10,29,29.0,True,False,True,-14.148232390036398,0.19956234099463543,-0.4878700824150482,0.006881460034297793,43.8517676099636,16.609282067335133,0.00818627159941343,0.008139813930544193
aisle,pool,2,11,35,35.0,True,False,True,-13.09811805081929,1.2496766802117438,-0.37423194430912254,0.12051959814022345,56.90188194918071,29.659396406552244,3.9945108708573116,3.9944644131884424
aisle,pool,2,12,29,29.0,True,False,True,-11.047342092289746,3.3004526387412874,-0.3809428307686119,0.11380871168073409,46.952657907710254,19.710172365081785,3.9770919984524866,3.9770455407836174
aisle,pool,2,13,29,29.0,True,False,True,-11.042192190555106,3.3056025404759275,-0.3807652479501761,0.11398629449916992,46.957807809444894,19.715322266816425,3.9822419001871268,3.9821954425182575
aisle,pool,2,14,29,29.0,True,False,True,-11.037650111068743,3.3101446199622906,-0.3806086245196118,0.11414291792973419,46.96234988893126,19.71986434630279,4.01260539934718,4.012558941678311
aisle,pool,2,15,28,28.0,True,False,True,-10.54951318620763,3.7982815448234035,-0.3767683280788439,0.11798321437050208,45.45048681379237,18.208001271163898,4.014133257625943,4.014086799957074
aisle,pool,2,16,29,29.0,True,False,True,-11.035278043607462,3.312516687423571,-0.3805268290899125,0.11422471335943352,46.96472195639254,19.72223641376407,4.01497746680846,4.014931009139591
aisle,pool,2,17,16,16.0,True,False,True,-5.0344951096458015,9.313299621385232,-0.3146559443528626,0.1800955980964834,26.965504890354197,-0.27698065227427193,3.6977692197126544e-05,-9.479976672110979e-06
aisle,pool,2,18,29,29.0,True,False,True,-11.034789615487849,3.3130051155431843,-0.3805099867409603,0.11424155570838568,46.96521038451215,19.99970549415795,4.01546589492807,4.015428917235873
aisle,pool,2,19,29,29.0,True,False,True,-14.147914195413389,0.19988053561764474,-0.48785911018666855,0.006892432262677439,43.85208580458661,16.88658091423241,0.008504466222419182,0.008467488530222056
aisle,pool,2,20,16,16.0,True,False,True,-5.034495097820871,9.313299633210162,-0.31465594361380445,0.18009559883554155,26.965504902179127,1.1824930368220521e-08,3.6989517127494764e-05,1.1824930368220521e-08
aisle,pool,3,3,29,29.0,True,False,True,-14.146478821445019,-2.7661066740627476,-0.48780961453258687,-0.09538298876078444,43.853521178554985,-2.7661066740627405,0.00993984019079619,-3.659943522842852
aisle,pool,3,4,29,29.0,True,False,True,-14.339037562708262,-0.1925587412632428,-0.4944495711278711,-0.006639956595284213,43.66096243729174,-0.19255874126324812,0.012239305871169393,0.0022994656803732028
aisle,pool,3,5,29,29.0,True,False,True,-11.194873059529407,3.144164503178855,-0.386030105501014,0.10841946562685706,46.80512694047059,3.1441645031788568,3.829561031212826,3.81962119102203
aisle,pool,3,6,29,29.0,True,False,True,-14.346707739917832,-0.007670177209570639,-0.4947140599971666,-0.0002644888692955316,43.65329226008217,-0.0076701772095688625,0.00456912866160053,-0.00537071152919566
aisle,pool,3,7,35,35.0,True,False,True,-13.159316552315325,1.1873911876025076,-0.375980472923295,0.1187335870738716,56.840683447684675,13.187391187602508,3.933312369361275,3.9287432406996743
aisle,pool,3,8,29,29.0,True,False,True,-14.14849819138163,0.19820954853620165,-0.48787924797867693,0.006834812018489678,43.851501808618366,0.1982095485361981,0.007920470254177303,0.003351341592576773
aisle,pool,3,9,16,16.0,True,False,True,-5.034361720735875,9.312346019181957,-0.3146476075459922,0.18006645245117442,26.965638279264127,-16.68765398081804,0.0001703666021271033,-0.004398762059473427
aisle,pool,3,10,29,29.0,True,False,True,-14.148096973253589,0.1986107666642436,-0.4878654128708134,0.006848647126353191,43.85190302674641,16.886264747482286,0.008321688382224579,0.008151321780097476
aisle,pool,3,11,28,28.0,True,False,True,-14.00241106806261,0.34429667185522206,-0.5000861095736646,-0.005372049576498006,41.997588931937386,15.03195065267326,0.006765239363481612,0.006594872761354509
aisle,pool,3,12,29,29.0,True,False,True,-14.344419686494494,0.0022880534233387095,-0.4946351616032584,0.005450947970406239,43.65558031350551,16.689942034241383,0.006857182084942792,0.006686815482815689
aisle,pool,3,13,16,16.0,True,False,True,-5.031358855359546,9.315348884558286,-0.3144599284599716,0.185626181113693,26.968641144640454,0.003002865376327435,0.003173231978454538,0.003002865376327435
aisle,pool,3,14,16,16.0,True,False,True,-4.752540666776836,9.594167073140996,-0.29703379167355226,0.20305231790011236,27.247459333223162,0.28182105395903534,0.005020248263562621,0.004849881661435518
aisle,pool,3,15,28,28.0,True,False,True,-13.985681015049673,0.3610267248681591,-0.4994886076803455,0.0005975018933191412,42.01431898495033,15.048680705686202,0.023495292376424004,0.0233249257742969
aisle,pool,3,16,29,29.0,True,False,True,-11.106651639575958,3.2400561003418744,-0.38298798757158475,0.11709812200207986,46.89334836042404,19.927710081159915,3.917782451166275,3.917612084564148
aisle,pool,3,17,28,28.0,True,False,True,-10.570041048829054,3.776666691088778,-0.3775014660296091,0.12258464354405552,45.429958951170946,18.46432067190682,3.993605395004522,3.993435028402395
aisle,pool,3,18,29,29.0,True,False,True,-14.347254283366091,-0.0005465434482587739,-0.4947329063229687,0.005353203250695937,43.65274571663391,16.687107437369782,0.004022585213341756,0.003852218611214653
aisle,pool,3,19,16,16.0,True,False,True,-5.034411823759209,9.312842459606882,-0.31465073898495055,0.18543537058871407,26.965588176240793,-5.010302333374739e-05,0.00012026357879335592,-5.010302333374739e-05
aisle,pool,3,20,35,35.0,True,False,True,-13.087007097510545,1.2602471858555457,-0.3739144885003013,0.12617162107336333,56.91299290248946,29.947404726248664,4.005621824166056,4.005501560587263
aisle,pool,4,3,16,16.0,True,False,True,-4.725128898007158,9.06170832381725,-0.2953205561254474,0.1970664875111386,27.274871101992844,-14.93829167618275,0.309403189330844,0.08706410372915485
aisle,pool,4,4,17,17.0,True,False,True,-4.256124674345292,9.530712547479116,-0.25036027496148777,0.2420267686750982,29.743875325654706,2.4690042236618623,0.4052398518443283,0.18290076624263918
aisle,pool,4,5,29,29.0,True,False,True,-14.308254070546376,-0.5214168487219677,-0.4933880713981509,-0.00100102776156491,43.691745929453624,16.41687482746078,0.716180020195857,0.4938409345941679
aisle,pool,4,6,29,29.0,True,False,True,-13.31326492971959,0.9949891408267852,-0.45907810102481345,0.03430997037333744,44.686735070280406,17.411863968287562,0.8431537319162175,0.6208146463145283
aisle,pool,4,7,17,17.0,True,False,True,-4.143503141200613,10.164750929345763,-0.2437354788941537,0.24965259250399718,29.85649685879939,2.5816257568065453,0.5178613849890112,0.2955222993873221
aisle,pool,4,8,29,29.0,True,False,True,-13.449836537867405,0.8584175326789705,-0.46378746682301397,0.029600604575136913,44.550163462132595,17.27529236013975,0.9014403307120276,0.6791012451103384
aisle,pool,4,9,28,28.0,True,False,True,-13.151672275024263,1.1565817955221132,-0.4697025812508665,0.023685490147284383,42.84832772497574,15.573456622982896,0.8575040324018346,0.6351649468001455
aisle,pool,4,10,16,16.0,True,False,True,-4.292560496347161,10.015693574199215,-0.26828503102169754,0.22510304037645334,27.70743950365284,0.43256840165999577,0.46500041869323994,0.2426613330915508
aisle,pool,4,11,17,17.0,True,False,True,-4.126433118958426,10.18182095158795,-0.24273135993873093,0.2506567114594199,29.873566881041576,2.5986957790487324,0.5349314072311984,0.31259232162950923
aisle,pool,4,12,29,29.0,True,False,True,-13.434003158842767,0.8742509117036086,-0.4632414882359575,0.030146583162193374,44.56599684115723,17.291125739164386,0.9172737097366621,0.694934624134973
aisle,pool,4,13,28,28.0,True,False,True,-13.801304459590659,0.5069496109557168,-0.49290373069966636,0.00048434069848452,42.19869554040934,14.923824438416496,0.7623419842429158,0.5400028986412266
aisle,pool,4,14,29,29.0,True,False,True,-13.432786016371411,0.8754680541749646,-0.46319951780591073,0.030188553592240153,44.56721398362859,17.292342881635747,0.9184908522080235,0.6961517666063344
aisle,pool,4,15,16,16.0,True,False,True,-4.29051290476215,10.017741165784226,-0.2681570565476344,0.2252310148505165,27.70948709523785,0.4346159932450071,0.46704801027825127,0.24470892467656213
aisle,pool,4,16,29,29.0,True,False,True,-13.432426506385514,0.8758275641608613,-0.4631871209098453,0.030200950488305567,44.56757349361449,17.292702391621646,0.9188503621939219,0.6965112765922328
aisle,pool,4,17,35,35.0,True,False,True,-16.191896212074493,-1.8836421415281173,-0.4626256060592712,0.030762465338879663,53.8081037879255,26.53323268593266,0.9007327096021029,0.6783936240004138
aisle,pool,4,18,17,17.0,True,False,True,-4.12471337779078,12.067182834283713,-0.24263019869357527,0.2507578727045756,29.87528662220922,2.6004155202163766,0.5366511483988425,0.3143120627971534
aisle,pool,4,19,17,17.0,True,False,True,-4.1246815779544415,12.067214634120052,-0.24262832811496715,0.25075974328318373,29.87531842204556,2.600447320052716,0.5366829482351818,0.3143438626334927
aisle,pool,4,20,16,16.0,True,False,True,-4.565577540310686,11.626318671763807,-0.2853485962694179,0.208039475128733,27.434422459689316,0.159551357696472,0.468954547027316,0.24661546142562685
aisle,pool,5,3,16,16.0,True,False,True,-5.0344936362390476,5.677102300321885,-0.31465585226494047,0.06790114546937853,26.96550636376095,-18.322897699678116,3.8451098951952645e-05,-3.8520120561736917
aisle,pool,5,4,16,16.0,True,False,True,-4.757510208692359,5.9540857278685735,-0.29734438804327246,0.08521260969104655,27.24248979130764,0.27698342754668914,5.070634804127394e-05,1.2255249089321296e-05
aisle,pool,5,5,28,28.0,True,False,True,-10.613711181743936,0.09788475481699699,-0.379061113633712,0.0034958841006070274,45.38628881825606,18.42078245449511,3.949935262089639,3.949896810990687
aisle,pool,5,6,16,16.0,True,False,True,-4.757513709804266,5.954082226756666,-0.29734460686276665,0.08521239087155236,27.242486290195735,0.27697992643478386,4.7205236135994255e-05,8.75413718404161e-06
aisle,pool,5,7,28,28.0,True,False,True,-10.581176341496501,0.13041959506443135,-0.37789915505344646,0.004657842680872548,45.4188236585035,18.453317294742547,3.982470102337075,3.982431651238123
aisle,pool,5,8,17,17.0,True,False,True,-4.6612837647522065,6.050312171808726,-0.2741931626324827,0.10836383510183628,29.338716235247794,2.373209871486843,8.076143741675423e-05,4.231033846480159e-05
aisle,pool,5,9,28,28.0,True,False,True,-14.003314283095822,-3.291718346534889,-0.5001183672534222,-0.11756136951910318,41.99668571690418,15.03117935314323,0.005862024330276938,0.0058235732313249855
aisle,pool,5,10,28,28.0,True,False,True,-10.56453482186613,3.438779461229691,-0.37730481506664754,0.12281355218677464,45.43546517813387,18.469958814372916,3.999111621967444,3.999073170868492
aisle,pool,5,11,35,35.0,True,False,True,-13.085116232869188,0.9181980502266338,-0.37386046379626253,0.12625790345715965,56.91488376713081,29.94937740336986,4.0075126888074095,4.007474237708458
aisle,pool,5,12,29,29.0,True,False,True,-11.038480909426653,2.964833373669169,-0.3806372727388501,0.11948109451457206,46.96151909057335,19.996012726812395,4.01177460098927,4.011736149890318
aisle,pool,5,13,35,35.0,True,False,True,-13.0786716458244,0.9246426372714218,-0.37367633273784,0.12644203451558217,56.9213283541756,29.95582199041465,4.013957275852199,4.013918824753247
aisle,pool,5,14,17,17.0,True,False,True,-4.661281382786828,9.342032900308993,-0.2741930225168722,0.22592534473654996,29.33871861721317,2.3732122534522198,8.314340279369503e-05,4.469230384174239e-05
aisle,pool,5,15,28,28.0,True,False,True,-10.54855685902717,3.454757424068651,-0.37673417353668465,0.12338419371673753,45.45144314097283,18.485936777211876,4.015089584806404,4.015051133707452
aisle,pool,5,16,28,28.0,True,False,True,-14.003135932071322,0.00017835102450014517,-0.5001119975739757,6.3696794464496165e-06,41.996864067928676,15.031357704167725,0.006040375354771754,0.006001924255819802
aisle,pool,5,17,16,16.0,True,False,True,-4.757510892627662,9.24580339046816,-0.2973444307892289,0.20277393646419328,27.242489107372336,0.2769827436113843,5.002241273643904e-05,1.1571313784486392e-05
aisle,pool,5,18,28,28.0,True,False,True,-14.003135896105714,0.00017838699010752634,-0.5001119962894898,6.370963932411655e-06,41.99686410389428,15.03135774013333,0.006040411320377359,0.006001960221425406
aisle,pool,5,19,28,28.0,True,False,True,-14.003135860628142,0.00017842246768040582,-0.5001119950224336,6.372230988538341e-06,41.99686413937186,15.031357775610907,0.006040446797953791,0.006001995699001839
aisle,pool,5,20,29,29.0,True,False,True,-11.0364008739618,2.9669134091340226,-0.3805655473779931,0.1195528198754291,46.963599126038204,19.998092762277253,3.988033216780437,3.987994765681485
aisle,pool,6,3,28,28.0,True,False,True,-13.63167754164571,0.9134625045960032,-0.48684562648734675,0.03262366087842872,42.36832245835429,0.913462504596005,0.37749876578038766,0.35899236818852387
aisle,pool,6,4,28,28.0,True,False,True,-14.109179213319226,0.4359608329224862,-0.5038992576185438,0.01557002974723165,41.89082078668078,0.43596083292248977,0.45446723051435356,0.43596083292248977
aisle,pool,6,5,29,29.0,True,False,True,-14.410101300296756,0.13503874594495713,-0.49690004483781913,0.022569242527956335,43.58989869970324,2.1350387459449536,0.6143327904454736,0.5958263928536098
aisle,pool,6,6,29,29.0,True,False,True,-14.333356943082583,0.21178310315912974,-0.4942536876925029,0.025215599673272582,43.666643056917415,2.211783103159128,0.691077147659648,0.6725707500677842
aisle,pool,6,7,16,16.0,True,False,True,-4.374687558078728,10.170452488162985,-0.2734179723799205,0.24605131498585497,27.625312441921274,-13.829547511837013,0.38287335696167446,0.3643669593698107
aisle,pool,6,8,16,16.0,True,False,True,-4.642493738019473,9.90264630822224,-0.29015585862621707,0.2293134287395584,27.357506261980525,-0.26780617994074873,0.39203834931852555,0.37353195172666176
aisle,pool,6,9,28,28.0,True,False,True,-13.881862566788076,0.6632774794536367,-0.495780805956717,0.023688481409058493,42.11813743321193,14.760631171231402,0.681783877045504,0.6632774794536402
aisle,pool,6,10,29,29.0,True,False,True,-14.258091621867514,0.2870484243741984,-0.49165833178853496,0.027810955577240504,43.741908378132486,16.38440211615196,0.7663424688747185,0.7478360712828547
aisle,pool,6,11,16,16.0,True,False,True,-4.627589243979736,9.917550802261976,-0.2892243277487335,0.23024495961704194,27.372410756020265,0.014904494039740257,0.4069428433582658,0.388436445766402
aisle,pool,6,12,29,29.0,True,False,True,-13.318789125604015,1.2263509206376977,-0.45926859053806945,0.06020069682770601,44.68121087439599,17.32370461241546,0.8376295360317982,0.8191231384399345
aisle,pool,6,13,29,29.0,True,False,True,-14.248971089039742,0.2961689572019708,-0.4913438306565428,0.028125456709232666,43.75102891096026,16.393522648979733,0.7754630017024908,0.756956604110627
aisle,pool,6,14,17,17.0,True,False,True,-4.188079770753548,10.357060275488164,-0.24635763357373813,0.27311165379203733,29.811920229246454,2.4544139672659284,0.47328475543607595,0.45477835784421217
aisle,pool,6,15,28,28.0,True,False,True,-13.207247135665103,1.3378929105766098,-0.4716873977023251,0.04778188966345037,42.7927528643349,15.435246602354376,0.801929171760996,0.7834227741691322
aisle,pool,6,16,35,35.0,True,False,True,-16.256790634863933,-1.71165058862222,-0.46447973242468377,0.0549895549410917,53.74320936513607,26.385703103155542,0.8358382868126668,0.817331889220803
aisle,pool,6,17,29,29.0,True,False,True,-14.29892921987622,1.957861414987713,-0.4930665248233179,0.026402762542457547,43.70107078012378,16.343564518143253,0.7513262905397013,0.7328198929478376
aisle,pool,6,18,29,29.0,True,False,True,-13.314727386710572,2.94206324815336,-0.45912853057622666,0.06034075678954881,44.68527261328943,17.327766351308902,0.841691274925239,0.8231848773333752
aisle,pool,6,19,29,29.0,True,False,True,-13.497699292961538,2.759091341902394,-0.46543790665384616,0.05403138071192931,44.50230070703846,17.144794445057933,0.8535775756178907,0.8350711780260269
aisle,pool,6,20,16,16.0,True,False,True,-4.624273108874376,11.632517525989556,-0.2890170693046485,0.23045221806112698,27.375726891125623,0.018220629145098144,0.4102589784636237,0.3917525808717599
aisle,pool,7,3,16,16.0,True,False,True,-4.739601169666939,9.305793532901092,-0.29622507310418367,0.1880988821567829,27.26039883033306,-16.69420646709891,0.29493091767105994,-0.010951248340340669
aisle,pool,7,4,29,29.0,True,False,True,-13.653379383480425,0.392015319087605,-0.47080618563725607,0.013517769623710485,44.34662061651957,17.086221786186513,0.6978974850990056,0.4029665674279457
aisle,pool,7,5,29,29.0,True,False,True,-14.282211620291022,-0.23681691772299196,-0.4924900558721042,-0.00816610061113765,43.71778837970898,16.457389549375918,0.7422224704512104,0.4472915527801504
aisle,pool,7,6,16,16.0,True,False,True,-4.320358584000463,9.96185303629056,-0.2700224115000289,0.22246764437207528,27.679641415999537,0.41924258566647765,0.4372023310399378,0.14227141336887783
aisle,pool,7,7,29,29.0,True,False,True,-14.264854429939689,0.01735719035133343,-0.49189153206688585,0.0005985238052183539,43.73514557006031,16.47474673972725,0.7854010804762339,0.49047016280517397
aisle,pool,7,8,29,29.0,True,False,True,-14.196897209127055,0.08531441116396721,-0.48954817962507086,0.002941876247033348,43.80310279087294,16.542703960539882,0.827536881615174,0.5326059639441141
aisle,pool,7,9,29,29.0,True,False,True,-13.439748538534985,0.842463081756037,-0.46343960477706847,0.029050451095035734,44.560251461465015,17.299852631131955,0.9115283300444474,0.6165974123733875
aisle,pool,7,10,29,29.0,True,False,True,-13.435694313134105,0.8465173071569172,-0.46329980390117603,0.02919025197092817,44.56430568686589,17.303906856532834,0.9155825554453259,0.6206516377742659
aisle,pool,7,11,29,29.0,True,False,True,-13.250923642022586,1.0312879782684359,-0.4569284014490547,0.03556165442304948,44.749076357977415,17.488677527644356,0.9054950196132268,0.6105641019421668
aisle,pool,7,12,16,16.0,True,False,True,-4.2908465083348375,9.991365111956185,-0.26817790677092734,0.22431214910117686,27.709153491665163,0.44875466133210296,0.4667144067055631,0.17178348903450313
aisle,pool,7,13,28,28.0,True,False,True,-13.801055589645173,0.4811560306458489,-0.4928948424873276,-0.0004047866152234181,42.19894441035483,14.938545580021767,0.762590854188403,0.46765993651734306
aisle,pool,7,14,16,16.0,True,False,True,-4.290558368492077,9.991653251798946,-0.2681598980307548,0.22473494445657283,27.70944163150792,0.44904280117486195,0.4670025465483221,0.17207162887726213
aisle,pool,7,15,28,28.0,True,False,True,-13.800723026902372,0.4814885933886508,-0.49288296524651326,1.1877240814361922e-05,42.199276973097625,14.938878142764565,0.7629234169312014,0.4679924992601414
aisle,pool,7,16,16,16.0,True,False,True,-4.565722278646454,9.716489341644568,-0.2853576424154034,0.20753720007192422,27.434277721353546,0.17387889102048604,0.468809808691546,0.17387889102048604
aisle,pool,7,17,29,29.0,True,False,True,-14.18187077436396,0.10034084592706272,-0.4890300267022055,0.0038648157851221,43.81812922563604,16.557730395302983,0.8425633163782749,0.5476323987072149
aisle,pool,7,18,29,29.0,True,False,True,-14.181776729780598,0.10043489051042442,-0.4890267837855379,0.003868058701789745,43.818223270219406,16.557824439886346,0.8426573609616383,0.5477264432905784
aisle,pool,7,19,35,35.0,True,False,True,-16.19171134184416,-1.9094997215531393,-0.4626203240526903,0.0302745184346373,53.80828865815584,26.54788982782278,0.9009175798324378,0.6059866621613779
aisle,pool,7,20,17,17.0,True,False,True,-4.124619800295658,12.067091541548503,-0.24262469413503873,0.2502701483522889,29.875380199704342,2.6149813693712822,0.5367447258939642,0.24181380822290421
aisle,pool,8,3,29,29.0,True,False,True,-15.012043829684368,2.1255887424155215,-0.5176566837822196,-0.02801003886507991,42.987956170315634,-9.874411257584477,0.01239026105786678,0.05739391148115658
aisle,pool,8,4,17,17.0,True,False,True,-4.999357947385563,12.138274624714327,-0.2940798792579743,0.22357680452424533,29.000642052614438,-13.987314117701196,-0.33799342119593945,-0.29298977077264965
aisle,pool,8,5,17,17.0,True,False,True,-4.646616383269231,12.491016188830658,-0.27333037548642536,0.24432630829579427,29.353383616730767,0.35274156411632873,0.014748142920389284,0.35274156411632873
aisle,pool,8,6,28,28.0,True,False,True,-14.002558945902114,3.1350736261977747,-0.5000913909250755,0.017565292857144144,41.997441054097884,12.996799001483446,0.006617361523979071,0.3446107827199185
aisle,pool,8,7,29,29.0,True,False,True,-14.151160384113613,2.9864721879862763,-0.4879710477280556,0.029685636054164022,43.84883961588639,14.848197563271953,0.005258277522202093,0.34325169871814154
aisle,pool,8,8,16,16.0,True,False,True,-5.01756323261593,12.120069339483958,-0.31359770203849563,0.204058981743724,26.98243676738407,-2.018205285230369,0.016968854722069437,0.3549622759180089
aisle,pool,8,9,16,16.0,True,False,True,-5.014522057602399,12.12311051449749,-0.3134076286001499,0.2042490551820697,26.9854779423976,0.0030411750135321824,0.02001002973560162,0.35800345093154107
aisle,pool,8,10,28,28.0,True,False,True,-14.56071488912054,2.5769176829793494,-0.520025531754305,-0.002368847972085364,41.43928511087946,14.456848343495391,0.0029315547130366326,0.3409249759089761
aisle,pool,8,11,29,29.0,True,False,True,-15.021059780623272,2.1165727914766173,-0.5179675786421818,0.002057953112123201,42.978940219376724,15.996503451992655,0.003374310118957169,0.3413677313148966
aisle,pool,8,12,28,28.0,True,False,True,-14.560614420528896,2.577018151570993,-0.5200219435903177,3.5881639872670235e-06,41.43938557947111,14.456948812087038,0.003032023304683662,0.3410254445006231
aisle,pool,8,13,29,29.0,True,False,True,-14.15393441926415,2.983698152835739,-0.4880667041125569,0.03195882764174807,43.84606558073585,16.863628813351784,0.002484242371664891,0.34047766356760434
aisle,pool,8,14,16,16.0,True,False,True,-5.012339927040679,12.125292645059211,-0.3132712454400424,0.20675428631426257,26.987660072959322,0.005223305575253079,0.022192160297322516,0.36018558149326196
aisle,pool,8,15,29,29.0,True,False,True,-15.047191372557752,2.0904411995421377,-0.5188686680192328,0.0011568637350721778,42.95280862744225,15.970371860058183,0.0030641378581748313,0.3410575590541143
aisle,pool,8,16,29,29.0,True,False,True,-14.152381901338396,2.985250670761493,-0.4880131690116688,0.03201236274263619,43.847618098661606,16.865181331277537,0.004036760297417175,0.3420301814933566
aisle,pool,8,17,29,29.0,True,False,True,-14.340873120125982,2.796759451973907,-0.49451286621124074,0.02551266554306425,43.659126879874016,16.676690112489947,0.010403748453448713,0.34839716964938816
aisle,pool,8,18,35,35.0,True,False,True,-17.08943505496994,0.048197517129949574,-0.48826957299914114,0.03175595875516385,52.91056494503006,25.92812817764599,0.003193866706659776,0.3411872879025992
aisle,pool,8,19,29,29.0,True,False,True,-14.152033427146637,2.9855991449532517,-0.48800115266022887,0.03202437909407613,43.847966572853366,16.865529805469297,0.004385234489177492,0.34237865568511694
aisle,pool,8,20,29,29.0,True,False,True,-14.340840142868448,2.7967924292314414,-0.49451172906442925,0.025513802689875742,43.659159857131556,16.676723089747487,0.010436725710988526,0.348430146906928
aisle,pool,9,3,28,28.0,True,False,True,-14.887780413398993,-10.196429746675138,-0.5317064433356783,-0.23849702666543737,41.11221958660101,13.803570253324864,-0.3241339695654162,-0.3903442178819603
aisle,pool,9,4,16,16.0,True,False,True,-4.7442146552048,10.143565758194192,-0.2965134159503,0.23519302738537828,27.2557853447952,-0.05286398848094365,0.01334625983560045,0.33748022940101663
aisle,pool,9,5,29,29.0,True,False,True,-15.051590449431114,-0.16381003603212108,-0.5190203603252108,0.012686083010467475,42.94840955056888,15.692624205773683,-0.0013349390151944363,0.32279903055022174
aisle,pool,9,6,29,29.0,True,False,True,-15.049194397465246,0.0023960519658672297,-0.5189377378436292,0.012768705492049115,42.95080560253476,15.695020257739557,0.0010611129506798989,0.3251950825160961
aisle,pool,9,7,16,16.0,True,False,True,-4.7443941404884376,10.307196308942675,-0.29652463378052735,0.23518180955515094,27.25560585951156,-0.00017948528363831429,0.013166774551962135,0.3373007441173783
aisle,pool,9,8,35,35.0,True,False,True,-17.090857107964585,-2.039266658533471,-0.4883102030847024,0.04339624025097588,52.90914289203542,25.653537032523857,0.0017718137120183997,0.3259057832774346
aisle,pool,9,9,29,29.0,True,False,True,-14.12359860628884,2.967258501675744,-0.4870206415961669,0.044685801739511366,43.87640139371116,16.6207955341996,0.032820055346974186,0.35695402491239037
aisle,pool,9,10,29,29.0,True,False,True,-15.031558008665879,2.0592990992987055,-0.5183295865057199,0.013376856829958372,42.96844199133412,15.712836131822556,-0.0071239179236499695,0.3170100516417662
aisle,pool,9,11,16,16.0,True,False,True,-4.7379049385551175,12.352952169409466,-0.29611905865969484,0.23558738467598345,27.26209506144488,0.006489201933320032,0.019655976485282167,0.34378994605069835
aisle,pool,9,12,35,35.0,True,False,True,-17.09218643642115,-0.0013293284565669694,-0.4883481838977472,0.04335825943793109,52.90781356357885,25.652207704067287,0.00044248525544787753,0.32457645482086406
aisle,pool,9,13,17,17.0,True,False,True,-4.638299643940045,12.453886792481107,-0.272841155525885,0.2588652878097933,29.361700356059956,2.106094496548394,0.023064882249578034,0.3471988518149942
aisle,pool,9,14,28,28.0,True,False,True,-14.563296204917336,2.5288902315038158,-0.5201177216041906,0.011588721731487728,41.436703795082664,14.181097935571103,0.00035023891624064163,0.3244842084816568
aisle,pool,9,15,17,17.0,True,False,True,-4.6375082722710514,12.4546781641501,-0.2727946042512383,0.25891183908444,29.362491727728948,2.106885868217386,0.023856253918570047,0.3479902234839862
aisle,pool,9,16,28,28.0,True,False,True,-14.019448824031711,3.0727376123894405,-0.5006946008582754,0.03101184247740285,41.98055117596829,14.724945316456726,-0.010272516605617454,0.3138614529597987
aisle,pool,9,17,29,29.0,True,False,True,-14.13203655193471,2.960149884486441,-0.487311605239128,0.044394838096550315,43.86796344806529,16.612357588553728,0.024382109701100774,0.34851607926651695
aisle,pool,9,18,29,29.0,True,False,True,-14.16294871633993,2.929237720081222,-0.4883775419427562,0.043328901392922115,43.837051283660074,16.581445424148512,-0.006530054704114718,0.31760391486130146
aisle,pool,9,19,29,29.0,True,False,True,-14.345343417126282,2.74684301929487,-0.4946670143836649,0.0370394289520134,43.65465658287372,16.39905072336216,0.005933451453152827,0.330067421018569
aisle,pool,9,20,16,16.0,True,False,True,-5.005876432206298,12.086310004214853,-0.31286727701289363,0.21883916632278466,26.9941235677937,-0.2614822917178614,0.02865565513170054,0.3527896246971167
