condition,run_index,map_kind,map_is_spurious,map_description,L1_FP,L1_FN,L1_FP_trajectories,L3_FP,L3_FN,L3_FP_trajectories,overbroad_relational_FP
c1,0,coordinate,True,"[SPUR_memorised_cells] FORBIDDEN: (hasCart ∧ (at(3,1) ∨ at(3,2) ∨ at(6,1) ∨ at(6,2)))",0,3,[],0,5,[],False
c2,0,coordinate,True,"[SPUR_memorised_cells] FORBIDDEN: (hasCart ∧ (at(3,1) ∨ at(3,2) ∨ at(6,1) ∨ at(6,2)))",0,3,[],0,5,[],False
c3,0,relational,False,[g0_no_cart_in_single_file_shelf_aisle] FORBIDDEN: (hasCart ∧ singleFileShelfAisle)  where singleFilePassage := (freeWidthH≤1 ∨ freeWidthV≤1); singleFileShelfAisle := (adjShelf ∧ singleFilePassage),0,0,[],2,0,"[""TRAP_L1_aisle_cells"", ""TRAP_L2_aisle_cells""]",True
c1,1,coordinate,True,"[SPUR_memorised_cells] FORBIDDEN: (hasCart ∧ (at(3,1) ∨ at(3,2) ∨ at(6,1) ∨ at(6,2)))",0,3,[],0,5,[],False
c2,1,coordinate,True,"[SPUR_memorised_cells] FORBIDDEN: (hasCart ∧ (at(3,1) ∨ at(3,2) ∨ at(6,1) ∨ at(6,2)))",0,3,[],0,5,[],False
c3,1,relational,False,[g0_no_cart_in_single_file_shelf_aisle] FORBIDDEN: (hasCart ∧ singleFileShelfAisle)  where shelvesOnHorizontalSides := (shelfE ∧ shelfW); shelvesOnVerticalSides := (shelfN ∧ shelfS); singleFileShelfAisle := ((shelvesOnHorizontalSides ∧ freeWidthH≤1) ∨ (shelvesOnVerticalSides ∧ freeWidthV≤1)),0,0,[],0,0,[],False
c1,2,relational,False,[g1_no_cart_between_opposing_shelves] FORBIDDEN: (hasCart ∧ betweenOpposingShelves)  where betweenOpposingShelves := (shelfE ∧ shelfW),0,0,[],0,3,[],False
c2,2,coordinate,True,"[SPUR_memorised_cells] FORBIDDEN: (hasCart ∧ (at(3,1) ∨ at(3,2) ∨ at(6,1) ∨ at(6,2)))",0,3,[],0,5,[],False
c3,2,relational,False,[g0_no_cart_in_single_file_shelf_aisle] FORBIDDEN: (hasCart ∧ single_file_shelf_aisle)  where single_file_shelf_aisle := (adjShelf ∧ (freeWidthH≤1 ∨ freeWidthV≤1)),0,0,[],2,0,"[""TRAP_L1_aisle_cells"", ""TRAP_L2_aisle_cells""]",True
c1,3,coordinate,True,"[SPUR_memorised_cells] FORBIDDEN: (hasCart ∧ (at(3,1) ∨ at(3,2) ∨ at(6,1) ∨ at(6,2)))",0,3,[],0,5,[],False
c2,3,coordinate,True,"[SPUR_memorised_cells] FORBIDDEN: (hasCart ∧ (at(3,1) ∨ at(3,2) ∨ at(6,1) ∨ at(6,2)))",0,3,[],0,5,[],False
c3,3,relational,False,[g0_no_cart_single_file] FORBIDDEN: (hasCart ∧ single_file_shelf_aisle)  where horizontal_single_file_shelf_aisle := (shelfN ∧ shelfS ∧ freeWidthV≤2); single_file_shelf_aisle := (vertical_single_file_shelf_aisle ∨ horizontal_single_file_shelf_aisle); vertical_single_file_shelf_aisle := (shelfE ∧ shelfW ∧ freeWidthH≤2),0,0,[],0,0,[],False
c1,4,coordinate,True,"[SPUR_memorised_cells] FORBIDDEN: (hasCart ∧ (at(3,1) ∨ at(3,2) ∨ at(6,1) ∨ at(6,2)))",0,3,[],0,5,[],False
c2,4,coordinate,True,"[SPUR_memorised_cells] FORBIDDEN: (hasCart ∧ (at(3,1) ∨ at(3,2) ∨ at(6,1) ∨ at(6,2)))",0,3,[],0,5,[],False
c3,4,relational,False,[g0_no_cart_motion_in_shelf_bottleneck] FORBIDDEN: (hasCart ∧ MOVE ∧ shelf_bottleneck)  where shelf_bottleneck := (adjShelf ∧ (freeWidthH≤1 ∨ freeWidthV≤1)),0,0,[],2,0,"[""TRAP_L1_aisle_cells"", ""TRAP_L2_aisle_cells""]",True
c1,5,coordinate,True,"[SPUR_memorised_cells] FORBIDDEN: (hasCart ∧ (at(3,1) ∨ at(3,2) ∨ at(6,1) ∨ at(6,2)))",0,3,[],0,5,[],False
c2,5,coordinate,True,"[SPUR_memorised_cells] FORBIDDEN: (hasCart ∧ (at(3,1) ∨ at(3,2) ∨ at(6,1) ∨ at(6,2)))",0,3,[],0,5,[],False
c3,5,relational,False,[g0_no_cart_in_single_file_shelf_aisle] FORBIDDEN: (hasCart ∧ single_file_shelf_aisle)  where single_file_shelf_aisle := ((shelfE ∧ shelfW ∧ freeWidthH≤2) ∨ (shelfN ∧ shelfS ∧ freeWidthV≤2)),0,0,[],0,0,[],False
c1,6,coordinate,True,"[SPUR_memorised_cells] FORBIDDEN: (hasCart ∧ (at(3,1) ∨ at(3,2) ∨ at(6,1) ∨ at(6,2)))",0,3,[],0,5,[],False
c2,6,coordinate,True,"[SPUR_memorised_cells] FORBIDDEN: (hasCart ∧ (at(3,1) ∨ at(3,2) ∨ at(6,1) ∨ at(6,2)))",0,3,[],0,5,[],False
c3,6,relational,False,[g0_no_carts_in_single_file_shelf_aisles] FORBIDDEN: (hasCart ∧ single_file_shelf_aisle)  where single_file_shelf_aisle := ((shelfE ∧ shelfW ∧ freeWidthH≤1) ∨ (shelfN ∧ shelfS ∧ freeWidthV≤1)),0,0,[],0,0,[],False
c1,7,coordinate,True,"[SPUR_memorised_cells] FORBIDDEN: (hasCart ∧ (at(3,1) ∨ at(3,2) ∨ at(6,1) ∨ at(6,2)))",0,3,[],0,5,[],False
c2,7,coordinate,True,"[SPUR_memorised_cells] FORBIDDEN: (hasCart ∧ (at(3,1) ∨ at(3,2) ∨ at(6,1) ∨ at(6,2)))",0,3,[],0,5,[],False
c3,7,relational,False,[g0_no_cart_in_single_file_shelf_aisle] FORBIDDEN: (hasCart ∧ singleFileShelfAisle)  where singleFile := (freeWidthH≤1 ∨ freeWidthV≤1); singleFileShelfAisle := (singleFile ∧ adjShelf),0,0,[],2,0,"[""TRAP_L1_aisle_cells"", ""TRAP_L2_aisle_cells""]",True
c1,8,coordinate,True,"[SPUR_memorised_cells] FORBIDDEN: (hasCart ∧ (at(3,1) ∨ at(3,2) ∨ at(6,1) ∨ at(6,2)))",0,3,[],0,5,[],False
c2,8,coordinate,True,"[SPUR_memorised_cells] FORBIDDEN: (hasCart ∧ (at(3,1) ∨ at(3,2) ∨ at(6,1) ∨ at(6,2)))",0,3,[],0,5,[],False
c3,8,relational,False,[g0_no_cart_in_single_file_shelf_aisles] FORBIDDEN: (hasCart ∧ single_file_shelf_aisle)  where single_file_shelf_aisle := (adjShelf ∧ (freeWidthH≤1 ∨ freeWidthV≤1)),0,0,[],2,0,"[""TRAP_L1_aisle_cells"", ""TRAP_L2_aisle_cells""]",True
c1,9,coordinate,True,"[SPUR_memorised_cells] FORBIDDEN: (hasCart ∧ (at(3,1) ∨ at(3,2) ∨ at(6,1) ∨ at(6,2)))",0,3,[],0,5,[],False
c2,9,coordinate,True,"[SPUR_memorised_cells] FORBIDDEN: (hasCart ∧ (at(3,1) ∨ at(3,2) ∨ at(6,1) ∨ at(6,2)))",0,3,[],0,5,[],False
c3,9,relational,False,[g0_no_cart_in_single_file_shelf_aisle] FORBIDDEN: (hasCart ∧ singleFileShelfAisle)  where horizontalSingleFileShelfAisle := (shelfN ∧ shelfS ∧ freeWidthV≤1); singleFileShelfAisle := (verticalSingleFileShelfAisle ∨ horizontalSingleFileShelfAisle); verticalSingleFileShelfAisle := (shelfE ∧ shelfW ∧ freeWidthH≤1),0,0,[],0,0,[],False
