domain,reference_hypothesis,is_intended,proposed_in_runs,n_runs,n_errors
cart,H_int,True,7,10,0
cart,A0_any_to_last,False,0,10,0
cart,A0_first_to_last,False,2,10,0
cart,A0_interact_last,False,10,10,0
cart,A0_visit_last,False,0,10,0
cart,H_item,False,0,10,0
cart,H_uncond,False,0,10,0
cart,H_visit,False,0,10,0
cart,H_leave,False,0,10,0
cart,H_noexit,False,7,10,0
aisle,S_inAisle,True,2,4,6
aisle,S_corridor,False,2,4,6
aisle,S_nearShelf,False,0,4,6
aisle,S_noShelfInteractWithCart,False,0,4,6
aisle,S_memorised,False,0,4,6
aisle,B0_cells,False,3,4,6
aisle,B0_pickcells,False,2,4,6
