domain,method,rho,n_runs,n_errors,errors,accuracy_mean,accuracy_sd,accuracy_ci_lo,accuracy_ci_hi,violation_f1_mean,violation_f1_sd,violation_f1_ci_lo,violation_f1_ci_hi,P_intended_mean,P_intended_sd,P_intended_ci_lo,P_intended_ci_hi,n_refinements_mean,n_refinements_sd,n_refinements_ci_lo,n_refinements_ci_hi,n_hypotheses_mean,n_hypotheses_sd,n_hypotheses_ci_lo,n_hypotheses_ci_hi,n_rejected_proposals_mean,n_rejected_proposals_sd,n_rejected_proposals_ci_lo,n_rejected_proposals_ci_hi,input_tokens_mean,input_tokens_sd,input_tokens_ci_lo,input_tokens_ci_hi,output_tokens_mean,output_tokens_sd,output_tokens_ci_lo,output_tokens_ci_hi,refinement_rate,refinement_index_values,intended_proposed_rate,map_intended_rate,map_counts,unseen_accuracy_mean,unseen_accuracy_sd,unseen_accuracy_ci_lo,unseen_accuracy_ci_hi
cart,full,0.01,10,0,[],0.8,0.0,0.8,0.8,0.8,0.0,0.8,0.8,0.0,0.0,0.0,0.0,0.0,0.0,0.0,0.0,8.0,0.0,8.0,8.0,0.0,0.0,0.0,0.0,0.0,0.0,0.0,0.0,0.0,0.0,0.0,0.0,0.0,[],0.0,0.0,"{""[g0_visit_upper_left_service_counter] OBLIGED: after start, eventually (at(0,1) \u2227 INTERACT"": 1, ""[g0_must_check_counter_0_1] OBLIGED: after start, eventually (at(0,1) \u2227 INTERACT) (before "": 1, ""[g0_must_visit_service_01] OBLIGED: after start, eventually (at(0,1) \u2227 INTERACT) (before e"": 1, ""[g0_service_desk_before_exit] OBLIGED: after start, eventually (at(0,1) \u2227 INTERACT) (befor"": 1, ""[g0_must_interact_0_1] OBLIGED: after start, eventually (at(0,1) \u2227 INTERACT) (before exit)"": 2, ""[g0_must_visit_service_desk] OBLIGED: after start, eventually (at(0,1) \u2227 INTERACT) (before"": 1, ""[g0_courtesy_desk_checkin] OBLIGED: after start, eventually (at(0,1) \u2227 INTERACT) (before e"": 1, ""[g0_check_service_desk] OBLIGED: after start, eventually (at(0,1) \u2227 INTERACT) (before exit"": 1, ""[g0_must_visit_service_0_1] OBLIGED: after start, eventually (at(0,1) \u2227 INTERACT) (before "": 1}",,,,
cart,full,0.025,10,0,[],0.8,0.0,0.8,0.8,0.8,0.0,0.8,0.8,0.0,0.0,0.0,0.0,0.0,0.0,0.0,0.0,8.0,0.0,8.0,8.0,0.0,0.0,0.0,0.0,0.0,0.0,0.0,0.0,0.0,0.0,0.0,0.0,0.0,[],0.0,0.0,"{""[g0_visit_upper_left_service_counter] OBLIGED: after start, eventually (at(0,1) \u2227 INTERACT"": 1, ""[g0_must_check_counter_0_1] OBLIGED: after start, eventually (at(0,1) \u2227 INTERACT) (before "": 1, ""[g0_must_visit_service_01] OBLIGED: after start, eventually (at(0,1) \u2227 INTERACT) (before e"": 1, ""[g0_service_desk_before_exit] OBLIGED: after start, eventually (at(0,1) \u2227 INTERACT) (befor"": 1, ""[g0_must_interact_0_1] OBLIGED: after start, eventually (at(0,1) \u2227 INTERACT) (before exit)"": 2, ""[g0_must_visit_service_desk] OBLIGED: after start, eventually (at(0,1) \u2227 INTERACT) (before"": 1, ""[g0_courtesy_desk_checkin] OBLIGED: after start, eventually (at(0,1) \u2227 INTERACT) (before e"": 1, ""[g0_check_service_desk] OBLIGED: after start, eventually (at(0,1) \u2227 INTERACT) (before exit"": 1, ""[g0_must_visit_service_0_1] OBLIGED: after start, eventually (at(0,1) \u2227 INTERACT) (before "": 1}",,,,
cart,full,0.05,10,0,[],0.8,0.0,0.8,0.8,0.8,0.0,0.8,0.8,0.0,0.0,0.0,0.0,0.0,0.0,0.0,0.0,8.0,0.0,8.0,8.0,0.0,0.0,0.0,0.0,0.0,0.0,0.0,0.0,0.0,0.0,0.0,0.0,0.0,[],0.0,0.0,"{""[g0_visit_upper_left_service_counter] OBLIGED: after start, eventually (at(0,1) \u2227 INTERACT"": 1, ""[g0_must_check_counter_0_1] OBLIGED: after start, eventually (at(0,1) \u2227 INTERACT) (before "": 1, ""[g0_must_visit_service_01] OBLIGED: after start, eventually (at(0,1) \u2227 INTERACT) (before e"": 1, ""[g0_service_desk_before_exit] OBLIGED: after start, eventually (at(0,1) \u2227 INTERACT) (befor"": 1, ""[g0_must_interact_0_1] OBLIGED: after start, eventually (at(0,1) \u2227 INTERACT) (before exit)"": 2, ""[g0_must_visit_service_desk] OBLIGED: after start, eventually (at(0,1) \u2227 INTERACT) (before"": 1, ""[g0_courtesy_desk_checkin] OBLIGED: after start, eventually (at(0,1) \u2227 INTERACT) (before e"": 1, ""[g0_check_service_desk] OBLIGED: after start, eventually (at(0,1) \u2227 INTERACT) (before exit"": 1, ""[g0_must_visit_service_0_1] OBLIGED: after start, eventually (at(0,1) \u2227 INTERACT) (before "": 1}",,,,
cart,full,0.1,10,0,[],0.8,0.0,0.8,0.8,0.8,0.0,0.8,0.8,0.0,0.0,0.0,0.0,0.0,0.0,0.0,0.0,8.0,0.0,8.0,8.0,0.0,0.0,0.0,0.0,0.0,0.0,0.0,0.0,0.0,0.0,0.0,0.0,0.0,[],0.0,0.0,"{""[g0_visit_upper_left_service_counter] OBLIGED: after start, eventually (at(0,1) \u2227 INTERACT"": 1, ""[g0_must_check_counter_0_1] OBLIGED: after start, eventually (at(0,1) \u2227 INTERACT) (before "": 1, ""[g0_must_visit_service_01] OBLIGED: after start, eventually (at(0,1) \u2227 INTERACT) (before e"": 1, ""[g0_service_desk_before_exit] OBLIGED: after start, eventually (at(0,1) \u2227 INTERACT) (befor"": 1, ""[g0_must_interact_0_1] OBLIGED: after start, eventually (at(0,1) \u2227 INTERACT) (before exit)"": 2, ""[g0_must_visit_service_desk] OBLIGED: after start, eventually (at(0,1) \u2227 INTERACT) (before"": 1, ""[g0_courtesy_desk_checkin] OBLIGED: after start, eventually (at(0,1) \u2227 INTERACT) (before e"": 1, ""[g0_check_service_desk] OBLIGED: after start, eventually (at(0,1) \u2227 INTERACT) (before exit"": 1, ""[g0_must_visit_service_0_1] OBLIGED: after start, eventually (at(0,1) \u2227 INTERACT) (before "": 1}",,,,
cart,full,0.2,10,0,[],0.8,0.0,0.8,0.8,0.8,0.0,0.8,0.8,0.0,0.0,0.0,0.0,0.0,0.0,0.0,0.0,8.0,0.0,8.0,8.0,0.0,0.0,0.0,0.0,0.0,0.0,0.0,0.0,0.0,0.0,0.0,0.0,0.0,[],0.0,0.0,"{""[g0_visit_upper_left_service_counter] OBLIGED: after start, eventually (at(0,1) \u2227 INTERACT"": 1, ""[g0_must_check_counter_0_1] OBLIGED: after start, eventually (at(0,1) \u2227 INTERACT) (before "": 1, ""[g0_must_visit_service_01] OBLIGED: after start, eventually (at(0,1) \u2227 INTERACT) (before e"": 1, ""[g0_service_desk_before_exit] OBLIGED: after start, eventually (at(0,1) \u2227 INTERACT) (befor"": 1, ""[g0_must_interact_0_1] OBLIGED: after start, eventually (at(0,1) \u2227 INTERACT) (before exit)"": 2, ""[g0_must_visit_service_desk] OBLIGED: after start, eventually (at(0,1) \u2227 INTERACT) (before"": 1, ""[g0_courtesy_desk_checkin] OBLIGED: after start, eventually (at(0,1) \u2227 INTERACT) (before e"": 1, ""[g0_check_service_desk] OBLIGED: after start, eventually (at(0,1) \u2227 INTERACT) (before exit"": 1, ""[g0_must_visit_service_0_1] OBLIGED: after start, eventually (at(0,1) \u2227 INTERACT) (before "": 1}",,,,
cart,full,0.4,10,0,[],0.8,0.0,0.8,0.8,0.8,0.0,0.8,0.8,0.0,0.0,0.0,0.0,0.0,0.0,0.0,0.0,8.0,0.0,8.0,8.0,0.0,0.0,0.0,0.0,0.0,0.0,0.0,0.0,0.0,0.0,0.0,0.0,0.0,[],0.0,0.0,"{""[g0_visit_upper_left_service_counter] OBLIGED: after start, eventually (at(0,1) \u2227 INTERACT"": 1, ""[g0_must_check_counter_0_1] OBLIGED: after start, eventually (at(0,1) \u2227 INTERACT) (before "": 1, ""[g0_must_visit_service_01] OBLIGED: after start, eventually (at(0,1) \u2227 INTERACT) (before e"": 1, ""[g0_service_desk_before_exit] OBLIGED: after start, eventually (at(0,1) \u2227 INTERACT) (befor"": 1, ""[g0_must_interact_0_1] OBLIGED: after start, eventually (at(0,1) \u2227 INTERACT) (before exit)"": 2, ""[g0_must_visit_service_desk] OBLIGED: after start, eventually (at(0,1) \u2227 INTERACT) (before"": 1, ""[g0_courtesy_desk_checkin] OBLIGED: after start, eventually (at(0,1) \u2227 INTERACT) (before e"": 1, ""[g0_check_service_desk] OBLIGED: after start, eventually (at(0,1) \u2227 INTERACT) (before exit"": 1, ""[g0_must_visit_service_0_1] OBLIGED: after start, eventually (at(0,1) \u2227 INTERACT) (before "": 1}",,,,
cart,full,0.6,10,0,[],0.8,0.0,0.8,0.8,0.8,0.0,0.8,0.8,0.0,0.0,0.0,0.0,0.0,0.0,0.0,0.0,8.0,0.0,8.0,8.0,0.0,0.0,0.0,0.0,0.0,0.0,0.0,0.0,0.0,0.0,0.0,0.0,0.0,[],0.0,0.0,"{""[g0_visit_upper_left_service_counter] OBLIGED: after start, eventually (at(0,1) \u2227 INTERACT"": 1, ""[g0_must_check_counter_0_1] OBLIGED: after start, eventually (at(0,1) \u2227 INTERACT) (before "": 1, ""[g0_must_visit_service_01] OBLIGED: after start, eventually (at(0,1) \u2227 INTERACT) (before e"": 1, ""[g0_service_desk_before_exit] OBLIGED: after start, eventually (at(0,1) \u2227 INTERACT) (befor"": 1, ""[g0_must_interact_0_1] OBLIGED: after start, eventually (at(0,1) \u2227 INTERACT) (before exit)"": 2, ""[g0_must_visit_service_desk] OBLIGED: after start, eventually (at(0,1) \u2227 INTERACT) (before"": 1, ""[g0_courtesy_desk_checkin] OBLIGED: after start, eventually (at(0,1) \u2227 INTERACT) (before e"": 1, ""[g0_check_service_desk] OBLIGED: after start, eventually (at(0,1) \u2227 INTERACT) (before exit"": 1, ""[g0_must_visit_service_0_1] OBLIGED: after start, eventually (at(0,1) \u2227 INTERACT) (before "": 1}",,,,
cart,full,0.8,10,0,[],0.8,0.0,0.8,0.8,0.8,0.0,0.8,0.8,0.0,0.0,0.0,0.0,0.0,0.0,0.0,0.0,8.0,0.0,8.0,8.0,0.0,0.0,0.0,0.0,0.0,0.0,0.0,0.0,0.0,0.0,0.0,0.0,0.0,[],0.0,0.0,"{""[g0_visit_upper_left_service_counter] OBLIGED: after start, eventually (at(0,1) \u2227 INTERACT"": 1, ""[g0_must_check_counter_0_1] OBLIGED: after start, eventually (at(0,1) \u2227 INTERACT) (before "": 1, ""[g0_must_visit_service_01] OBLIGED: after start, eventually (at(0,1) \u2227 INTERACT) (before e"": 1, ""[g0_service_desk_before_exit] OBLIGED: after start, eventually (at(0,1) \u2227 INTERACT) (befor"": 1, ""[g0_must_interact_0_1] OBLIGED: after start, eventually (at(0,1) \u2227 INTERACT) (before exit)"": 2, ""[g0_must_visit_service_desk] OBLIGED: after start, eventually (at(0,1) \u2227 INTERACT) (before"": 1, ""[g0_courtesy_desk_checkin] OBLIGED: after start, eventually (at(0,1) \u2227 INTERACT) (before e"": 1, ""[g0_check_service_desk] OBLIGED: after start, eventually (at(0,1) \u2227 INTERACT) (before exit"": 1, ""[g0_must_visit_service_0_1] OBLIGED: after start, eventually (at(0,1) \u2227 INTERACT) (before "": 1}",,,,
aisle,full,0.01,10,0,[],0.5999999999999999,1.1702778228589004e-16,0.5999999999999999,0.5999999999999999,0.33333333333333337,0.0,0.33333333333333337,0.33333333333333337,0.0,0.0,0.0,0.0,0.0,0.0,0.0,0.0,8.0,0.0,8.0,8.0,0.0,0.0,0.0,0.0,0.0,0.0,0.0,0.0,0.0,0.0,0.0,0.0,0.0,[],0.0,0.0,"{""[g0_no_cart_north_from_parking] FORBIDDEN: (at(3,3) \u2227 hasCart \u2227 N)"": 1, ""[g0_no_cart_north_aisle] FORBIDDEN: (hasCart \u2227 (at(3,1) \u2228 at(3,2)))"": 2, ""[g0_no_north_with_cart_from_3_3] FORBIDDEN: (at(3,3) \u2227 hasCart \u2227 N)"": 1, ""[g0_no_cart_north_from_3_3] FORBIDDEN: (at(3,3) \u2227 hasCart \u2227 N)"": 1, ""[g0_no_cart_in_north_aisle] FORBIDDEN: (hasCart \u2227 (at(3,1) \u2228 at(3,2)))"": 1, ""[g0_park_cart_before_north_aisle] FORBIDDEN: (N \u2227 at(3,3) \u2227 hasCart)"": 1, ""[g0_no_cart_into_item_area] FORBIDDEN: (at(3,3) \u2227 hasCart \u2227 N)"": 1, ""[g0_no_cart_north_from_aisle_entry] FORBIDDEN: (at(3,3) \u2227 hasCart \u2227 N)"": 1, ""[g0_park_before_north_from_3_3] FORBIDDEN: (at(3,3) \u2227 hasCart \u2227 N)"": 1}",0.4,0.0,0.4,0.4
aisle,full,0.025,10,0,[],0.5999999999999999,1.1702778228589004e-16,0.5999999999999999,0.5999999999999999,0.33333333333333337,0.0,0.33333333333333337,0.33333333333333337,0.0,0.0,0.0,0.0,0.0,0.0,0.0,0.0,8.0,0.0,8.0,8.0,0.0,0.0,0.0,0.0,0.0,0.0,0.0,0.0,0.0,0.0,0.0,0.0,0.0,[],0.0,0.0,"{""[g0_no_cart_north_from_parking] FORBIDDEN: (at(3,3) \u2227 hasCart \u2227 N)"": 1, ""[g0_no_cart_north_aisle] FORBIDDEN: (hasCart \u2227 (at(3,1) \u2228 at(3,2)))"": 2, ""[g0_no_north_with_cart_from_3_3] FORBIDDEN: (at(3,3) \u2227 hasCart \u2227 N)"": 1, ""[g0_no_cart_north_from_3_3] FORBIDDEN: (at(3,3) \u2227 hasCart \u2227 N)"": 1, ""[g0_no_cart_in_north_aisle] FORBIDDEN: (hasCart \u2227 (at(3,1) \u2228 at(3,2)))"": 1, ""[g0_park_cart_before_north_aisle] FORBIDDEN: (N \u2227 at(3,3) \u2227 hasCart)"": 1, ""[g0_no_cart_into_item_area] FORBIDDEN: (at(3,3) \u2227 hasCart \u2227 N)"": 1, ""[g0_no_cart_north_from_aisle_entry] FORBIDDEN: (at(3,3) \u2227 hasCart \u2227 N)"": 1, ""[g0_park_before_north_from_3_3] FORBIDDEN: (at(3,3) \u2227 hasCart \u2227 N)"": 1}",0.4,0.0,0.4,0.4
aisle,full,0.05,10,0,[],0.5999999999999999,1.1702778228589004e-16,0.5999999999999999,0.5999999999999999,0.33333333333333337,0.0,0.33333333333333337,0.33333333333333337,0.0,0.0,0.0,0.0,0.0,0.0,0.0,0.0,8.0,0.0,8.0,8.0,0.0,0.0,0.0,0.0,0.0,0.0,0.0,0.0,0.0,0.0,0.0,0.0,0.0,[],0.0,0.0,"{""[g0_no_cart_north_from_parking] FORBIDDEN: (at(3,3) \u2227 hasCart \u2227 N)"": 1, ""[g0_no_cart_north_aisle] FORBIDDEN: (hasCart \u2227 (at(3,1) \u2228 at(3,2)))"": 2, ""[g0_no_north_with_cart_from_3_3] FORBIDDEN: (at(3,3) \u2227 hasCart \u2227 N)"": 1, ""[g0_no_cart_north_from_3_3] FORBIDDEN: (at(3,3) \u2227 hasCart \u2227 N)"": 1, ""[g0_no_cart_in_north_aisle] FORBIDDEN: (hasCart \u2227 (at(3,1) \u2228 at(3,2)))"": 1, ""[g0_park_cart_before_north_aisle] FORBIDDEN: (N \u2227 at(3,3) \u2227 hasCart)"": 1, ""[g0_no_cart_into_item_area] FORBIDDEN: (at(3,3) \u2227 hasCart \u2227 N)"": 1, ""[g0_no_cart_north_from_aisle_entry] FORBIDDEN: (at(3,3) \u2227 hasCart \u2227 N)"": 1, ""[g0_park_before_north_from_3_3] FORBIDDEN: (at(3,3) \u2227 hasCart \u2227 N)"": 1}",0.4,0.0,0.4,0.4
aisle,full,0.1,10,0,[],0.5999999999999999,1.1702778228589004e-16,0.5999999999999999,0.5999999999999999,0.33333333333333337,0.0,0.33333333333333337,0.33333333333333337,0.0,0.0,0.0,0.0,0.0,0.0,0.0,0.0,8.0,0.0,8.0,8.0,0.0,0.0,0.0,0.0,0.0,0.0,0.0,0.0,0.0,0.0,0.0,0.0,0.0,[],0.0,0.0,"{""[g0_no_cart_north_from_parking] FORBIDDEN: (at(3,3) \u2227 hasCart \u2227 N)"": 1, ""[g0_no_cart_north_aisle] FORBIDDEN: (hasCart \u2227 (at(3,1) \u2228 at(3,2)))"": 2, ""[g0_no_north_with_cart_from_3_3] FORBIDDEN: (at(3,3) \u2227 hasCart \u2227 N)"": 1, ""[g0_no_cart_north_from_3_3] FORBIDDEN: (at(3,3) \u2227 hasCart \u2227 N)"": 1, ""[g0_no_cart_in_north_aisle] FORBIDDEN: (hasCart \u2227 (at(3,1) \u2228 at(3,2)))"": 1, ""[g0_park_cart_before_north_aisle] FORBIDDEN: (N \u2227 at(3,3) \u2227 hasCart)"": 1, ""[g0_no_cart_into_item_area] FORBIDDEN: (at(3,3) \u2227 hasCart \u2227 N)"": 1, ""[g0_no_cart_north_from_aisle_entry] FORBIDDEN: (at(3,3) \u2227 hasCart \u2227 N)"": 1, ""[g0_park_before_north_from_3_3] FORBIDDEN: (at(3,3) \u2227 hasCart \u2227 N)"": 1}",0.4,0.0,0.4,0.4
aisle,full,0.2,10,0,[],0.5999999999999999,1.1702778228589004e-16,0.5999999999999999,0.5999999999999999,0.33333333333333337,0.0,0.33333333333333337,0.33333333333333337,0.0,0.0,0.0,0.0,0.0,0.0,0.0,0.0,8.0,0.0,8.0,8.0,0.0,0.0,0.0,0.0,0.0,0.0,0.0,0.0,0.0,0.0,0.0,0.0,0.0,[],0.0,0.0,"{""[g0_no_cart_north_from_parking] FORBIDDEN: (at(3,3) \u2227 hasCart \u2227 N)"": 1, ""[g0_no_cart_north_aisle] FORBIDDEN: (hasCart \u2227 (at(3,1) \u2228 at(3,2)))"": 2, ""[g0_no_north_with_cart_from_3_3] FORBIDDEN: (at(3,3) \u2227 hasCart \u2227 N)"": 1, ""[g0_no_cart_north_from_3_3] FORBIDDEN: (at(3,3) \u2227 hasCart \u2227 N)"": 1, ""[g0_no_cart_in_north_aisle] FORBIDDEN: (hasCart \u2227 (at(3,1) \u2228 at(3,2)))"": 1, ""[g0_park_cart_before_north_aisle] FORBIDDEN: (N \u2227 at(3,3) \u2227 hasCart)"": 1, ""[g0_no_cart_into_item_area] FORBIDDEN: (at(3,3) \u2227 hasCart \u2227 N)"": 1, ""[g0_no_cart_north_from_aisle_entry] FORBIDDEN: (at(3,3) \u2227 hasCart \u2227 N)"": 1, ""[g0_park_before_north_from_3_3] FORBIDDEN: (at(3,3) \u2227 hasCart \u2227 N)"": 1}",0.4,0.0,0.4,0.4
aisle,full,0.4,10,0,[],0.5999999999999999,1.1702778228589004e-16,0.5999999999999999,0.5999999999999999,0.33333333333333337,0.0,0.33333333333333337,0.33333333333333337,0.0,0.0,0.0,0.0,0.0,0.0,0.0,0.0,8.0,0.0,8.0,8.0,0.0,0.0,0.0,0.0,0.0,0.0,0.0,0.0,0.0,0.0,0.0,0.0,0.0,[],0.0,0.0,"{""[g0_no_cart_north_from_parking] FORBIDDEN: (at(3,3) \u2227 hasCart \u2227 N)"": 1, ""[g0_no_cart_north_aisle] FORBIDDEN: (hasCart \u2227 (at(3,1) \u2228 at(3,2)))"": 2, ""[g0_no_north_with_cart_from_3_3] FORBIDDEN: (at(3,3) \u2227 hasCart \u2227 N)"": 1, ""[g0_no_cart_north_from_3_3] FORBIDDEN: (at(3,3) \u2227 hasCart \u2227 N)"": 1, ""[g0_no_cart_in_north_aisle] FORBIDDEN: (hasCart \u2227 (at(3,1) \u2228 at(3,2)))"": 1, ""[g0_park_cart_before_north_aisle] FORBIDDEN: (N \u2227 at(3,3) \u2227 hasCart)"": 1, ""[g0_no_cart_into_item_area] FORBIDDEN: (at(3,3) \u2227 hasCart \u2227 N)"": 1, ""[g0_no_cart_north_from_aisle_entry] FORBIDDEN: (at(3,3) \u2227 hasCart \u2227 N)"": 1, ""[g0_park_before_north_from_3_3] FORBIDDEN: (at(3,3) \u2227 hasCart \u2227 N)"": 1}",0.4,0.0,0.4,0.4
aisle,full,0.6,10,0,[],0.5999999999999999,1.1702778228589004e-16,0.5999999999999999,0.5999999999999999,0.33333333333333337,0.0,0.33333333333333337,0.33333333333333337,0.0,0.0,0.0,0.0,0.0,0.0,0.0,0.0,8.0,0.0,8.0,8.0,0.0,0.0,0.0,0.0,0.0,0.0,0.0,0.0,0.0,0.0,0.0,0.0,0.0,[],0.0,0.0,"{""[g0_no_cart_north_from_parking] FORBIDDEN: (at(3,3) \u2227 hasCart \u2227 N)"": 1, ""[g0_no_cart_north_aisle] FORBIDDEN: (hasCart \u2227 (at(3,1) \u2228 at(3,2)))"": 2, ""[g0_no_north_with_cart_from_3_3] FORBIDDEN: (at(3,3) \u2227 hasCart \u2227 N)"": 1, ""[g0_no_cart_north_from_3_3] FORBIDDEN: (at(3,3) \u2227 hasCart \u2227 N)"": 1, ""[g0_no_cart_in_north_aisle] FORBIDDEN: (hasCart \u2227 (at(3,1) \u2228 at(3,2)))"": 1, ""[g0_park_cart_before_north_aisle] FORBIDDEN: (N \u2227 at(3,3) \u2227 hasCart)"": 1, ""[g0_no_cart_into_item_area] FORBIDDEN: (at(3,3) \u2227 hasCart \u2227 N)"": 1, ""[g0_no_cart_north_from_aisle_entry] FORBIDDEN: (at(3,3) \u2227 hasCart \u2227 N)"": 1, ""[g0_park_before_north_from_3_3] FORBIDDEN: (at(3,3) \u2227 hasCart \u2227 N)"": 1}",0.4,0.0,0.4,0.4
aisle,full,0.8,10,0,[],0.5999999999999999,1.1702778228589004e-16,0.5999999999999999,0.5999999999999999,0.33333333333333337,0.0,0.33333333333333337,0.33333333333333337,0.0,0.0,0.0,0.0,0.0,0.0,0.0,0.0,8.0,0.0,8.0,8.0,0.0,0.0,0.0,0.0,0.0,0.0,0.0,0.0,0.0,0.0,0.0,0.0,0.0,[],0.0,0.0,"{""[g0_no_cart_north_from_parking] FORBIDDEN: (at(3,3) \u2227 hasCart \u2227 N)"": 1, ""[g0_no_cart_north_aisle] FORBIDDEN: (hasCart \u2227 (at(3,1) \u2228 at(3,2)))"": 2, ""[g0_no_north_with_cart_from_3_3] FORBIDDEN: (at(3,3) \u2227 hasCart \u2227 N)"": 1, ""[g0_no_cart_north_from_3_3] FORBIDDEN: (at(3,3) \u2227 hasCart \u2227 N)"": 1, ""[g0_no_cart_in_north_aisle] FORBIDDEN: (hasCart \u2227 (at(3,1) \u2228 at(3,2)))"": 1, ""[g0_park_cart_before_north_aisle] FORBIDDEN: (N \u2227 at(3,3) \u2227 hasCart)"": 1, ""[g0_no_cart_into_item_area] FORBIDDEN: (at(3,3) \u2227 hasCart \u2227 N)"": 1, ""[g0_no_cart_north_from_aisle_entry] FORBIDDEN: (at(3,3) \u2227 hasCart \u2227 N)"": 1, ""[g0_park_before_north_from_3_3] FORBIDDEN: (at(3,3) \u2227 hasCart \u2227 N)"": 1}",0.4,0.0,0.4,0.4
