guidance,run,intended_proposed,nodes_MAP,tokens_MAP,tokens_MAP_kind,nodes_P_intended,tokens_P_intended,nodes_log_prior_diff,tokens_log_prior_diff,log_likelihood_diff,nodes_log_odds,tokens_log_odds,L3_acc_nodes,L3_acc_tokens,L3_improved,L3_FP_tokens
original,0,True,SPUR_memorised_cells,SPUR_memorised_cells,coordinate,0.025,0.0913,-3.2,-1.6,0.005,-3.195,-1.595,0.5,0.5,False,0
original,1,False,SPUR_memorised_cells,g0_no_cart_in_single_file_passage,relational,0.0,0.0,,,,,,0.5,0.8,True,2
original,2,True,SPUR_memorised_cells,g0_no_cart_in_single_file_aisle,relational,0.2116,0.389,-0.6,1.0,0.005,-0.595,1.005,0.5,0.8,True,2
original,3,False,SPUR_memorised_cells,g0_push_carts_only_where_aisle_is_wide_enough,relational,0.0,0.0,,,,,,0.5,0.5,False,2
original,4,False,SPUR_memorised_cells,g0_cart_free_single_file_shelf_aisles,relational,0.0,0.0,,,,,,0.5,0.7,True,0
original,5,False,SPUR_memorised_cells,g0_no_cart_in_single_file_shelf_aisle,relational,0.0,0.0,,,,,,0.5,0.7,True,0
original,6,True,SPUR_memorised_cells,SPUR_memorised_cells,coordinate,0.0937,0.2773,-1.8,-0.2,0.005,-1.795,-0.195,0.5,0.5,False,0
original,7,True,SPUR_memorised_cells,SPUR_memorised_cells,coordinate,0.0685,0.2502,-2.2,-0.6,0.005,-2.195,-0.595,0.5,0.5,False,0
original,8,True,SPUR_memorised_cells,g0_no_carts_between_facing_shelves,relational,0.2734,0.6578,-0.6,1.0,0.005,-0.595,1.005,0.5,1.0,True,0
original,9,True,SPUR_memorised_cells,SPUR_memorised_cells,coordinate,0.0953,0.3029,-1.8,-0.2,0.005,-1.795,-0.195,0.5,0.5,False,0
counterfactual,0,True,SPUR_memorised_cells,SPUR_memorised_cells,coordinate,0.0999,0.3498,-1.8,-0.2,0.005,-1.795,-0.195,0.5,0.5,False,0
counterfactual,1,True,SPUR_memorised_cells,SPUR_memorised_cells,coordinate,0.0956,0.2963,-1.8,-0.2,0.005,-1.795,-0.195,0.5,0.5,False,0
counterfactual,2,False,SPUR_memorised_cells,g0_no_cart_motion_in_single_file_clearance,relational,0.0,0.0,,,,,,0.5,0.5,False,2
counterfactual,3,True,SPUR_memorised_cells,SPUR_memorised_cells,coordinate,0.0655,0.2194,-2.2,-0.6,0.005,-2.195,-0.595,0.5,0.5,False,0
counterfactual,4,True,SPUR_memorised_cells,SPUR_memorised_cells,coordinate,0.0476,0.1891,-2.6,-1.0,0.005,-2.595,-0.995,0.5,0.5,False,0
counterfactual,5,True,SPUR_memorised_cells,SPUR_memorised_cells,coordinate,0.046,0.1711,-2.6,-1.0,0.005,-2.595,-0.995,0.5,0.5,False,0
counterfactual,6,False,SPUR_memorised_cells,g0_no_cart_in_shelf_canyon,relational,0.0,0.0,,,,,,0.5,0.7,True,0
counterfactual,7,True,SPUR_memorised_cells,SPUR_memorised_cells,coordinate,0.0906,0.2543,-1.8,-0.2,0.005,-1.795,-0.195,0.5,0.5,False,0
counterfactual,8,False,SPUR_memorised_cells,g0_no_cart_in_single_file_shelf_aisle,relational,0.0,0.0,,,,,,0.5,0.7,True,0
counterfactual,9,False,SPUR_memorised_cells,SPUR_memorised_cells,coordinate,0.0,0.0,,,,,,0.5,0.5,False,0
