guidance,condition,run_index,coding,correct_id,correct_description,correct_L_alpha,correct_L_norm,competitor_id,competitor_description,competitor_L_alpha,competitor_L_norm,log_likelihood_diff,log_prior_diff,log_posterior_odds,correct_wins_pairwise,map_under_coding
original,c2,0,nodes,g0_no_cart_in_single_file_shelf_aisle,[g0_no_cart_in_single_file_shelf_aisle] FORBIDDEN: (hasCart ∧ singleFileShelfAisle)  where opposingShelfAisle := ((shelfE ∧ shelfW) ∨ (shelfN ∧ shelfS)); singleFileShelfAisle := ((shelfE ∧ shelfW ∧ freeWidthH≤1) ∨ (shelfN ∧ shelfS ∧ freeWidthV≤1)),20,4,SPUR_memorised_cells,"[SPUR_memorised_cells] FORBIDDEN: (hasCart ∧ (at(3,1) ∨ at(3,2) ∨ at(6,1) ∨ at(6,2)))",0,8,0.005387167248898095,-3.1999999999999993,-3.194612832751101,False,SPUR_memorised_cells
original,c2,0,tokens,g0_no_cart_in_single_file_shelf_aisle,[g0_no_cart_in_single_file_shelf_aisle] FORBIDDEN: (hasCart ∧ singleFileShelfAisle)  where opposingShelfAisle := ((shelfE ∧ shelfW) ∨ (shelfN ∧ shelfS)); singleFileShelfAisle := ((shelfE ∧ shelfW ∧ freeWidthH≤1) ∨ (shelfN ∧ shelfS ∧ freeWidthV≤1)),20,4,SPUR_memorised_cells,"[SPUR_memorised_cells] FORBIDDEN: (hasCart ∧ (at(3,1) ∨ at(3,2) ∨ at(6,1) ∨ at(6,2)))",0,16,0.005387167248898095,-1.5999999999999996,-1.5946128327511015,False,SPUR_memorised_cells
original,c2,2,nodes,g0_no_cart_between_opposing_shelves,[g0_no_cart_between_opposing_shelves] FORBIDDEN: (hasCart ∧ betweenOpposingShelves)  where betweenOpposingShelves := ((shelfE ∧ shelfW) ∨ (shelfN ∧ shelfS)),7,4,SPUR_memorised_cells,"[SPUR_memorised_cells] FORBIDDEN: (hasCart ∧ (at(3,1) ∨ at(3,2) ∨ at(6,1) ∨ at(6,2)))",0,8,0.005387167248898095,-0.6000000000000001,-0.594612832751102,False,SPUR_memorised_cells
original,c2,2,tokens,g0_no_cart_between_opposing_shelves,[g0_no_cart_between_opposing_shelves] FORBIDDEN: (hasCart ∧ betweenOpposingShelves)  where betweenOpposingShelves := ((shelfE ∧ shelfW) ∨ (shelfN ∧ shelfS)),7,4,SPUR_memorised_cells,"[SPUR_memorised_cells] FORBIDDEN: (hasCart ∧ (at(3,1) ∨ at(3,2) ∨ at(6,1) ∨ at(6,2)))",0,16,0.005387167248898095,1.0,1.005387167248898,True,g0_no_cart_in_single_file_aisle
original,c2,6,nodes,g0_no_cart_in_single_file_shelf_aisle,[g0_no_cart_in_single_file_shelf_aisle] FORBIDDEN: (hasCart ∧ singleFileShelfAisle)  where singleFileShelfAisle := ((shelfE ∧ shelfW ∧ freeWidthH≤1) ∨ (shelfN ∧ shelfS ∧ freeWidthV≤1)),13,4,SPUR_memorised_cells,"[SPUR_memorised_cells] FORBIDDEN: (hasCart ∧ (at(3,1) ∨ at(3,2) ∨ at(6,1) ∨ at(6,2)))",0,8,0.005387167248898095,-1.8000000000000007,-1.7946128327511026,False,SPUR_memorised_cells
original,c2,6,tokens,g0_no_cart_in_single_file_shelf_aisle,[g0_no_cart_in_single_file_shelf_aisle] FORBIDDEN: (hasCart ∧ singleFileShelfAisle)  where singleFileShelfAisle := ((shelfE ∧ shelfW ∧ freeWidthH≤1) ∨ (shelfN ∧ shelfS ∧ freeWidthV≤1)),13,4,SPUR_memorised_cells,"[SPUR_memorised_cells] FORBIDDEN: (hasCart ∧ (at(3,1) ∨ at(3,2) ∨ at(6,1) ∨ at(6,2)))",0,16,0.005387167248898095,-0.20000000000000018,-0.19461283275110208,False,SPUR_memorised_cells
original,c2,7,nodes,g0_no_cart_in_single_file_shelf_aisle,[g0_no_cart_in_single_file_shelf_aisle] FORBIDDEN: (hasCart ∧ singleFileShelfAisle)  where singleFileShelfAisle := ((adjShelf ∧ shelfE ∧ shelfW ∧ freeWidthH≤1) ∨ (adjShelf ∧ shelfN ∧ shelfS ∧ freeWidthV≤1)),15,4,SPUR_memorised_cells,"[SPUR_memorised_cells] FORBIDDEN: (hasCart ∧ (at(3,1) ∨ at(3,2) ∨ at(6,1) ∨ at(6,2)))",0,8,0.005387167248898095,-2.2,-2.194612832751102,False,SPUR_memorised_cells
original,c2,7,tokens,g0_no_cart_in_single_file_shelf_aisle,[g0_no_cart_in_single_file_shelf_aisle] FORBIDDEN: (hasCart ∧ singleFileShelfAisle)  where singleFileShelfAisle := ((adjShelf ∧ shelfE ∧ shelfW ∧ freeWidthH≤1) ∨ (adjShelf ∧ shelfN ∧ shelfS ∧ freeWidthV≤1)),15,4,SPUR_memorised_cells,"[SPUR_memorised_cells] FORBIDDEN: (hasCart ∧ (at(3,1) ∨ at(3,2) ∨ at(6,1) ∨ at(6,2)))",0,16,0.005387167248898095,-0.5999999999999996,-0.5946128327511015,False,SPUR_memorised_cells
original,c2,8,nodes,g0_no_carts_between_facing_shelves,[g0_no_carts_between_facing_shelves] FORBIDDEN: (hasCart ∧ facing_shelves)  where facing_shelves := ((shelfE ∧ shelfW) ∨ (shelfN ∧ shelfS)),7,4,SPUR_memorised_cells,"[SPUR_memorised_cells] FORBIDDEN: (hasCart ∧ (at(3,1) ∨ at(3,2) ∨ at(6,1) ∨ at(6,2)))",0,8,0.005387167248898095,-0.5999999999999996,-0.5946128327511015,False,SPUR_memorised_cells
original,c2,8,tokens,g0_no_carts_between_facing_shelves,[g0_no_carts_between_facing_shelves] FORBIDDEN: (hasCart ∧ facing_shelves)  where facing_shelves := ((shelfE ∧ shelfW) ∨ (shelfN ∧ shelfS)),7,4,SPUR_memorised_cells,"[SPUR_memorised_cells] FORBIDDEN: (hasCart ∧ (at(3,1) ∨ at(3,2) ∨ at(6,1) ∨ at(6,2)))",0,16,0.005387167248898095,1.0,1.005387167248898,True,g0_no_carts_between_facing_shelves
original,c2,9,nodes,g0_no_cart_in_single_file_shelf_corridor,[g0_no_cart_in_single_file_shelf_corridor] FORBIDDEN: (hasCart ∧ singleFileShelfCorridor)  where singleFileShelfCorridor := ((shelfE ∧ shelfW ∧ freeWidthH≤1) ∨ (shelfN ∧ shelfS ∧ freeWidthV≤1)),13,4,SPUR_memorised_cells,"[SPUR_memorised_cells] FORBIDDEN: (hasCart ∧ (at(3,1) ∨ at(3,2) ∨ at(6,1) ∨ at(6,2)))",0,8,0.005387167248898095,-1.8000000000000007,-1.7946128327511026,False,SPUR_memorised_cells
original,c2,9,tokens,g0_no_cart_in_single_file_shelf_corridor,[g0_no_cart_in_single_file_shelf_corridor] FORBIDDEN: (hasCart ∧ singleFileShelfCorridor)  where singleFileShelfCorridor := ((shelfE ∧ shelfW ∧ freeWidthH≤1) ∨ (shelfN ∧ shelfS ∧ freeWidthV≤1)),13,4,SPUR_memorised_cells,"[SPUR_memorised_cells] FORBIDDEN: (hasCart ∧ (at(3,1) ∨ at(3,2) ∨ at(6,1) ∨ at(6,2)))",0,16,0.005387167248898095,-0.20000000000000018,-0.19461283275110208,False,SPUR_memorised_cells
original,c3,5,nodes,g0_no_cart_between_opposing_shelves,[g0_no_cart_between_opposing_shelves] FORBIDDEN: (hasCart ∧ between_opposing_shelves)  where between_opposing_shelves := ((shelfE ∧ shelfW) ∨ (shelfN ∧ shelfS)),7,4,g0_no_cart_in_single_file_shelf_aisle,[g0_no_cart_in_single_file_shelf_aisle] FORBIDDEN: (hasCart ∧ single_file_shelf_aisle)  where single_file_shelf_aisle := (adjShelf ∧ (freeWidthH≤1 ∨ freeWidthV≤1)),9,4,-1.361923775119486,0.3999999999999999,-0.961923775119486,False,g0_no_cart_in_single_file_shelf_aisle
original,c3,5,tokens,g0_no_cart_between_opposing_shelves,[g0_no_cart_between_opposing_shelves] FORBIDDEN: (hasCart ∧ between_opposing_shelves)  where between_opposing_shelves := ((shelfE ∧ shelfW) ∨ (shelfN ∧ shelfS)),7,4,g0_no_cart_in_single_file_shelf_aisle,[g0_no_cart_in_single_file_shelf_aisle] FORBIDDEN: (hasCart ∧ single_file_shelf_aisle)  where single_file_shelf_aisle := (adjShelf ∧ (freeWidthH≤1 ∨ freeWidthV≤1)),9,4,-1.361923775119486,0.3999999999999999,-0.961923775119486,False,g0_no_cart_in_single_file_shelf_aisle
counterfactual,c2,0,nodes,g0_no_cart_in_single_file_shelf_aisle,[g0_no_cart_in_single_file_shelf_aisle] FORBIDDEN: (hasCart ∧ singleFileShelfAisle)  where singleFileShelfAisle := ((shelfE ∧ shelfW ∧ freeWidthH≤1) ∨ (shelfN ∧ shelfS ∧ freeWidthV≤1)),13,4,SPUR_memorised_cells,"[SPUR_memorised_cells] FORBIDDEN: (hasCart ∧ (at(3,1) ∨ at(3,2) ∨ at(6,1) ∨ at(6,2)))",0,8,0.005387167248898095,-1.8000000000000007,-1.7946128327511026,False,SPUR_memorised_cells
counterfactual,c2,0,tokens,g0_no_cart_in_single_file_shelf_aisle,[g0_no_cart_in_single_file_shelf_aisle] FORBIDDEN: (hasCart ∧ singleFileShelfAisle)  where singleFileShelfAisle := ((shelfE ∧ shelfW ∧ freeWidthH≤1) ∨ (shelfN ∧ shelfS ∧ freeWidthV≤1)),13,4,SPUR_memorised_cells,"[SPUR_memorised_cells] FORBIDDEN: (hasCart ∧ (at(3,1) ∨ at(3,2) ∨ at(6,1) ∨ at(6,2)))",0,16,0.005387167248898095,-0.20000000000000018,-0.19461283275110208,False,SPUR_memorised_cells
counterfactual,c2,1,nodes,g0_no_cart_in_single_file_shelf_corridor,[g0_no_cart_in_single_file_shelf_corridor] FORBIDDEN: (hasCart ∧ single_file_shelf_corridor)  where single_file_shelf_corridor := ((freeWidthH≤1 ∧ shelfE ∧ shelfW) ∨ (freeWidthV≤1 ∧ shelfN ∧ shelfS)),13,4,SPUR_memorised_cells,"[SPUR_memorised_cells] FORBIDDEN: (hasCart ∧ (at(3,1) ∨ at(3,2) ∨ at(6,1) ∨ at(6,2)))",0,8,0.005387167248898095,-1.8000000000000007,-1.7946128327511026,False,SPUR_memorised_cells
counterfactual,c2,1,tokens,g0_no_cart_in_single_file_shelf_corridor,[g0_no_cart_in_single_file_shelf_corridor] FORBIDDEN: (hasCart ∧ single_file_shelf_corridor)  where single_file_shelf_corridor := ((freeWidthH≤1 ∧ shelfE ∧ shelfW) ∨ (freeWidthV≤1 ∧ shelfN ∧ shelfS)),13,4,SPUR_memorised_cells,"[SPUR_memorised_cells] FORBIDDEN: (hasCart ∧ (at(3,1) ∨ at(3,2) ∨ at(6,1) ∨ at(6,2)))",0,16,0.005387167248898095,-0.20000000000000107,-0.19461283275110297,False,SPUR_memorised_cells
counterfactual,c2,3,nodes,g0_no_cart_in_single_file_shelf_aisle,[g0_no_cart_in_single_file_shelf_aisle] FORBIDDEN: (hasCart ∧ single_file_shelf_aisle)  where narrow_between_east_west_shelves := (freeWidthH≤1 ∧ shelfE ∧ shelfW); narrow_between_north_south_shelves := (freeWidthV≤1 ∧ shelfN ∧ shelfS); single_file_shelf_aisle := (narrow_between_east_west_shelves ∨ narrow_between_north_south_shelves),15,4,SPUR_memorised_cells,"[SPUR_memorised_cells] FORBIDDEN: (hasCart ∧ (at(3,1) ∨ at(3,2) ∨ at(6,1) ∨ at(6,2)))",0,8,0.005387167248898095,-2.1999999999999993,-2.194612832751101,False,SPUR_memorised_cells
counterfactual,c2,3,tokens,g0_no_cart_in_single_file_shelf_aisle,[g0_no_cart_in_single_file_shelf_aisle] FORBIDDEN: (hasCart ∧ single_file_shelf_aisle)  where narrow_between_east_west_shelves := (freeWidthH≤1 ∧ shelfE ∧ shelfW); narrow_between_north_south_shelves := (freeWidthV≤1 ∧ shelfN ∧ shelfS); single_file_shelf_aisle := (narrow_between_east_west_shelves ∨ narrow_between_north_south_shelves),15,4,SPUR_memorised_cells,"[SPUR_memorised_cells] FORBIDDEN: (hasCart ∧ (at(3,1) ∨ at(3,2) ∨ at(6,1) ∨ at(6,2)))",0,16,0.005387167248898095,-0.5999999999999996,-0.5946128327511015,False,SPUR_memorised_cells
counterfactual,c2,4,nodes,g0_no_carts_in_single_file_shelf_aisles,[g0_no_carts_in_single_file_shelf_aisles] FORBIDDEN: (hasCart ∧ singleFileShelfAisle)  where opposingShelvesH := (shelfE ∧ shelfW); opposingShelvesV := (shelfN ∧ shelfS); singleFileShelfAisle := ((opposingShelvesH ∧ freeWidthH≤1) ∨ (opposingShelvesV ∧ freeWidthV≤1)),17,4,SPUR_memorised_cells,"[SPUR_memorised_cells] FORBIDDEN: (hasCart ∧ (at(3,1) ∨ at(3,2) ∨ at(6,1) ∨ at(6,2)))",0,8,0.005387167248898095,-2.6000000000000005,-2.5946128327511024,False,SPUR_memorised_cells
counterfactual,c2,4,tokens,g0_no_carts_in_single_file_shelf_aisles,[g0_no_carts_in_single_file_shelf_aisles] FORBIDDEN: (hasCart ∧ singleFileShelfAisle)  where opposingShelvesH := (shelfE ∧ shelfW); opposingShelvesV := (shelfN ∧ shelfS); singleFileShelfAisle := ((opposingShelvesH ∧ freeWidthH≤1) ∨ (opposingShelvesV ∧ freeWidthV≤1)),17,4,SPUR_memorised_cells,"[SPUR_memorised_cells] FORBIDDEN: (hasCart ∧ (at(3,1) ∨ at(3,2) ∨ at(6,1) ∨ at(6,2)))",0,16,0.005387167248898095,-1.0,-0.9946128327511019,False,SPUR_memorised_cells
counterfactual,c2,5,nodes,g0_no_cart_in_single_file_shelf_aisle,[g0_no_cart_in_single_file_shelf_aisle] FORBIDDEN: (hasCart ∧ singleFileShelfAisle)  where narrowHorizontalShelfAisle := (adjShelf ∧ shelfN ∧ shelfS ∧ freeWidthV≤1); narrowVerticalShelfAisle := (adjShelf ∧ shelfE ∧ shelfW ∧ freeWidthH≤1); singleFileShelfAisle := (narrowVerticalShelfAisle ∨ narrowHorizontalShelfAisle),17,4,SPUR_memorised_cells,"[SPUR_memorised_cells] FORBIDDEN: (hasCart ∧ (at(3,1) ∨ at(3,2) ∨ at(6,1) ∨ at(6,2)))",0,8,0.005387167248898095,-2.6000000000000005,-2.5946128327511024,False,SPUR_memorised_cells
counterfactual,c2,5,tokens,g0_no_cart_in_single_file_shelf_aisle,[g0_no_cart_in_single_file_shelf_aisle] FORBIDDEN: (hasCart ∧ singleFileShelfAisle)  where narrowHorizontalShelfAisle := (adjShelf ∧ shelfN ∧ shelfS ∧ freeWidthV≤1); narrowVerticalShelfAisle := (adjShelf ∧ shelfE ∧ shelfW ∧ freeWidthH≤1); singleFileShelfAisle := (narrowVerticalShelfAisle ∨ narrowHorizontalShelfAisle),17,4,SPUR_memorised_cells,"[SPUR_memorised_cells] FORBIDDEN: (hasCart ∧ (at(3,1) ∨ at(3,2) ∨ at(6,1) ∨ at(6,2)))",0,16,0.005387167248898095,-1.0,-0.9946128327511019,False,SPUR_memorised_cells
counterfactual,c2,7,nodes,g0_no_cart_in_single_file_shelf_aisle,[g0_no_cart_in_single_file_shelf_aisle] FORBIDDEN: (hasCart ∧ singleFileShelfAisle)  where singleFileShelfAisle := ((shelfE ∧ shelfW ∧ freeWidthH≤1) ∨ (shelfN ∧ shelfS ∧ freeWidthV≤1)),13,4,SPUR_memorised_cells,"[SPUR_memorised_cells] FORBIDDEN: (hasCart ∧ (at(3,1) ∨ at(3,2) ∨ at(6,1) ∨ at(6,2)))",0,8,0.005387167248898095,-1.8000000000000003,-1.7946128327511022,False,SPUR_memorised_cells
counterfactual,c2,7,tokens,g0_no_cart_in_single_file_shelf_aisle,[g0_no_cart_in_single_file_shelf_aisle] FORBIDDEN: (hasCart ∧ singleFileShelfAisle)  where singleFileShelfAisle := ((shelfE ∧ shelfW ∧ freeWidthH≤1) ∨ (shelfN ∧ shelfS ∧ freeWidthV≤1)),13,4,SPUR_memorised_cells,"[SPUR_memorised_cells] FORBIDDEN: (hasCart ∧ (at(3,1) ∨ at(3,2) ∨ at(6,1) ∨ at(6,2)))",0,16,0.005387167248898095,-0.20000000000000018,-0.19461283275110208,False,SPUR_memorised_cells
counterfactual,c3,2,nodes,g0_no_cart_between_opposing_shelves,[g0_no_cart_between_opposing_shelves] FORBIDDEN: (hasCart ∧ between_opposing_shelves)  where between_opposing_shelves := ((shelfE ∧ shelfW) ∨ (shelfN ∧ shelfS)),7,4,g0_no_cart_in_single_file_shelf_aisle,[g0_no_cart_in_single_file_shelf_aisle] FORBIDDEN: (hasCart ∧ single_file_shelf_aisle)  where single_file_shelf_aisle := (adjShelf ∧ (freeWidthH≤1 ∨ freeWidthV≤1)),9,4,-1.361923775119486,0.3999999999999999,-0.961923775119486,False,g0_no_cart_in_single_file_shelf_aisle
counterfactual,c3,2,tokens,g0_no_cart_between_opposing_shelves,[g0_no_cart_between_opposing_shelves] FORBIDDEN: (hasCart ∧ between_opposing_shelves)  where between_opposing_shelves := ((shelfE ∧ shelfW) ∨ (shelfN ∧ shelfS)),7,4,g0_no_cart_in_single_file_shelf_aisle,[g0_no_cart_in_single_file_shelf_aisle] FORBIDDEN: (hasCart ∧ single_file_shelf_aisle)  where single_file_shelf_aisle := (adjShelf ∧ (freeWidthH≤1 ∨ freeWidthV≤1)),9,4,-1.361923775119486,0.3999999999999999,-0.961923775119486,False,g0_no_cart_in_single_file_shelf_aisle
counterfactual,c3,4,nodes,g0_no_cart_in_single_file_shelf_aisle,[g0_no_cart_in_single_file_shelf_aisle] FORBIDDEN: (hasCart ∧ single_file_shelf_aisle)  where single_file_shelf_aisle := ((shelfE ∧ shelfW ∧ freeWidthH≤1) ∨ (shelfN ∧ shelfS ∧ freeWidthV≤1)),13,4,g0_no_cart_motion_in_shelf_bottleneck,[g0_no_cart_motion_in_shelf_bottleneck] FORBIDDEN: (hasCart ∧ MOVE ∧ shelf_bottleneck)  where shelf_bottleneck := (adjShelf ∧ (freeWidthH≤1 ∨ freeWidthV≤1)),9,5,-1.3515933764327883,-0.5999999999999996,-1.951593376432788,False,g0_no_cart_motion_in_shelf_bottleneck
counterfactual,c3,4,tokens,g0_no_cart_in_single_file_shelf_aisle,[g0_no_cart_in_single_file_shelf_aisle] FORBIDDEN: (hasCart ∧ single_file_shelf_aisle)  where single_file_shelf_aisle := ((shelfE ∧ shelfW ∧ freeWidthH≤1) ∨ (shelfN ∧ shelfS ∧ freeWidthV≤1)),13,4,g0_no_cart_motion_in_shelf_bottleneck,[g0_no_cart_motion_in_shelf_bottleneck] FORBIDDEN: (hasCart ∧ MOVE ∧ shelf_bottleneck)  where shelf_bottleneck := (adjShelf ∧ (freeWidthH≤1 ∨ freeWidthV≤1)),9,5,-1.3515933764327883,-0.600000000000001,-1.9515933764327893,False,g0_no_cart_motion_in_shelf_bottleneck
