guidance,condition,metric,tokens_minus_nodes,ci_lo,ci_hi,gained,lost
original,c1,P_intended_equivalent,0.0,0.0,0.0,,
original,c1,L3_acc,0.13999999999999996,0.07999999999999999,0.19999999999999996,,
original,c1,L1_acc,0.27,0.21000000000000005,0.3,,
original,c1,L1_unseen_acc,0.5399999999999998,0.41999999999999993,0.5999999999999999,,
original,c1,L3_f1,0.48888888888888893,0.3680952380952383,0.5714285714285714,,
original,c1,correct MAP (nodes->tokens),,,,0,0
original,c2,P_intended_equivalent,0.1200959993451843,0.04874441505133711,0.19678579276816505,,
original,c2,L3_acc,0.15,0.05,0.26,,
original,c2,L1_acc,0.18000000000000002,0.09000000000000001,0.27,,
original,c2,L1_unseen_acc,0.36,0.18,0.5399999999999998,,
original,c2,L3_f1,0.4253968253968254,0.19761904761904764,0.6619047619047619,,
original,c2,correct MAP (nodes->tokens),,,,1,0
original,c3,P_intended_equivalent,0.06932017546473881,0.02245269095092813,0.12242055150047607,,
original,c3,L3_acc,0.0,0.0,0.0,,
original,c3,L1_acc,0.0,0.0,0.0,,
original,c3,L1_unseen_acc,0.0,0.0,0.0,,
original,c3,L3_f1,0.0,0.0,0.0,,
original,c3,correct MAP (nodes->tokens),,,,0,0
counterfactual,c1,P_intended_equivalent,0.0,0.0,0.0,,
counterfactual,c1,L3_acc,0.13999999999999996,0.07999999999999999,0.19999999999999996,,
counterfactual,c1,L1_acc,0.27,0.21000000000000005,0.3,,
counterfactual,c1,L1_unseen_acc,0.5399999999999998,0.41999999999999993,0.5999999999999999,,
counterfactual,c1,L3_f1,0.48888888888888893,0.3680952380952383,0.5714285714285714,,
counterfactual,c1,correct MAP (nodes->tokens),,,,0,0
counterfactual,c2,P_intended_equivalent,0.10346774971062081,0.0479736029233422,0.15900647495164136,,
counterfactual,c2,L3_acc,0.039999999999999994,0.0,0.09999999999999998,,
counterfactual,c2,L1_acc,0.09000000000000001,0.0,0.18000000000000002,,
counterfactual,c2,L1_unseen_acc,0.18,0.0,0.36,,
counterfactual,c2,L3_f1,0.15873015873015875,0.0,0.31746031746031755,,
counterfactual,c2,correct MAP (nodes->tokens),,,,0,0
counterfactual,c3,P_intended_equivalent,0.05360407192944687,0.01792535453353633,0.09778481225303766,,
counterfactual,c3,L3_acc,0.0,0.0,0.0,,
counterfactual,c3,L1_acc,0.0,0.0,0.0,,
counterfactual,c3,L1_unseen_acc,0.0,0.0,0.0,,
counterfactual,c3,L3_f1,0.0,0.0,0.0,,
counterfactual,c3,correct MAP (nodes->tokens),,,,0,0
