guidance,condition,run_index,status,coding,intended_proposed,map_id,map_description,map_kind,map_is_intended,map_is_spurious,map_L_alpha,map_L_norm,map_penalty,map_posterior,P_intended_equivalent,L1_acc,L1_f1,L1_unseen_acc,L3_acc,L3_f1,L3_all_correct,L3_FP,L3_FN,L1_FP,n_candidates
original,c1,0,ok,nodes,False,SPUR_memorised_cells,"[SPUR_memorised_cells] FORBIDDEN: (hasCart ∧ (at(3,1) ∨ at(3,2) ∨ at(6,1) ∨ at(6,2)))",coordinate,False,True,0,8,1.6,0.43150635725237674,0.0,0.7,0.5714285714285715,0.4,0.5,0.0,False,0,5,0,18
original,c1,0,ok,tokens,False,g1_no_cart_item_pick_in_customer_aisle,[g1_no_cart_item_pick_in_customer_aisle] FORBIDDEN: cartItemInteractionInCustomerAisle  where customerShelfAisle := (freeWidthH=1 ∧ shelfE ∧ shelfW ∧ adjShelf); cartItemInteractionInCustomerAisle := (customerShelfAisle ∧ hasCart ∧ INTERACT),relational,False,False,11,2,2.6,0.28226787564795164,0.0,1.0,1.0,1.0,0.7,0.5714285714285715,False,0,3,0,18
original,c1,1,ok,nodes,False,SPUR_memorised_cells,"[SPUR_memorised_cells] FORBIDDEN: (hasCart ∧ (at(3,1) ∨ at(3,2) ∨ at(6,1) ∨ at(6,2)))",coordinate,False,True,0,8,1.6,0.39275943410695785,0.0,0.7,0.5714285714285715,0.4,0.5,0.0,False,0,5,0,18
original,c1,1,ok,tokens,False,g1_no_carts_in_narrow_shelf_aisles,[g1_no_carts_in_narrow_shelf_aisles] FORBIDDEN: (hasCart ∧ narrowShelfAisle)  where narrowShelfAisle := (adjShelf ∧ shelfE ∧ shelfW ∧ freeWidthH≤1),relational,False,False,7,4,2.2,0.40345322861094257,0.0,1.0,1.0,1.0,0.7,0.5714285714285715,False,0,3,0,18
original,c1,2,ok,nodes,False,g1_no_cart_between_opposing_shelves,[g1_no_cart_between_opposing_shelves] FORBIDDEN: (hasCart ∧ betweenOpposingShelves)  where betweenOpposingShelves := (shelfE ∧ shelfW),relational,False,False,3,4,1.4000000000000001,0.29337487906957543,0.0,1.0,1.0,1.0,0.7,0.5714285714285715,False,0,3,0,18
original,c1,2,ok,tokens,False,g1_no_cart_between_opposing_shelves,[g1_no_cart_between_opposing_shelves] FORBIDDEN: (hasCart ∧ betweenOpposingShelves)  where betweenOpposingShelves := (shelfE ∧ shelfW),relational,False,False,3,4,1.4000000000000001,0.4098803089165626,0.0,1.0,1.0,1.0,0.7,0.5714285714285715,False,0,3,0,18
original,c1,3,ok,nodes,False,SPUR_memorised_cells,"[SPUR_memorised_cells] FORBIDDEN: (hasCart ∧ (at(3,1) ∨ at(3,2) ∨ at(6,1) ∨ at(6,2)))",coordinate,False,True,0,8,1.6,0.2573739457626883,0.0,0.7,0.5714285714285715,0.4,0.5,0.0,False,0,5,0,18
original,c1,3,ok,tokens,False,g1_no_cart_single_file,[g1_no_cart_single_file] FORBIDDEN: (hasCart ∧ single_file_aisle)  where single_file_aisle := (adjShelf ∧ freeWidthH≤1),relational,False,False,5,4,1.8,0.3059308155094163,0.0,1.0,1.0,1.0,0.5,0.4444444444444445,False,2,3,0,18
original,c1,4,ok,nodes,False,SPUR_memorised_cells,"[SPUR_memorised_cells] FORBIDDEN: (hasCart ∧ (at(3,1) ∨ at(3,2) ∨ at(6,1) ∨ at(6,2)))",coordinate,False,True,0,8,1.6,0.3965972802452285,0.0,0.7,0.5714285714285715,0.4,0.5,0.0,False,0,5,0,18
original,c1,4,ok,tokens,False,g1_no_cart_in_single_file_shelf_aisle,[g1_no_cart_in_single_file_shelf_aisle] FORBIDDEN: (hasCart ∧ singleFileShelfAisle)  where singleFileShelfAisle := (freeWidthH≤1 ∧ shelfE ∧ shelfW),relational,False,False,6,4,2.0,0.4999367080682788,0.0,1.0,1.0,1.0,0.7,0.5714285714285715,False,0,3,0,18
original,c1,5,ok,nodes,False,SPUR_memorised_cells,"[SPUR_memorised_cells] FORBIDDEN: (hasCart ∧ (at(3,1) ∨ at(3,2) ∨ at(6,1) ∨ at(6,2)))",coordinate,False,True,0,8,1.6,0.40710304786853696,0.0,0.7,0.5714285714285715,0.4,0.5,0.0,False,0,5,0,18
original,c1,5,ok,tokens,False,g1_no_enter_single_file_with_cart,[g1_no_enter_single_file_with_cart] FORBIDDEN: enter_single_file_with_cart  where single_file_shelf_aisle := (freeWidthH≤1 ∧ adjShelf); enter_single_file_with_cart := (MOVE ∧ hasCart) · (hasCart ∧ single_file_shelf_aisle),relational,False,False,11,2,2.6,0.28886669974250323,0.0,1.0,1.0,1.0,0.5,0.4444444444444445,False,2,3,0,18
original,c1,6,ok,nodes,False,SPUR_memorised_cells,"[SPUR_memorised_cells] FORBIDDEN: (hasCart ∧ (at(3,1) ∨ at(3,2) ∨ at(6,1) ∨ at(6,2)))",coordinate,False,True,0,8,1.6,0.4910597158761759,0.0,0.7,0.5714285714285715,0.4,0.5,0.0,False,0,5,0,18
original,c1,6,ok,tokens,False,g1_no_cart_single_file_shelf_aisle,[g1_no_cart_single_file_shelf_aisle] FORBIDDEN: (hasCart ∧ singleFileShelfAisle)  where flankedByShelves := (shelfE ∧ shelfW); singleFile := freeWidthH≤1; singleFileShelfAisle := (singleFile ∧ flankedByShelves),relational,False,False,9,4,2.6,0.4290660222088235,0.0,1.0,1.0,1.0,0.7,0.5714285714285715,False,0,3,0,18
original,c1,7,ok,nodes,False,SPUR_memorised_cells,"[SPUR_memorised_cells] FORBIDDEN: (hasCart ∧ (at(3,1) ∨ at(3,2) ∨ at(6,1) ∨ at(6,2)))",coordinate,False,True,0,8,1.6,0.32991822190611714,0.0,0.7,0.5714285714285715,0.4,0.5,0.0,False,0,5,0,18
original,c1,7,ok,tokens,False,g1_no_carts_in_single_file_shelf_aisles,[g1_no_carts_in_single_file_shelf_aisles] FORBIDDEN: (single_file_shelf_aisle ∧ hasCart)  where single_file_shelf_aisle := (freeWidthH≤1 ∧ shelfE ∧ shelfW),relational,False,False,6,4,2.0,0.36406738412520834,0.0,1.0,1.0,1.0,0.7,0.5714285714285715,False,0,3,0,18
original,c1,8,ok,nodes,False,SPUR_memorised_cells,"[SPUR_memorised_cells] FORBIDDEN: (hasCart ∧ (at(3,1) ∨ at(3,2) ∨ at(6,1) ∨ at(6,2)))",coordinate,False,True,0,8,1.6,0.32440237749880585,0.0,0.7,0.5714285714285715,0.4,0.5,0.0,False,0,5,0,18
original,c1,8,ok,tokens,False,g1_no_enter_single_file_with_cart,[g1_no_enter_single_file_with_cart] FORBIDDEN: enterSingleFileWithCart  where singleFileShelfAisle := (freeWidthH≤1 ∧ shelfE ∧ shelfW); enterSingleFileWithCart := hasCart · singleFileShelfAisle,relational,False,False,8,2,2.0,0.35416074688437876,0.0,1.0,1.0,1.0,0.7,0.5714285714285715,False,0,3,0,18
original,c1,9,ok,nodes,False,SPUR_memorised_cells,"[SPUR_memorised_cells] FORBIDDEN: (hasCart ∧ (at(3,1) ∨ at(3,2) ∨ at(6,1) ∨ at(6,2)))",coordinate,False,True,0,8,1.6,0.38809118404003845,0.0,0.7,0.5714285714285715,0.4,0.5,0.0,False,0,5,0,18
original,c1,9,ok,tokens,False,g1_no_cart_in_single_file_aisle,[g1_no_cart_in_single_file_aisle] FORBIDDEN: (hasCart ∧ singleFileAisle)  where betweenOpposingSideShelves := (shelfE ∧ shelfW); singleFileAisle := (betweenOpposingSideShelves ∧ freeWidthH≤1),relational,False,False,8,4,2.4000000000000004,0.3268804607016859,0.0,1.0,1.0,1.0,0.7,0.5714285714285715,False,0,3,0,18
original,c2,0,ok,nodes,True,SPUR_memorised_cells,"[SPUR_memorised_cells] FORBIDDEN: (hasCart ∧ (at(3,1) ∨ at(3,2) ∨ at(6,1) ∨ at(6,2)))",coordinate,False,True,0,8,1.6,0.6107730211710097,0.02503093775432899,0.7,0.5714285714285715,0.4,0.5,0.0,False,0,5,0,18
original,c2,0,ok,tokens,True,SPUR_memorised_cells,"[SPUR_memorised_cells] FORBIDDEN: (hasCart ∧ (at(3,1) ∨ at(3,2) ∨ at(6,1) ∨ at(6,2)))",coordinate,False,True,0,16,3.2,0.4497701464015534,0.09129753914597726,0.7,0.5714285714285715,0.4,0.5,0.0,False,0,5,0,18
original,c2,1,ok,nodes,False,SPUR_memorised_cells,"[SPUR_memorised_cells] FORBIDDEN: (hasCart ∧ (at(3,1) ∨ at(3,2) ∨ at(6,1) ∨ at(6,2)))",coordinate,False,True,0,8,1.6,0.42175063794850276,0.0,0.7,0.5714285714285715,0.4,0.5,0.0,False,0,5,0,18
original,c2,1,ok,tokens,False,g0_no_cart_in_single_file_passage,[g0_no_cart_in_single_file_passage] FORBIDDEN: (hasCart ∧ singleFilePassage)  where singleFilePassage := (freeWidthH≤1 ∨ freeWidthV≤1),relational,False,False,7,4,2.2,0.4629768203726354,0.0,1.0,1.0,1.0,0.8,0.8333333333333333,False,2,0,0,18
original,c2,2,ok,nodes,True,SPUR_memorised_cells,"[SPUR_memorised_cells] FORBIDDEN: (hasCart ∧ (at(3,1) ∨ at(3,2) ∨ at(6,1) ∨ at(6,2)))",coordinate,False,True,0,8,1.6,0.38340902732225696,0.21155595857130877,0.7,0.5714285714285715,0.4,0.5,0.0,False,0,5,0,18
original,c2,2,ok,tokens,True,g0_no_cart_in_single_file_aisle,[g0_no_cart_in_single_file_aisle] FORBIDDEN: (hasCart ∧ singleFileAisle)  where singleFileAisle := (freeWidthH≤1 ∨ freeWidthV≤1),relational,False,False,7,4,2.2,0.3893063728196642,0.38901143243634606,1.0,1.0,1.0,0.8,0.8333333333333333,False,2,0,0,18
original,c2,3,ok,nodes,False,SPUR_memorised_cells,"[SPUR_memorised_cells] FORBIDDEN: (hasCart ∧ (at(3,1) ∨ at(3,2) ∨ at(6,1) ∨ at(6,2)))",coordinate,False,True,0,8,1.6,0.3257364908084872,0.0,0.7,0.5714285714285715,0.4,0.5,0.0,False,0,5,0,18
original,c2,3,ok,tokens,False,g0_push_carts_only_where_aisle_is_wide_enough,[g0_push_carts_only_where_aisle_is_wide_enough] FORBIDDEN: (hasCart ∧ MOVE ∧ ¬aisleWideEnoughForCart)  where aisleWideEnoughForCart := freeWidthH≥2,relational,False,False,3,6,1.8000000000000003,0.43410700050473694,0.0,1.0,1.0,1.0,0.5,0.4444444444444445,False,2,3,0,18
original,c2,4,ok,nodes,False,SPUR_memorised_cells,"[SPUR_memorised_cells] FORBIDDEN: (hasCart ∧ (at(3,1) ∨ at(3,2) ∨ at(6,1) ∨ at(6,2)))",coordinate,False,True,0,8,1.6,0.43108800234726286,0.0,0.7,0.5714285714285715,0.4,0.5,0.0,False,0,5,0,18
original,c2,4,ok,tokens,False,g0_cart_free_single_file_shelf_aisles,[g0_cart_free_single_file_shelf_aisles] FORBIDDEN: (hasCart ∧ singleFileShelfAisle)  where singleFileShelfAisle := (adjShelf ∧ shelfE ∧ shelfW ∧ freeWidthH≤1),relational,False,False,7,4,2.2,0.4813477646325864,0.0,1.0,1.0,1.0,0.7,0.5714285714285715,False,0,3,0,18
original,c2,5,ok,nodes,False,SPUR_memorised_cells,"[SPUR_memorised_cells] FORBIDDEN: (hasCart ∧ (at(3,1) ∨ at(3,2) ∨ at(6,1) ∨ at(6,2)))",coordinate,False,True,0,8,1.6,0.39231473696162517,0.0,0.7,0.5714285714285715,0.4,0.5,0.0,False,0,5,0,18
original,c2,5,ok,tokens,False,g0_no_cart_in_single_file_shelf_aisle,[g0_no_cart_in_single_file_shelf_aisle] FORBIDDEN: (hasCart ∧ singleFileShelfAisle)  where singleFileShelfAisle := (adjShelf ∧ shelfE ∧ shelfW ∧ freeWidthH≤1),relational,False,False,7,4,2.2,0.40550124242900537,0.0,1.0,1.0,1.0,0.7,0.5714285714285715,False,0,3,0,18
original,c2,6,ok,nodes,True,SPUR_memorised_cells,"[SPUR_memorised_cells] FORBIDDEN: (hasCart ∧ (at(3,1) ∨ at(3,2) ∨ at(6,1) ∨ at(6,2)))",coordinate,False,True,0,8,1.6,0.563972831394018,0.09372765092516275,0.7,0.5714285714285715,0.4,0.5,0.0,False,0,5,0,18
original,c2,6,ok,tokens,True,SPUR_memorised_cells,"[SPUR_memorised_cells] FORBIDDEN: (hasCart ∧ (at(3,1) ∨ at(3,2) ∨ at(6,1) ∨ at(6,2)))",coordinate,False,True,0,16,3.2,0.3369329452618217,0.27734746387259607,0.7,0.5714285714285715,0.4,0.5,0.0,False,0,5,0,18
original,c2,7,ok,nodes,True,SPUR_memorised_cells,"[SPUR_memorised_cells] FORBIDDEN: (hasCart ∧ (at(3,1) ∨ at(3,2) ∨ at(6,1) ∨ at(6,2)))",coordinate,False,True,0,8,1.6,0.615310901500092,0.06854667075842187,0.7,0.5714285714285715,0.4,0.5,0.0,False,0,5,0,18
original,c2,7,ok,tokens,True,SPUR_memorised_cells,"[SPUR_memorised_cells] FORBIDDEN: (hasCart ∧ (at(3,1) ∨ at(3,2) ∨ at(6,1) ∨ at(6,2)))",coordinate,False,True,0,16,3.2,0.45340916566782224,0.250180365699243,0.7,0.5714285714285715,0.4,0.5,0.0,False,0,5,0,18
original,c2,8,ok,nodes,True,SPUR_memorised_cells,"[SPUR_memorised_cells] FORBIDDEN: (hasCart ∧ (at(3,1) ∨ at(3,2) ∨ at(6,1) ∨ at(6,2)))",coordinate,False,True,0,8,1.6,0.495465712696133,0.2733861654763439,0.7,0.5714285714285715,0.4,0.5,0.0,False,0,5,0,18
original,c2,8,ok,tokens,True,g0_no_carts_between_facing_shelves,[g0_no_carts_between_facing_shelves] FORBIDDEN: (hasCart ∧ facing_shelves)  where facing_shelves := ((shelfE ∧ shelfW) ∨ (shelfN ∧ shelfS)),relational,True,False,7,4,2.2,0.6578281915945537,0.6578281915945537,1.0,1.0,1.0,1.0,1.0,True,0,0,0,18
original,c2,9,ok,nodes,True,SPUR_memorised_cells,"[SPUR_memorised_cells] FORBIDDEN: (hasCart ∧ (at(3,1) ∨ at(3,2) ∨ at(6,1) ∨ at(6,2)))",coordinate,False,True,0,8,1.6,0.5735855115954492,0.09532519939597828,0.7,0.5714285714285715,0.4,0.5,0.0,False,0,5,0,17
original,c2,9,ok,tokens,True,SPUR_memorised_cells,"[SPUR_memorised_cells] FORBIDDEN: (hasCart ∧ (at(3,1) ∨ at(3,2) ∨ at(6,1) ∨ at(6,2)))",coordinate,False,True,0,16,3.2,0.3679358215021975,0.3028675835846715,0.7,0.5714285714285715,0.4,0.5,0.0,False,0,5,0,17
original,c3,0,ok,nodes,False,g0_no_cart_in_single_file_shelf_aisle,[g0_no_cart_in_single_file_shelf_aisle] FORBIDDEN: (hasCart ∧ single_file_shelf_aisle)  where single_file_shelf_aisle := (adjShelf ∧ (freeWidthH≤1 ∨ freeWidthV≤1)),relational,False,False,9,4,2.6,0.584868286094643,0.0,1.0,1.0,1.0,0.8,0.8333333333333333,False,2,0,0,18
original,c3,0,ok,tokens,False,g0_no_cart_in_single_file_shelf_aisle,[g0_no_cart_in_single_file_shelf_aisle] FORBIDDEN: (hasCart ∧ single_file_shelf_aisle)  where single_file_shelf_aisle := (adjShelf ∧ (freeWidthH≤1 ∨ freeWidthV≤1)),relational,False,False,9,4,2.6,0.6000170832709517,0.0,1.0,1.0,1.0,0.8,0.8333333333333333,False,2,0,0,18
original,c3,1,ok,nodes,True,g0_no_cart_in_single_file_shelf_aisle,[g0_no_cart_in_single_file_shelf_aisle] FORBIDDEN: (hasCart ∧ singleFileShelfAisle)  where singleFileShelfAisle := ((freeWidthH≤1 ∧ shelfE ∧ shelfW) ∨ (freeWidthV≤1 ∧ shelfN ∧ shelfS)),relational,True,False,13,4,3.4000000000000004,0.5075403800639764,0.5075403800639764,1.0,1.0,1.0,1.0,1.0,True,0,0,0,18
original,c3,1,ok,tokens,True,g0_no_cart_in_single_file_shelf_aisle,[g0_no_cart_in_single_file_shelf_aisle] FORBIDDEN: (hasCart ∧ singleFileShelfAisle)  where singleFileShelfAisle := ((freeWidthH≤1 ∧ shelfE ∧ shelfW) ∨ (freeWidthV≤1 ∧ shelfN ∧ shelfS)),relational,True,False,13,4,3.4000000000000004,0.626859091663838,0.626859091663838,1.0,1.0,1.0,1.0,1.0,True,0,0,0,18
original,c3,2,ok,nodes,True,g0_no_cart_in_single_file_shelf_aisle,[g0_no_cart_in_single_file_shelf_aisle] FORBIDDEN: (hasCart ∧ two_sided_single_file_shelf_aisle)  where horizontal_single_file_between_shelves := (freeWidthH≤1 ∧ shelfE ∧ shelfW); two_sided_single_file_shelf_aisle := (horizontal_single_file_between_shelves ∨ vertical_single_file_between_shelves); vertical_single_file_between_shelves := (freeWidthV≤1 ∧ shelfN ∧ shelfS),relational,True,False,15,4,3.8,0.3544996084480665,0.3544996084480665,1.0,1.0,1.0,1.0,1.0,True,0,0,0,18
original,c3,2,ok,tokens,True,g0_no_cart_in_single_file_shelf_aisle,[g0_no_cart_in_single_file_shelf_aisle] FORBIDDEN: (hasCart ∧ two_sided_single_file_shelf_aisle)  where horizontal_single_file_between_shelves := (freeWidthH≤1 ∧ shelfE ∧ shelfW); two_sided_single_file_shelf_aisle := (horizontal_single_file_between_shelves ∨ vertical_single_file_between_shelves); vertical_single_file_between_shelves := (freeWidthV≤1 ∧ shelfN ∧ shelfS),relational,True,False,15,4,3.8,0.4422047326088743,0.4422047326088743,1.0,1.0,1.0,1.0,1.0,True,0,0,0,18
original,c3,3,ok,nodes,False,g0_no_cart_in_single_file_shelf_aisle,[g0_no_cart_in_single_file_shelf_aisle] FORBIDDEN: (hasCart ∧ shelfLinedSingleFileAisle)  where shelfLinedSingleFileAisle := (adjShelf ∧ singleFileAisle); singleFileAisle := (freeWidthH≤1 ∨ freeWidthV≤1),relational,False,False,10,4,2.8,0.5048895934798691,0.0,1.0,1.0,1.0,0.8,0.8333333333333333,False,2,0,0,18
original,c3,3,ok,tokens,False,g0_no_cart_in_single_file_shelf_aisle,[g0_no_cart_in_single_file_shelf_aisle] FORBIDDEN: (hasCart ∧ shelfLinedSingleFileAisle)  where shelfLinedSingleFileAisle := (adjShelf ∧ singleFileAisle); singleFileAisle := (freeWidthH≤1 ∨ freeWidthV≤1),relational,False,False,10,4,2.8,0.5186974378124916,0.0,1.0,1.0,1.0,0.8,0.8333333333333333,False,2,0,0,18
original,c3,4,ok,nodes,False,g0_no_cart_movement_through_single_file_space,[g0_no_cart_movement_through_single_file_space] FORBIDDEN: (hasCart ∧ MOVE ∧ single_file_space)  where single_file_space := (freeWidthH≤1 ∨ freeWidthV≤1),relational,False,False,7,5,2.4000000000000004,0.5360265297471797,0.0,1.0,1.0,1.0,0.8,0.8333333333333333,False,2,0,0,16
original,c3,4,ok,tokens,False,g0_no_cart_movement_through_single_file_space,[g0_no_cart_movement_through_single_file_space] FORBIDDEN: (hasCart ∧ MOVE ∧ single_file_space)  where single_file_space := (freeWidthH≤1 ∨ freeWidthV≤1),relational,False,False,7,5,2.4000000000000004,0.5464869732080395,0.0,1.0,1.0,1.0,0.8,0.8333333333333333,False,2,0,0,16
original,c3,5,ok,nodes,True,g0_no_cart_in_single_file_shelf_aisle,[g0_no_cart_in_single_file_shelf_aisle] FORBIDDEN: (hasCart ∧ single_file_shelf_aisle)  where single_file_shelf_aisle := (adjShelf ∧ (freeWidthH≤1 ∨ freeWidthV≤1)),relational,False,False,9,4,2.6,0.45200450555017485,0.17273668322386032,1.0,1.0,1.0,0.8,0.8333333333333333,False,2,0,0,18
original,c3,5,ok,tokens,True,g0_no_cart_in_single_file_shelf_aisle,[g0_no_cart_in_single_file_shelf_aisle] FORBIDDEN: (hasCart ∧ single_file_shelf_aisle)  where single_file_shelf_aisle := (adjShelf ∧ (freeWidthH≤1 ∨ freeWidthV≤1)),relational,False,False,9,4,2.6,0.46099947425357335,0.17617417342683117,1.0,1.0,1.0,0.8,0.8333333333333333,False,2,0,0,18
original,c3,6,ok,nodes,False,g0_no_cart_in_single_file_aisle,[g0_no_cart_in_single_file_aisle] FORBIDDEN: (hasCart ∧ singleFileAisle)  where singleFileAisle := (freeWidthH≤1 ∨ freeWidthV≤1),relational,False,False,7,4,2.2,0.5901431432972101,0.0,1.0,1.0,1.0,0.8,0.8333333333333333,False,2,0,0,18
original,c3,6,ok,tokens,False,g0_no_cart_in_single_file_aisle,[g0_no_cart_in_single_file_aisle] FORBIDDEN: (hasCart ∧ singleFileAisle)  where singleFileAisle := (freeWidthH≤1 ∨ freeWidthV≤1),relational,False,False,7,4,2.2,0.6003957342137386,0.0,1.0,1.0,1.0,0.8,0.8333333333333333,False,2,0,0,18
original,c3,7,ok,nodes,True,g0_no_cart_in_single_file_shelf_aisle,[g0_no_cart_in_single_file_shelf_aisle] FORBIDDEN: (hasCart ∧ single_file_shelf_aisle)  where horizontal_single_file_shelf_aisle := (shelfN ∧ shelfS ∧ freeWidthV≤2); single_file_shelf_aisle := (vertical_single_file_shelf_aisle ∨ horizontal_single_file_shelf_aisle); vertical_single_file_shelf_aisle := (shelfE ∧ shelfW ∧ freeWidthH≤2),relational,True,False,15,4,3.8,0.384217426587333,0.384217426587333,1.0,1.0,1.0,1.0,1.0,True,0,0,0,18
original,c3,7,ok,tokens,True,g0_no_cart_in_single_file_shelf_aisle,[g0_no_cart_in_single_file_shelf_aisle] FORBIDDEN: (hasCart ∧ single_file_shelf_aisle)  where horizontal_single_file_shelf_aisle := (shelfN ∧ shelfS ∧ freeWidthV≤2); single_file_shelf_aisle := (vertical_single_file_shelf_aisle ∨ horizontal_single_file_shelf_aisle); vertical_single_file_shelf_aisle := (shelfE ∧ shelfW ∧ freeWidthH≤2),relational,True,False,15,4,3.8,0.48942562449675264,0.48942562449675264,1.0,1.0,1.0,1.0,1.0,True,0,0,0,18
original,c3,8,ok,nodes,True,g0_no_cart_in_single_file_shelf_aisle,[g0_no_cart_in_single_file_shelf_aisle] FORBIDDEN: (hasCart ∧ single_file_shelf_aisle)  where single_file_shelf_aisle := ((shelfE ∧ shelfW ∧ freeWidthH≤1) ∨ (shelfN ∧ shelfS ∧ freeWidthV≤1)),relational,True,False,13,4,3.4000000000000004,0.7128954313451494,0.7128954313451494,1.0,1.0,1.0,1.0,1.0,True,0,0,0,18
original,c3,8,ok,tokens,True,g0_no_cart_in_single_file_shelf_aisle,[g0_no_cart_in_single_file_shelf_aisle] FORBIDDEN: (hasCart ∧ single_file_shelf_aisle)  where single_file_shelf_aisle := ((shelfE ∧ shelfW ∧ freeWidthH≤1) ∨ (shelfN ∧ shelfS ∧ freeWidthV≤1)),relational,True,False,13,4,3.4000000000000004,0.9730480029238568,0.9730480029238568,1.0,1.0,1.0,1.0,1.0,True,0,0,0,18
original,c3,9,ok,nodes,True,g0_no_cart_in_single_file_shelf_aisle,[g0_no_cart_in_single_file_shelf_aisle] FORBIDDEN: (hasCart ∧ singleFileShelfAisle)  where shelvesOnBothHorizontalSides := (shelfE ∧ shelfW); shelvesOnBothVerticalSides := (shelfN ∧ shelfS); singleFileShelfAisle := ((shelvesOnBothHorizontalSides ∧ freeWidthH≤1) ∨ (shelvesOnBothVerticalSides ∧ freeWidthV≤1)),relational,True,False,17,4,4.2,0.32088643354520285,0.32088643354520285,1.0,1.0,1.0,1.0,1.0,True,0,0,0,18
original,c3,9,ok,tokens,True,g0_no_cart_in_single_file_shelf_aisle,[g0_no_cart_in_single_file_shelf_aisle] FORBIDDEN: (hasCart ∧ singleFileShelfAisle)  where shelvesOnBothHorizontalSides := (shelfE ∧ shelfW); shelvesOnBothVerticalSides := (shelfN ∧ shelfS); singleFileShelfAisle := ((shelvesOnBothHorizontalSides ∧ freeWidthH≤1) ∨ (shelvesOnBothVerticalSides ∧ freeWidthV≤1)),relational,True,False,17,4,4.2,0.4382660927408237,0.4382660927408237,1.0,1.0,1.0,1.0,1.0,True,0,0,0,18
counterfactual,c2,0,ok,nodes,True,SPUR_memorised_cells,"[SPUR_memorised_cells] FORBIDDEN: (hasCart ∧ (at(3,1) ∨ at(3,2) ∨ at(6,1) ∨ at(6,2)))",coordinate,False,True,0,8,1.6,0.6011245974566998,0.09990196920246226,0.7,0.5714285714285715,0.4,0.5,0.0,False,0,5,0,18
counterfactual,c2,0,ok,tokens,True,SPUR_memorised_cells,"[SPUR_memorised_cells] FORBIDDEN: (hasCart ∧ (at(3,1) ∨ at(3,2) ∨ at(6,1) ∨ at(6,2)))",coordinate,False,True,0,16,3.2,0.4248955522008156,0.3497541735554201,0.7,0.5714285714285715,0.4,0.5,0.0,False,0,5,0,18
counterfactual,c2,1,ok,nodes,True,SPUR_memorised_cells,"[SPUR_memorised_cells] FORBIDDEN: (hasCart ∧ (at(3,1) ∨ at(3,2) ∨ at(6,1) ∨ at(6,2)))",coordinate,False,True,0,8,1.6,0.5749502690705942,0.09555201087537465,0.7,0.5714285714285715,0.4,0.5,0.0,False,0,5,0,18
counterfactual,c2,1,ok,tokens,True,SPUR_memorised_cells,"[SPUR_memorised_cells] FORBIDDEN: (hasCart ∧ (at(3,1) ∨ at(3,2) ∨ at(6,1) ∨ at(6,2)))",coordinate,False,True,0,16,3.2,0.359940763562457,0.2962864253029299,0.7,0.5714285714285715,0.4,0.5,0.0,False,0,5,0,18
counterfactual,c2,2,ok,nodes,False,SPUR_memorised_cells,"[SPUR_memorised_cells] FORBIDDEN: (hasCart ∧ (at(3,1) ∨ at(3,2) ∨ at(6,1) ∨ at(6,2)))",coordinate,False,True,0,8,1.6,0.306180737265422,0.0,0.7,0.5714285714285715,0.4,0.5,0.0,False,0,5,0,18
counterfactual,c2,2,ok,tokens,False,g0_no_cart_motion_in_single_file_clearance,[g0_no_cart_motion_in_single_file_clearance] FORBIDDEN: (hasCart ∧ singleFileHorizontalClearance ∧ MOVE)  where singleFileHorizontalClearance := freeWidthH≤1,relational,False,False,3,5,1.6,0.47957278789354263,0.0,1.0,1.0,1.0,0.5,0.4444444444444445,False,2,3,0,18
counterfactual,c2,3,ok,nodes,True,SPUR_memorised_cells,"[SPUR_memorised_cells] FORBIDDEN: (hasCart ∧ (at(3,1) ∨ at(3,2) ∨ at(6,1) ∨ at(6,2)))",coordinate,False,True,0,8,1.6,0.5883200079599006,0.06553983975889838,0.7,0.5714285714285715,0.4,0.5,0.0,False,0,5,0,18
counterfactual,c2,3,ok,tokens,True,SPUR_memorised_cells,"[SPUR_memorised_cells] FORBIDDEN: (hasCart ∧ (at(3,1) ∨ at(3,2) ∨ at(6,1) ∨ at(6,2)))",coordinate,False,True,0,16,3.2,0.39764279556294635,0.21940981247055347,0.7,0.5714285714285715,0.4,0.5,0.0,False,0,5,0,18
counterfactual,c2,4,ok,nodes,True,SPUR_memorised_cells,"[SPUR_memorised_cells] FORBIDDEN: (hasCart ∧ (at(3,1) ∨ at(3,2) ∨ at(6,1) ∨ at(6,2)))",coordinate,False,True,0,8,1.6,0.637599865533709,0.04761263103100489,0.7,0.5714285714285715,0.4,0.5,0.0,False,0,5,0,18
counterfactual,c2,4,ok,tokens,True,SPUR_memorised_cells,"[SPUR_memorised_cells] FORBIDDEN: (hasCart ∧ (at(3,1) ∨ at(3,2) ∨ at(6,1) ∨ at(6,2)))",coordinate,False,True,0,16,3.2,0.5111501320874381,0.18905737016853216,0.7,0.5714285714285715,0.4,0.5,0.0,False,0,5,0,18
counterfactual,c2,5,ok,nodes,True,SPUR_memorised_cells,"[SPUR_memorised_cells] FORBIDDEN: (hasCart ∧ (at(3,1) ∨ at(3,2) ∨ at(6,1) ∨ at(6,2)))",coordinate,False,True,0,8,1.6,0.6154971102621674,0.04596211259710965,0.7,0.5714285714285715,0.4,0.5,0.0,False,0,5,0,18
counterfactual,c2,5,ok,tokens,True,SPUR_memorised_cells,"[SPUR_memorised_cells] FORBIDDEN: (hasCart ∧ (at(3,1) ∨ at(3,2) ∨ at(6,1) ∨ at(6,2)))",coordinate,False,True,0,16,3.2,0.46258231155888996,0.1710937546913212,0.7,0.5714285714285715,0.4,0.5,0.0,False,0,5,0,18
counterfactual,c2,6,ok,nodes,False,SPUR_memorised_cells,"[SPUR_memorised_cells] FORBIDDEN: (hasCart ∧ (at(3,1) ∨ at(3,2) ∨ at(6,1) ∨ at(6,2)))",coordinate,False,True,0,8,1.6,0.4846940226390527,0.0,0.7,0.5714285714285715,0.4,0.5,0.0,False,0,5,0,18
counterfactual,c2,6,ok,tokens,False,g0_no_cart_in_shelf_canyon,[g0_no_cart_in_shelf_canyon] FORBIDDEN: (hasCart ∧ shelf_canyon)  where opposing_side_shelves := (shelfE ∧ shelfW); shelf_canyon := (adjShelf ∧ single_file_horizontal_space ∧ opposing_side_shelves); single_file_horizontal_space := freeWidthH≤1,relational,False,False,10,4,2.8,0.3405389601824211,0.0,1.0,1.0,1.0,0.7,0.5714285714285715,False,0,3,0,18
counterfactual,c2,7,ok,nodes,True,SPUR_memorised_cells,"[SPUR_memorised_cells] FORBIDDEN: (hasCart ∧ (at(3,1) ∨ at(3,2) ∨ at(6,1) ∨ at(6,2)))",coordinate,False,True,0,8,1.6,0.545414927351324,0.09064347974670932,0.7,0.5714285714285715,0.4,0.5,0.0,False,0,5,0,18
counterfactual,c2,7,ok,tokens,True,SPUR_memorised_cells,"[SPUR_memorised_cells] FORBIDDEN: (hasCart ∧ (at(3,1) ∨ at(3,2) ∨ at(6,1) ∨ at(6,2)))",coordinate,False,True,0,16,3.2,0.30891937852835466,0.25428800412901015,0.7,0.5714285714285715,0.4,0.5,0.0,False,0,5,0,18
counterfactual,c2,8,ok,nodes,False,SPUR_memorised_cells,"[SPUR_memorised_cells] FORBIDDEN: (hasCart ∧ (at(3,1) ∨ at(3,2) ∨ at(6,1) ∨ at(6,2)))",coordinate,False,True,0,8,1.6,0.4571833409637707,0.0,0.7,0.5714285714285715,0.4,0.5,0.0,False,0,5,0,18
counterfactual,c2,8,ok,tokens,False,g0_no_cart_in_single_file_shelf_aisle,[g0_no_cart_in_single_file_shelf_aisle] FORBIDDEN: (hasCart ∧ singleFileShelfAisle)  where betweenOpposingShelves := (shelfE ∧ shelfW); singleFileShelfAisle := (betweenOpposingShelves ∧ freeWidthH≤1),relational,False,False,8,4,2.4000000000000004,0.44826512521092604,0.0,1.0,1.0,1.0,0.7,0.5714285714285715,False,0,3,0,18
counterfactual,c2,9,ok,nodes,False,SPUR_memorised_cells,"[SPUR_memorised_cells] FORBIDDEN: (hasCart ∧ (at(3,1) ∨ at(3,2) ∨ at(6,1) ∨ at(6,2)))",coordinate,False,True,0,8,1.6,0.6308075285614276,0.0,0.7,0.5714285714285715,0.4,0.5,0.0,False,0,5,0,18
counterfactual,c2,9,ok,tokens,False,SPUR_memorised_cells,"[SPUR_memorised_cells] FORBIDDEN: (hasCart ∧ (at(3,1) ∨ at(3,2) ∨ at(6,1) ∨ at(6,2)))",coordinate,False,True,0,16,3.2,0.5169173729532301,0.0,0.7,0.5714285714285715,0.4,0.5,0.0,False,0,5,0,18
counterfactual,c3,0,ok,nodes,False,g0_no_cart_in_single_file_shelf_aisle,[g0_no_cart_in_single_file_shelf_aisle] FORBIDDEN: (hasCart ∧ singleFileShelfAisle)  where singleFilePassage := (freeWidthH≤1 ∨ freeWidthV≤1); singleFileShelfAisle := (adjShelf ∧ singleFilePassage),relational,False,False,10,4,2.8,0.5813784682715954,0.0,1.0,1.0,1.0,0.8,0.8333333333333333,False,2,0,0,18
counterfactual,c3,0,ok,tokens,False,g0_no_cart_in_single_file_shelf_aisle,[g0_no_cart_in_single_file_shelf_aisle] FORBIDDEN: (hasCart ∧ singleFileShelfAisle)  where singleFilePassage := (freeWidthH≤1 ∨ freeWidthV≤1); singleFileShelfAisle := (adjShelf ∧ singleFilePassage),relational,False,False,10,4,2.8,0.5997630611440286,0.0,1.0,1.0,1.0,0.8,0.8333333333333333,False,2,0,0,18
counterfactual,c3,1,ok,nodes,True,g0_no_cart_in_single_file_shelf_aisle,[g0_no_cart_in_single_file_shelf_aisle] FORBIDDEN: (hasCart ∧ singleFileShelfAisle)  where shelvesOnHorizontalSides := (shelfE ∧ shelfW); shelvesOnVerticalSides := (shelfN ∧ shelfS); singleFileShelfAisle := ((shelvesOnHorizontalSides ∧ freeWidthH≤1) ∨ (shelvesOnVerticalSides ∧ freeWidthV≤1)),relational,True,False,17,4,4.2,0.40740499215111536,0.40740499215111536,1.0,1.0,1.0,1.0,1.0,True,0,0,0,17
counterfactual,c3,1,ok,tokens,True,g0_no_cart_in_single_file_shelf_aisle,[g0_no_cart_in_single_file_shelf_aisle] FORBIDDEN: (hasCart ∧ singleFileShelfAisle)  where shelvesOnHorizontalSides := (shelfE ∧ shelfW); shelvesOnVerticalSides := (shelfN ∧ shelfS); singleFileShelfAisle := ((shelvesOnHorizontalSides ∧ freeWidthH≤1) ∨ (shelvesOnVerticalSides ∧ freeWidthV≤1)),relational,True,False,17,4,4.2,0.6173176676909363,0.6173176676909363,1.0,1.0,1.0,1.0,1.0,True,0,0,0,17
counterfactual,c3,2,ok,nodes,True,g0_no_cart_in_single_file_shelf_aisle,[g0_no_cart_in_single_file_shelf_aisle] FORBIDDEN: (hasCart ∧ single_file_shelf_aisle)  where single_file_shelf_aisle := (adjShelf ∧ (freeWidthH≤1 ∨ freeWidthV≤1)),relational,False,False,9,4,2.6,0.4780243447471179,0.18268034676196446,1.0,1.0,1.0,0.8,0.8333333333333333,False,2,0,0,18
counterfactual,c3,2,ok,tokens,True,g0_no_cart_in_single_file_shelf_aisle,[g0_no_cart_in_single_file_shelf_aisle] FORBIDDEN: (hasCart ∧ single_file_shelf_aisle)  where single_file_shelf_aisle := (adjShelf ∧ (freeWidthH≤1 ∨ freeWidthV≤1)),relational,False,False,9,4,2.6,0.48809625751282476,0.18652939867075152,1.0,1.0,1.0,0.8,0.8333333333333333,False,2,0,0,18
counterfactual,c3,3,ok,nodes,True,g0_no_cart_single_file,[g0_no_cart_single_file] FORBIDDEN: (hasCart ∧ single_file_shelf_aisle)  where horizontal_single_file_shelf_aisle := (shelfN ∧ shelfS ∧ freeWidthV≤2); single_file_shelf_aisle := (vertical_single_file_shelf_aisle ∨ horizontal_single_file_shelf_aisle); vertical_single_file_shelf_aisle := (shelfE ∧ shelfW ∧ freeWidthH≤2),relational,True,False,15,4,3.8,0.3544996079912355,0.3544996079912355,1.0,1.0,1.0,1.0,1.0,True,0,0,0,18
counterfactual,c3,3,ok,tokens,True,g0_no_cart_single_file,[g0_no_cart_single_file] FORBIDDEN: (hasCart ∧ single_file_shelf_aisle)  where horizontal_single_file_shelf_aisle := (shelfN ∧ shelfS ∧ freeWidthV≤2); single_file_shelf_aisle := (vertical_single_file_shelf_aisle ∨ horizontal_single_file_shelf_aisle); vertical_single_file_shelf_aisle := (shelfE ∧ shelfW ∧ freeWidthH≤2),relational,True,False,15,4,3.8,0.44220473207877525,0.44220473207877525,1.0,1.0,1.0,1.0,1.0,True,0,0,0,18
counterfactual,c3,4,ok,nodes,True,g0_no_cart_motion_in_shelf_bottleneck,[g0_no_cart_motion_in_shelf_bottleneck] FORBIDDEN: (hasCart ∧ MOVE ∧ shelf_bottleneck)  where shelf_bottleneck := (adjShelf ∧ (freeWidthH≤1 ∨ freeWidthV≤1)),relational,False,False,9,5,2.8,0.8338514290377189,0.11844655751531867,1.0,1.0,1.0,0.8,0.8333333333333333,False,2,0,0,18
counterfactual,c3,4,ok,tokens,True,g0_no_cart_motion_in_shelf_bottleneck,[g0_no_cart_motion_in_shelf_bottleneck] FORBIDDEN: (hasCart ∧ MOVE ∧ shelf_bottleneck)  where shelf_bottleneck := (adjShelf ∧ (freeWidthH≤1 ∨ freeWidthV≤1)),relational,False,False,9,5,2.8,0.8726140065187151,0.12395268690858893,1.0,1.0,1.0,0.8,0.8333333333333333,False,2,0,0,18
counterfactual,c3,5,ok,nodes,True,g0_no_cart_in_single_file_shelf_aisle,[g0_no_cart_in_single_file_shelf_aisle] FORBIDDEN: (hasCart ∧ single_file_shelf_aisle)  where single_file_shelf_aisle := ((shelfE ∧ shelfW ∧ freeWidthH≤2) ∨ (shelfN ∧ shelfS ∧ freeWidthV≤2)),relational,True,False,13,4,3.4000000000000004,0.41586607447161356,0.41586607447161356,1.0,1.0,1.0,1.0,1.0,True,0,0,0,18
counterfactual,c3,5,ok,tokens,True,g0_no_cart_in_single_file_shelf_aisle,[g0_no_cart_in_single_file_shelf_aisle] FORBIDDEN: (hasCart ∧ single_file_shelf_aisle)  where single_file_shelf_aisle := ((shelfE ∧ shelfW ∧ freeWidthH≤2) ∨ (shelfN ∧ shelfS ∧ freeWidthV≤2)),relational,True,False,13,4,3.4000000000000004,0.4927107034866199,0.4927107034866199,1.0,1.0,1.0,1.0,1.0,True,0,0,0,18
counterfactual,c3,6,ok,nodes,True,g0_no_carts_in_single_file_shelf_aisles,[g0_no_carts_in_single_file_shelf_aisles] FORBIDDEN: (hasCart ∧ single_file_shelf_aisle)  where single_file_shelf_aisle := ((shelfE ∧ shelfW ∧ freeWidthH≤1) ∨ (shelfN ∧ shelfS ∧ freeWidthV≤1)),relational,True,False,13,4,3.4000000000000004,0.29144848081517494,0.5270359824060872,1.0,1.0,1.0,1.0,1.0,True,0,0,0,17
counterfactual,c3,6,ok,tokens,True,g0_no_carts_in_single_file_shelf_aisles,[g0_no_carts_in_single_file_shelf_aisles] FORBIDDEN: (hasCart ∧ single_file_shelf_aisle)  where single_file_shelf_aisle := ((shelfE ∧ shelfW ∧ freeWidthH≤1) ∨ (shelfN ∧ shelfS ∧ freeWidthV≤1)),relational,True,False,13,4,3.4000000000000004,0.3272137377157712,0.5917114861311021,1.0,1.0,1.0,1.0,1.0,True,0,0,0,17
counterfactual,c3,7,ok,nodes,False,g0_no_cart_in_single_file_shelf_aisle,[g0_no_cart_in_single_file_shelf_aisle] FORBIDDEN: (hasCart ∧ singleFileShelfAisle)  where singleFile := (freeWidthH≤1 ∨ freeWidthV≤1); singleFileShelfAisle := (singleFile ∧ adjShelf),relational,False,False,10,4,2.8,0.7138521892290978,0.0,1.0,1.0,1.0,0.8,0.8333333333333333,False,2,0,0,18
counterfactual,c3,7,ok,tokens,False,g0_no_cart_in_single_file_shelf_aisle,[g0_no_cart_in_single_file_shelf_aisle] FORBIDDEN: (hasCart ∧ singleFileShelfAisle)  where singleFile := (freeWidthH≤1 ∨ freeWidthV≤1); singleFileShelfAisle := (singleFile ∧ adjShelf),relational,False,False,10,4,2.8,0.7417707720747246,0.0,1.0,1.0,1.0,0.8,0.8333333333333333,False,2,0,0,18
counterfactual,c3,8,ok,nodes,False,g0_no_cart_in_single_file_shelf_aisles,[g0_no_cart_in_single_file_shelf_aisles] FORBIDDEN: (hasCart ∧ single_file_shelf_aisle)  where single_file_shelf_aisle := (adjShelf ∧ (freeWidthH≤1 ∨ freeWidthV≤1)),relational,False,False,9,4,2.6,0.6804883645693223,0.0,1.0,1.0,1.0,0.8,0.8333333333333333,False,2,0,0,16
counterfactual,c3,8,ok,tokens,False,g0_no_cart_in_single_file_shelf_aisles,[g0_no_cart_in_single_file_shelf_aisles] FORBIDDEN: (hasCart ∧ single_file_shelf_aisle)  where single_file_shelf_aisle := (adjShelf ∧ (freeWidthH≤1 ∨ freeWidthV≤1)),relational,False,False,9,4,2.6,0.701082633189314,0.0,1.0,1.0,1.0,0.8,0.8333333333333333,False,2,0,0,16
counterfactual,c3,9,ok,nodes,True,g0_no_cart_in_single_file_shelf_aisle,[g0_no_cart_in_single_file_shelf_aisle] FORBIDDEN: (hasCart ∧ singleFileShelfAisle)  where horizontalSingleFileShelfAisle := (shelfN ∧ shelfS ∧ freeWidthV≤1); singleFileShelfAisle := (verticalSingleFileShelfAisle ∨ horizontalSingleFileShelfAisle); verticalSingleFileShelfAisle := (shelfE ∧ shelfW ∧ freeWidthH≤1),relational,True,False,15,4,3.8,0.3542161544962743,0.3542161544962743,1.0,1.0,1.0,1.0,1.0,True,0,0,0,18
counterfactual,c3,9,ok,tokens,True,g0_no_cart_in_single_file_shelf_aisle,[g0_no_cart_in_single_file_shelf_aisle] FORBIDDEN: (hasCart ∧ singleFileShelfAisle)  where horizontalSingleFileShelfAisle := (shelfN ∧ shelfS ∧ freeWidthV≤1); singleFileShelfAisle := (verticalSingleFileShelfAisle ∨ horizontalSingleFileShelfAisle); verticalSingleFileShelfAisle := (shelfE ∧ shelfW ∧ freeWidthH≤1),relational,True,False,15,4,3.8,0.4417637601213037,0.4417637601213037,1.0,1.0,1.0,1.0,1.0,True,0,0,0,18
counterfactual,c1,0,ok,nodes,False,SPUR_memorised_cells,"[SPUR_memorised_cells] FORBIDDEN: (hasCart ∧ (at(3,1) ∨ at(3,2) ∨ at(6,1) ∨ at(6,2)))",coordinate,False,True,0,8,1.6,0.43150635725237674,0.0,0.7,0.5714285714285715,0.4,0.5,0.0,False,0,5,0,18
counterfactual,c1,0,ok,tokens,False,g1_no_cart_item_pick_in_customer_aisle,[g1_no_cart_item_pick_in_customer_aisle] FORBIDDEN: cartItemInteractionInCustomerAisle  where customerShelfAisle := (freeWidthH=1 ∧ shelfE ∧ shelfW ∧ adjShelf); cartItemInteractionInCustomerAisle := (customerShelfAisle ∧ hasCart ∧ INTERACT),relational,False,False,11,2,2.6,0.28226787564795164,0.0,1.0,1.0,1.0,0.7,0.5714285714285715,False,0,3,0,18
counterfactual,c1,1,ok,nodes,False,SPUR_memorised_cells,"[SPUR_memorised_cells] FORBIDDEN: (hasCart ∧ (at(3,1) ∨ at(3,2) ∨ at(6,1) ∨ at(6,2)))",coordinate,False,True,0,8,1.6,0.39275943410695785,0.0,0.7,0.5714285714285715,0.4,0.5,0.0,False,0,5,0,18
counterfactual,c1,1,ok,tokens,False,g1_no_carts_in_narrow_shelf_aisles,[g1_no_carts_in_narrow_shelf_aisles] FORBIDDEN: (hasCart ∧ narrowShelfAisle)  where narrowShelfAisle := (adjShelf ∧ shelfE ∧ shelfW ∧ freeWidthH≤1),relational,False,False,7,4,2.2,0.40345322861094257,0.0,1.0,1.0,1.0,0.7,0.5714285714285715,False,0,3,0,18
counterfactual,c1,2,ok,nodes,False,g1_no_cart_between_opposing_shelves,[g1_no_cart_between_opposing_shelves] FORBIDDEN: (hasCart ∧ betweenOpposingShelves)  where betweenOpposingShelves := (shelfE ∧ shelfW),relational,False,False,3,4,1.4000000000000001,0.29337487906957543,0.0,1.0,1.0,1.0,0.7,0.5714285714285715,False,0,3,0,18
counterfactual,c1,2,ok,tokens,False,g1_no_cart_between_opposing_shelves,[g1_no_cart_between_opposing_shelves] FORBIDDEN: (hasCart ∧ betweenOpposingShelves)  where betweenOpposingShelves := (shelfE ∧ shelfW),relational,False,False,3,4,1.4000000000000001,0.4098803089165626,0.0,1.0,1.0,1.0,0.7,0.5714285714285715,False,0,3,0,18
counterfactual,c1,3,ok,nodes,False,SPUR_memorised_cells,"[SPUR_memorised_cells] FORBIDDEN: (hasCart ∧ (at(3,1) ∨ at(3,2) ∨ at(6,1) ∨ at(6,2)))",coordinate,False,True,0,8,1.6,0.2573739457626883,0.0,0.7,0.5714285714285715,0.4,0.5,0.0,False,0,5,0,18
counterfactual,c1,3,ok,tokens,False,g1_no_cart_single_file,[g1_no_cart_single_file] FORBIDDEN: (hasCart ∧ single_file_aisle)  where single_file_aisle := (adjShelf ∧ freeWidthH≤1),relational,False,False,5,4,1.8,0.3059308155094163,0.0,1.0,1.0,1.0,0.5,0.4444444444444445,False,2,3,0,18
counterfactual,c1,4,ok,nodes,False,SPUR_memorised_cells,"[SPUR_memorised_cells] FORBIDDEN: (hasCart ∧ (at(3,1) ∨ at(3,2) ∨ at(6,1) ∨ at(6,2)))",coordinate,False,True,0,8,1.6,0.3965972802452285,0.0,0.7,0.5714285714285715,0.4,0.5,0.0,False,0,5,0,18
counterfactual,c1,4,ok,tokens,False,g1_no_cart_in_single_file_shelf_aisle,[g1_no_cart_in_single_file_shelf_aisle] FORBIDDEN: (hasCart ∧ singleFileShelfAisle)  where singleFileShelfAisle := (freeWidthH≤1 ∧ shelfE ∧ shelfW),relational,False,False,6,4,2.0,0.4999367080682788,0.0,1.0,1.0,1.0,0.7,0.5714285714285715,False,0,3,0,18
counterfactual,c1,5,ok,nodes,False,SPUR_memorised_cells,"[SPUR_memorised_cells] FORBIDDEN: (hasCart ∧ (at(3,1) ∨ at(3,2) ∨ at(6,1) ∨ at(6,2)))",coordinate,False,True,0,8,1.6,0.40710304786853696,0.0,0.7,0.5714285714285715,0.4,0.5,0.0,False,0,5,0,18
counterfactual,c1,5,ok,tokens,False,g1_no_enter_single_file_with_cart,[g1_no_enter_single_file_with_cart] FORBIDDEN: enter_single_file_with_cart  where single_file_shelf_aisle := (freeWidthH≤1 ∧ adjShelf); enter_single_file_with_cart := (MOVE ∧ hasCart) · (hasCart ∧ single_file_shelf_aisle),relational,False,False,11,2,2.6,0.28886669974250323,0.0,1.0,1.0,1.0,0.5,0.4444444444444445,False,2,3,0,18
counterfactual,c1,6,ok,nodes,False,SPUR_memorised_cells,"[SPUR_memorised_cells] FORBIDDEN: (hasCart ∧ (at(3,1) ∨ at(3,2) ∨ at(6,1) ∨ at(6,2)))",coordinate,False,True,0,8,1.6,0.4910597158761759,0.0,0.7,0.5714285714285715,0.4,0.5,0.0,False,0,5,0,18
counterfactual,c1,6,ok,tokens,False,g1_no_cart_single_file_shelf_aisle,[g1_no_cart_single_file_shelf_aisle] FORBIDDEN: (hasCart ∧ singleFileShelfAisle)  where flankedByShelves := (shelfE ∧ shelfW); singleFile := freeWidthH≤1; singleFileShelfAisle := (singleFile ∧ flankedByShelves),relational,False,False,9,4,2.6,0.4290660222088235,0.0,1.0,1.0,1.0,0.7,0.5714285714285715,False,0,3,0,18
counterfactual,c1,7,ok,nodes,False,SPUR_memorised_cells,"[SPUR_memorised_cells] FORBIDDEN: (hasCart ∧ (at(3,1) ∨ at(3,2) ∨ at(6,1) ∨ at(6,2)))",coordinate,False,True,0,8,1.6,0.32991822190611714,0.0,0.7,0.5714285714285715,0.4,0.5,0.0,False,0,5,0,18
counterfactual,c1,7,ok,tokens,False,g1_no_carts_in_single_file_shelf_aisles,[g1_no_carts_in_single_file_shelf_aisles] FORBIDDEN: (single_file_shelf_aisle ∧ hasCart)  where single_file_shelf_aisle := (freeWidthH≤1 ∧ shelfE ∧ shelfW),relational,False,False,6,4,2.0,0.36406738412520834,0.0,1.0,1.0,1.0,0.7,0.5714285714285715,False,0,3,0,18
counterfactual,c1,8,ok,nodes,False,SPUR_memorised_cells,"[SPUR_memorised_cells] FORBIDDEN: (hasCart ∧ (at(3,1) ∨ at(3,2) ∨ at(6,1) ∨ at(6,2)))",coordinate,False,True,0,8,1.6,0.32440237749880585,0.0,0.7,0.5714285714285715,0.4,0.5,0.0,False,0,5,0,18
counterfactual,c1,8,ok,tokens,False,g1_no_enter_single_file_with_cart,[g1_no_enter_single_file_with_cart] FORBIDDEN: enterSingleFileWithCart  where singleFileShelfAisle := (freeWidthH≤1 ∧ shelfE ∧ shelfW); enterSingleFileWithCart := hasCart · singleFileShelfAisle,relational,False,False,8,2,2.0,0.35416074688437876,0.0,1.0,1.0,1.0,0.7,0.5714285714285715,False,0,3,0,18
counterfactual,c1,9,ok,nodes,False,SPUR_memorised_cells,"[SPUR_memorised_cells] FORBIDDEN: (hasCart ∧ (at(3,1) ∨ at(3,2) ∨ at(6,1) ∨ at(6,2)))",coordinate,False,True,0,8,1.6,0.38809118404003845,0.0,0.7,0.5714285714285715,0.4,0.5,0.0,False,0,5,0,18
counterfactual,c1,9,ok,tokens,False,g1_no_cart_in_single_file_aisle,[g1_no_cart_in_single_file_aisle] FORBIDDEN: (hasCart ∧ singleFileAisle)  where betweenOpposingSideShelves := (shelfE ∧ shelfW); singleFileAisle := (betweenOpposingSideShelves ∧ freeWidthH≤1),relational,False,False,8,4,2.4000000000000004,0.3268804607016859,0.0,1.0,1.0,1.0,0.7,0.5714285714285715,False,0,3,0,18
