guidance,condition,prior,n_runs,correct_proposals,correct_map,spurious_map,P_intended_mean,L1_acc,L1_unseen_acc,L3_acc,L3_f1,L3_all_correct,L3_false_positives,map_kinds
original,c1,nodes,10,0/10,0/10,9/10,0.0,0.73,0.4600000000000001,0.52,0.05714285714285715,0/10,0,"{""coordinate"": 9, ""relational"": 1}"
original,c1,tokens,10,0/10,0/10,0/10,0.0,1.0,1.0,0.6599999999999999,0.5460317460317461,0/10,4,"{""relational"": 10}"
original,c2,nodes,10,6/10,0/10,10/10,0.07675725828815445,0.7,0.4,0.5,0.0,0/10,0,"{""coordinate"": 10}"
original,c2,tokens,10,6/10,1/10,4/10,0.19685325763333877,0.8799999999999999,0.76,0.65,0.4253968253968254,1/10,6,"{""coordinate"": 4, ""relational"": 6}"
original,c3,nodes,10,6/10,5/10,0/10,0.24527759632135887,1.0,1.0,0.9,0.9166666666666666,5/10,10,"{""relational"": 10}"
original,c3,tokens,10,6/10,5/10,0/10,0.3145977717860976,1.0,1.0,0.9,0.9166666666666666,5/10,10,"{""relational"": 10}"
counterfactual,c1,nodes,10,0/10,0/10,9/10,0.0,0.73,0.4600000000000001,0.52,0.05714285714285715,0/10,0,"{""coordinate"": 9, ""relational"": 1}"
counterfactual,c1,tokens,10,0/10,0/10,0/10,0.0,1.0,1.0,0.6599999999999999,0.5460317460317461,0/10,4,"{""relational"": 10}"
counterfactual,c2,nodes,10,6/10,0/10,10/10,0.044521204321155916,0.7,0.4,0.5,0.0,0/10,0,"{""coordinate"": 10}"
counterfactual,c2,tokens,10,6/10,0/10,7/10,0.1479889540317767,0.7899999999999999,0.5800000000000001,0.54,0.15873015873015875,0/10,2,"{""coordinate"": 7, ""relational"": 3}"
counterfactual,c3,nodes,10,7/10,5/10,0/10,0.2360149715793609,1.0,1.0,0.9,0.9166666666666666,5/10,10,"{""relational"": 10}"
counterfactual,c3,tokens,10,7/10,5/10,0/10,0.28961904350880774,1.0,1.0,0.9,0.9166666666666666,5/10,10,"{""relational"": 10}"
