domain,noise_type,rate,comparison,metric,diff,diff_mean
cart,behavioural,0.0,adaptive_task_q0.1 - fixed,accuracy,"0.12 [0.08, 0.16]",0.11999999999999997
cart,behavioural,0.0,adaptive_task_q0.1 - fixed,violation_f1,"0.12 [0.08, 0.16]",0.11999999999999997
cart,behavioural,0.0,adaptive_task_q0.1 - oracle,accuracy,"0.00 [0.00, 0.00]",0.0
cart,behavioural,0.0,adaptive_task_q0.1 - oracle,violation_f1,"0.00 [0.00, 0.00]",0.0
cart,behavioural,0.0,adaptive_task_q0.1 - mlci,accuracy,"0.14 [0.06, 0.23]",0.135
cart,behavioural,0.0,adaptive_task_q0.1 - mlci,violation_f1,"0.18 [0.08, 0.29]",0.17532467532467538
cart,behavioural,0.0,adaptive_task_q0.1 - adaptive_raw_rho0.1,accuracy,"0.05 [0.02, 0.09]",0.04999999999999999
cart,behavioural,0.0,adaptive_task_q0.1 - adaptive_raw_rho0.1,violation_f1,"0.05 [0.02, 0.09]",0.04999999999999999
cart,behavioural,0.05,adaptive_task_q0.1 - fixed,accuracy,"0.12 [0.08, 0.16]",0.11999999999999997
cart,behavioural,0.05,adaptive_task_q0.1 - fixed,violation_f1,"0.12 [0.08, 0.16]",0.11999999999999997
cart,behavioural,0.05,adaptive_task_q0.1 - oracle,accuracy,"0.00 [0.00, 0.00]",0.0
cart,behavioural,0.05,adaptive_task_q0.1 - oracle,violation_f1,"0.00 [0.00, 0.00]",0.0
cart,behavioural,0.05,adaptive_task_q0.1 - mlci,accuracy,"0.12 [0.05, 0.20]",0.12
cart,behavioural,0.05,adaptive_task_q0.1 - mlci,violation_f1,"0.14 [0.06, 0.25]",0.14370129870129872
cart,behavioural,0.05,adaptive_task_q0.1 - adaptive_raw_rho0.1,accuracy,"0.02 [0.00, 0.05]",0.019999999999999997
cart,behavioural,0.05,adaptive_task_q0.1 - adaptive_raw_rho0.1,violation_f1,"0.02 [0.00, 0.05]",0.019999999999999997
cart,behavioural,0.05,adaptive_task_q0.1: q - (q=0),accuracy,"0.00 [0.00, 0.00]",0.0
cart,behavioural,0.05,adaptive_task_q0.1: q - (q=0),n_refinements,"0.00 [0.00, 0.00]",0.0
cart,behavioural,0.1,adaptive_task_q0.1 - fixed,accuracy,"0.12 [0.08, 0.16]",0.11999999999999997
cart,behavioural,0.1,adaptive_task_q0.1 - fixed,violation_f1,"0.12 [0.08, 0.16]",0.11999999999999997
cart,behavioural,0.1,adaptive_task_q0.1 - oracle,accuracy,"0.00 [0.00, 0.00]",0.0
cart,behavioural,0.1,adaptive_task_q0.1 - oracle,violation_f1,"0.00 [0.00, 0.00]",0.0
cart,behavioural,0.1,adaptive_task_q0.1 - mlci,accuracy,"0.10 [0.04, 0.17]",0.09999999999999999
cart,behavioural,0.1,adaptive_task_q0.1 - mlci,violation_f1,"0.11 [0.04, 0.21]",0.11253246753246755
cart,behavioural,0.1,adaptive_task_q0.1 - adaptive_raw_rho0.1,accuracy,"0.01 [0.00, 0.03]",0.009999999999999998
cart,behavioural,0.1,adaptive_task_q0.1 - adaptive_raw_rho0.1,violation_f1,"0.01 [0.00, 0.03]",0.009999999999999998
cart,behavioural,0.1,adaptive_task_q0.1: q - (q=0),accuracy,"0.00 [0.00, 0.00]",0.0
cart,behavioural,0.1,adaptive_task_q0.1: q - (q=0),n_refinements,"0.00 [0.00, 0.00]",0.0
cart,behavioural,0.2,adaptive_task_q0.1 - fixed,accuracy,"0.12 [0.08, 0.16]",0.11999999999999997
cart,behavioural,0.2,adaptive_task_q0.1 - fixed,violation_f1,"0.12 [0.08, 0.16]",0.11999999999999997
cart,behavioural,0.2,adaptive_task_q0.1 - oracle,accuracy,"0.00 [0.00, 0.00]",0.0
cart,behavioural,0.2,adaptive_task_q0.1 - oracle,violation_f1,"0.00 [0.00, 0.00]",0.0
cart,behavioural,0.2,adaptive_task_q0.1 - mlci,accuracy,"0.09 [0.04, 0.14]",0.08999999999999998
cart,behavioural,0.2,adaptive_task_q0.1 - mlci,violation_f1,"0.09 [0.04, 0.16]",0.09227272727272727
cart,behavioural,0.2,adaptive_task_q0.1 - adaptive_raw_rho0.1,accuracy,"0.01 [0.00, 0.03]",0.009999999999999998
cart,behavioural,0.2,adaptive_task_q0.1 - adaptive_raw_rho0.1,violation_f1,"0.01 [0.00, 0.03]",0.009999999999999998
cart,behavioural,0.2,adaptive_task_q0.1: q - (q=0),accuracy,"0.00 [0.00, 0.00]",0.0
cart,behavioural,0.2,adaptive_task_q0.1: q - (q=0),n_refinements,"0.00 [0.00, 0.00]",0.0
cart,behavioural,0.3,adaptive_task_q0.1 - fixed,accuracy,"0.12 [0.08, 0.16]",0.11999999999999997
cart,behavioural,0.3,adaptive_task_q0.1 - fixed,violation_f1,"0.12 [0.08, 0.16]",0.11999999999999997
cart,behavioural,0.3,adaptive_task_q0.1 - oracle,accuracy,"0.00 [0.00, 0.00]",0.0
cart,behavioural,0.3,adaptive_task_q0.1 - oracle,violation_f1,"0.00 [0.00, 0.00]",0.0
cart,behavioural,0.3,adaptive_task_q0.1 - mlci,accuracy,"0.10 [0.04, 0.17]",0.09999999999999999
cart,behavioural,0.3,adaptive_task_q0.1 - mlci,violation_f1,"0.11 [0.04, 0.21]",0.11253246753246753
cart,behavioural,0.3,adaptive_task_q0.1 - adaptive_raw_rho0.1,accuracy,"0.00 [0.00, 0.00]",0.0
cart,behavioural,0.3,adaptive_task_q0.1 - adaptive_raw_rho0.1,violation_f1,"0.00 [0.00, 0.00]",0.0
cart,behavioural,0.3,adaptive_task_q0.1: q - (q=0),accuracy,"0.00 [0.00, 0.00]",0.0
cart,behavioural,0.3,adaptive_task_q0.1: q - (q=0),n_refinements,"0.00 [0.00, 0.00]",0.0
cart,violation,0.0,adaptive_task_q0.1 - fixed,accuracy,"0.12 [0.08, 0.16]",0.11999999999999997
cart,violation,0.0,adaptive_task_q0.1 - fixed,violation_f1,"0.12 [0.08, 0.16]",0.11999999999999997
cart,violation,0.0,adaptive_task_q0.1 - oracle,accuracy,"0.00 [0.00, 0.00]",0.0
cart,violation,0.0,adaptive_task_q0.1 - oracle,violation_f1,"0.00 [0.00, 0.00]",0.0
cart,violation,0.0,adaptive_task_q0.1 - mlci,accuracy,"0.14 [0.06, 0.23]",0.135
cart,violation,0.0,adaptive_task_q0.1 - mlci,violation_f1,"0.18 [0.08, 0.29]",0.17532467532467538
cart,violation,0.0,adaptive_task_q0.1 - adaptive_raw_rho0.1,accuracy,"0.05 [0.02, 0.09]",0.04999999999999999
cart,violation,0.0,adaptive_task_q0.1 - adaptive_raw_rho0.1,violation_f1,"0.05 [0.02, 0.09]",0.04999999999999999
cart,violation,0.05,adaptive_task_q0.1 - fixed,accuracy,"0.12 [0.08, 0.16]",0.11999999999999997
cart,violation,0.05,adaptive_task_q0.1 - fixed,violation_f1,"0.12 [0.08, 0.16]",0.11999999999999997
cart,violation,0.05,adaptive_task_q0.1 - oracle,accuracy,"0.00 [0.00, 0.00]",0.0
cart,violation,0.05,adaptive_task_q0.1 - oracle,violation_f1,"0.00 [0.00, 0.00]",0.0
cart,violation,0.05,adaptive_task_q0.1 - mlci,accuracy,"0.18 [0.10, 0.28]",0.18499999999999997
cart,violation,0.05,adaptive_task_q0.1 - mlci,violation_f1,"0.25 [0.13, 0.39]",0.2505844155844156
cart,violation,0.05,adaptive_task_q0.1 - adaptive_raw_rho0.1,accuracy,"0.05 [0.02, 0.09]",0.04999999999999999
cart,violation,0.05,adaptive_task_q0.1 - adaptive_raw_rho0.1,violation_f1,"0.05 [0.02, 0.09]",0.04999999999999999
cart,violation,0.05,adaptive_task_q0.1: q - (q=0),accuracy,"0.00 [0.00, 0.00]",0.0
cart,violation,0.05,adaptive_task_q0.1: q - (q=0),n_refinements,"0.55 [0.30, 0.80]",0.55
cart,violation,0.1,adaptive_task_q0.1 - fixed,accuracy,"0.12 [0.08, 0.16]",0.11999999999999997
cart,violation,0.1,adaptive_task_q0.1 - fixed,violation_f1,"0.12 [0.08, 0.16]",0.11999999999999997
cart,violation,0.1,adaptive_task_q0.1 - oracle,accuracy,"0.00 [0.00, 0.00]",0.0
cart,violation,0.1,adaptive_task_q0.1 - oracle,violation_f1,"0.00 [0.00, 0.00]",0.0
cart,violation,0.1,adaptive_task_q0.1 - mlci,accuracy,"0.30 [0.21, 0.39]",0.3
cart,violation,0.1,adaptive_task_q0.1 - mlci,violation_f1,"0.46 [0.31, 0.62]",0.4622077922077922
cart,violation,0.1,adaptive_task_q0.1 - adaptive_raw_rho0.1,accuracy,"0.06 [0.02, 0.10]",0.059999999999999984
cart,violation,0.1,adaptive_task_q0.1 - adaptive_raw_rho0.1,violation_f1,"0.06 [0.02, 0.10]",0.059999999999999984
cart,violation,0.1,adaptive_task_q0.1: q - (q=0),accuracy,"0.00 [0.00, 0.00]",0.0
cart,violation,0.1,adaptive_task_q0.1: q - (q=0),n_refinements,"1.00 [0.60, 1.40]",1.0
cart,violation,0.2,adaptive_task_q0.1 - fixed,accuracy,"0.12 [0.08, 0.16]",0.11999999999999997
cart,violation,0.2,adaptive_task_q0.1 - fixed,violation_f1,"0.12 [0.08, 0.16]",0.11999999999999997
cart,violation,0.2,adaptive_task_q0.1 - oracle,accuracy,"0.00 [0.00, 0.00]",0.0
cart,violation,0.2,adaptive_task_q0.1 - oracle,violation_f1,"0.00 [0.00, 0.00]",0.0
cart,violation,0.2,adaptive_task_q0.1 - mlci,accuracy,"0.42 [0.34, 0.51]",0.425
cart,violation,0.2,adaptive_task_q0.1 - mlci,violation_f1,"0.71 [0.56, 0.85]",0.7124025974025974
cart,violation,0.2,adaptive_task_q0.1 - adaptive_raw_rho0.1,accuracy,"0.05 [0.02, 0.09]",0.04999999999999999
cart,violation,0.2,adaptive_task_q0.1 - adaptive_raw_rho0.1,violation_f1,"0.05 [0.02, 0.09]",0.04999999999999999
cart,violation,0.2,adaptive_task_q0.1: q - (q=0),accuracy,"0.00 [0.00, 0.00]",0.0
cart,violation,0.2,adaptive_task_q0.1: q - (q=0),n_refinements,"1.25 [0.20, 2.20]",1.25
cart,violation,0.3,adaptive_task_q0.1 - fixed,accuracy,"0.12 [0.08, 0.16]",0.11999999999999997
cart,violation,0.3,adaptive_task_q0.1 - fixed,violation_f1,"0.12 [0.08, 0.16]",0.11999999999999997
cart,violation,0.3,adaptive_task_q0.1 - oracle,accuracy,"0.00 [0.00, 0.00]",0.0
cart,violation,0.3,adaptive_task_q0.1 - oracle,violation_f1,"0.00 [0.00, 0.00]",0.0
cart,violation,0.3,adaptive_task_q0.1 - mlci,accuracy,"0.49 [0.44, 0.54]",0.49499999999999994
cart,violation,0.3,adaptive_task_q0.1 - mlci,violation_f1,"0.87 [0.78, 0.94]",0.8657142857142857
cart,violation,0.3,adaptive_task_q0.1 - adaptive_raw_rho0.1,accuracy,"0.05 [0.02, 0.09]",0.04999999999999999
cart,violation,0.3,adaptive_task_q0.1 - adaptive_raw_rho0.1,violation_f1,"0.05 [0.02, 0.09]",0.04999999999999999
cart,violation,0.3,adaptive_task_q0.1: q - (q=0),accuracy,"0.00 [0.00, 0.00]",0.0
cart,violation,0.3,adaptive_task_q0.1: q - (q=0),n_refinements,"1.80 [0.40, 3.10]",1.8
aisle,behavioural,0.0,adaptive_task_q0.1 - fixed,accuracy,"0.39 [0.37, 0.40]",0.39000000000000007
aisle,behavioural,0.0,adaptive_task_q0.1 - fixed,violation_f1,"0.66 [0.64, 0.67]",0.6583333333333332
aisle,behavioural,0.0,adaptive_task_q0.1 - fixed,unseen_accuracy,"0.60 [0.60, 0.60]",0.5999999999999999
aisle,behavioural,0.0,adaptive_task_q0.1 - oracle,accuracy,"0.00 [0.00, 0.00]",0.0
aisle,behavioural,0.0,adaptive_task_q0.1 - oracle,violation_f1,"0.00 [0.00, 0.00]",0.0
aisle,behavioural,0.0,adaptive_task_q0.1 - oracle,unseen_accuracy,"0.00 [0.00, 0.00]",0.0
aisle,behavioural,0.0,adaptive_task_q0.1 - mlci,accuracy,"0.40 [0.37, 0.42]",0.39500000000000013
aisle,behavioural,0.0,adaptive_task_q0.1 - mlci,violation_f1,"0.49 [0.47, 0.51]",0.49444444444444446
aisle,behavioural,0.0,adaptive_task_q0.1 - mlci,unseen_accuracy,"0.60 [0.60, 0.60]",0.5999999999999999
aisle,behavioural,0.0,adaptive_task_q0.1 - adaptive_raw_rho0.1,accuracy,"0.17 [0.09, 0.26]",0.16999999999999998
aisle,behavioural,0.0,adaptive_task_q0.1 - adaptive_raw_rho0.1,violation_f1,"0.29 [0.16, 0.43]",0.29166666666666663
aisle,behavioural,0.0,adaptive_task_q0.1 - adaptive_raw_rho0.1,unseen_accuracy,"0.27 [0.15, 0.39]",0.27
aisle,behavioural,0.05,adaptive_task_q0.1 - fixed,accuracy,"0.39 [0.37, 0.40]",0.39000000000000007
aisle,behavioural,0.05,adaptive_task_q0.1 - fixed,violation_f1,"0.66 [0.64, 0.67]",0.6583333333333332
aisle,behavioural,0.05,adaptive_task_q0.1 - fixed,unseen_accuracy,"0.60 [0.60, 0.60]",0.5999999999999999
aisle,behavioural,0.05,adaptive_task_q0.1 - oracle,accuracy,"0.00 [0.00, 0.00]",0.0
aisle,behavioural,0.05,adaptive_task_q0.1 - oracle,violation_f1,"0.00 [0.00, 0.00]",0.0
aisle,behavioural,0.05,adaptive_task_q0.1 - oracle,unseen_accuracy,"0.00 [0.00, 0.00]",0.0
aisle,behavioural,0.05,adaptive_task_q0.1 - mlci,accuracy,"0.30 [0.27, 0.32]",0.29500000000000004
aisle,behavioural,0.05,adaptive_task_q0.1 - mlci,violation_f1,"0.42 [0.40, 0.44]",0.4238095238095238
aisle,behavioural,0.05,adaptive_task_q0.1 - mlci,unseen_accuracy,"0.60 [0.60, 0.60]",0.5999999999999999
aisle,behavioural,0.05,adaptive_task_q0.1 - adaptive_raw_rho0.1,accuracy,"0.00 [0.00, 0.00]",0.0
aisle,behavioural,0.05,adaptive_task_q0.1 - adaptive_raw_rho0.1,violation_f1,"0.00 [0.00, 0.00]",0.0
aisle,behavioural,0.05,adaptive_task_q0.1 - adaptive_raw_rho0.1,unseen_accuracy,"0.00 [0.00, 0.00]",0.0
aisle,behavioural,0.05,adaptive_task_q0.1: q - (q=0),accuracy,"0.00 [0.00, 0.00]",0.0
aisle,behavioural,0.05,adaptive_task_q0.1: q - (q=0),n_refinements,"0.00 [0.00, 0.00]",0.0
aisle,behavioural,0.1,adaptive_task_q0.1 - fixed,accuracy,"0.39 [0.37, 0.40]",0.39000000000000007
aisle,behavioural,0.1,adaptive_task_q0.1 - fixed,violation_f1,"0.66 [0.64, 0.67]",0.6583333333333332
aisle,behavioural,0.1,adaptive_task_q0.1 - fixed,unseen_accuracy,"0.60 [0.60, 0.60]",0.5999999999999999
aisle,behavioural,0.1,adaptive_task_q0.1 - oracle,accuracy,"0.00 [0.00, 0.00]",0.0
aisle,behavioural,0.1,adaptive_task_q0.1 - oracle,violation_f1,"0.00 [0.00, 0.00]",0.0
aisle,behavioural,0.1,adaptive_task_q0.1 - oracle,unseen_accuracy,"0.00 [0.00, 0.00]",0.0
aisle,behavioural,0.1,adaptive_task_q0.1 - mlci,accuracy,"0.30 [0.27, 0.32]",0.29500000000000004
aisle,behavioural,0.1,adaptive_task_q0.1 - mlci,violation_f1,"0.42 [0.40, 0.44]",0.4238095238095238
aisle,behavioural,0.1,adaptive_task_q0.1 - mlci,unseen_accuracy,"0.60 [0.60, 0.60]",0.5999999999999999
aisle,behavioural,0.1,adaptive_task_q0.1 - adaptive_raw_rho0.1,accuracy,"0.01 [0.00, 0.03]",0.010000000000000004
aisle,behavioural,0.1,adaptive_task_q0.1 - adaptive_raw_rho0.1,violation_f1,"0.02 [0.00, 0.07]",0.024999999999999994
aisle,behavioural,0.1,adaptive_task_q0.1 - adaptive_raw_rho0.1,unseen_accuracy,"0.03 [0.00, 0.09]",0.03
aisle,behavioural,0.1,adaptive_task_q0.1: q - (q=0),accuracy,"0.00 [0.00, 0.00]",0.0
aisle,behavioural,0.1,adaptive_task_q0.1: q - (q=0),n_refinements,"0.00 [0.00, 0.00]",0.0
aisle,behavioural,0.2,adaptive_task_q0.1 - fixed,accuracy,"0.40 [0.40, 0.40]",0.4000000000000001
aisle,behavioural,0.2,adaptive_task_q0.1 - fixed,violation_f1,"0.67 [0.67, 0.67]",0.6666666666666665
aisle,behavioural,0.2,adaptive_task_q0.1 - fixed,unseen_accuracy,"0.60 [0.60, 0.60]",0.5999999999999999
aisle,behavioural,0.2,adaptive_task_q0.1 - oracle,accuracy,"0.00 [0.00, 0.00]",0.0
aisle,behavioural,0.2,adaptive_task_q0.1 - oracle,violation_f1,"0.00 [0.00, 0.00]",0.0
aisle,behavioural,0.2,adaptive_task_q0.1 - oracle,unseen_accuracy,"0.00 [0.00, 0.00]",0.0
aisle,behavioural,0.2,adaptive_task_q0.1 - mlci,accuracy,"0.30 [0.30, 0.32]",0.305
aisle,behavioural,0.2,adaptive_task_q0.1 - mlci,violation_f1,"0.43 [0.43, 0.44]",0.4321428571428571
aisle,behavioural,0.2,adaptive_task_q0.1 - mlci,unseen_accuracy,"0.60 [0.60, 0.60]",0.5999999999999999
aisle,behavioural,0.2,adaptive_task_q0.1 - adaptive_raw_rho0.1,accuracy,"0.06 [0.00, 0.12]",0.06000000000000001
aisle,behavioural,0.2,adaptive_task_q0.1 - adaptive_raw_rho0.1,violation_f1,"0.10 [0.00, 0.20]",0.1
aisle,behavioural,0.2,adaptive_task_q0.1 - adaptive_raw_rho0.1,unseen_accuracy,"0.09 [0.00, 0.18]",0.09
aisle,behavioural,0.2,adaptive_task_q0.1: q - (q=0),accuracy,"0.01 [0.00, 0.03]",0.009999999999999998
aisle,behavioural,0.2,adaptive_task_q0.1: q - (q=0),n_refinements,"0.00 [0.00, 0.00]",0.0
aisle,behavioural,0.3,adaptive_task_q0.1 - fixed,accuracy,"0.40 [0.40, 0.40]",0.4000000000000001
aisle,behavioural,0.3,adaptive_task_q0.1 - fixed,violation_f1,"0.67 [0.67, 0.67]",0.6666666666666665
aisle,behavioural,0.3,adaptive_task_q0.1 - fixed,unseen_accuracy,"0.60 [0.60, 0.60]",0.5999999999999999
aisle,behavioural,0.3,adaptive_task_q0.1 - oracle,accuracy,"0.00 [0.00, 0.00]",0.0
aisle,behavioural,0.3,adaptive_task_q0.1 - oracle,violation_f1,"0.00 [0.00, 0.00]",0.0
aisle,behavioural,0.3,adaptive_task_q0.1 - oracle,unseen_accuracy,"0.00 [0.00, 0.00]",0.0
aisle,behavioural,0.3,adaptive_task_q0.1 - mlci,accuracy,"0.30 [0.30, 0.32]",0.305
aisle,behavioural,0.3,adaptive_task_q0.1 - mlci,violation_f1,"0.43 [0.43, 0.44]",0.4321428571428571
aisle,behavioural,0.3,adaptive_task_q0.1 - mlci,unseen_accuracy,"0.60 [0.60, 0.60]",0.5999999999999999
aisle,behavioural,0.3,adaptive_task_q0.1 - adaptive_raw_rho0.1,accuracy,"0.08 [0.02, 0.16]",0.08
aisle,behavioural,0.3,adaptive_task_q0.1 - adaptive_raw_rho0.1,violation_f1,"0.13 [0.03, 0.27]",0.13333333333333333
aisle,behavioural,0.3,adaptive_task_q0.1 - adaptive_raw_rho0.1,unseen_accuracy,"0.12 [0.03, 0.24]",0.12
aisle,behavioural,0.3,adaptive_task_q0.1: q - (q=0),accuracy,"0.01 [0.00, 0.03]",0.009999999999999998
aisle,behavioural,0.3,adaptive_task_q0.1: q - (q=0),n_refinements,"0.00 [0.00, 0.00]",0.0
aisle,violation,0.0,adaptive_task_q0.1 - fixed,accuracy,"0.39 [0.37, 0.40]",0.39000000000000007
aisle,violation,0.0,adaptive_task_q0.1 - fixed,violation_f1,"0.66 [0.64, 0.67]",0.6583333333333332
aisle,violation,0.0,adaptive_task_q0.1 - fixed,unseen_accuracy,"0.60 [0.60, 0.60]",0.5999999999999999
aisle,violation,0.0,adaptive_task_q0.1 - oracle,accuracy,"0.00 [0.00, 0.00]",0.0
aisle,violation,0.0,adaptive_task_q0.1 - oracle,violation_f1,"0.00 [0.00, 0.00]",0.0
aisle,violation,0.0,adaptive_task_q0.1 - oracle,unseen_accuracy,"0.00 [0.00, 0.00]",0.0
aisle,violation,0.0,adaptive_task_q0.1 - mlci,accuracy,"0.40 [0.37, 0.42]",0.39500000000000013
aisle,violation,0.0,adaptive_task_q0.1 - mlci,violation_f1,"0.49 [0.47, 0.51]",0.49444444444444446
aisle,violation,0.0,adaptive_task_q0.1 - mlci,unseen_accuracy,"0.60 [0.60, 0.60]",0.5999999999999999
aisle,violation,0.0,adaptive_task_q0.1 - adaptive_raw_rho0.1,accuracy,"0.17 [0.09, 0.26]",0.16999999999999998
aisle,violation,0.0,adaptive_task_q0.1 - adaptive_raw_rho0.1,violation_f1,"0.29 [0.16, 0.43]",0.29166666666666663
aisle,violation,0.0,adaptive_task_q0.1 - adaptive_raw_rho0.1,unseen_accuracy,"0.27 [0.15, 0.39]",0.27
aisle,violation,0.05,adaptive_task_q0.1 - fixed,accuracy,"0.39 [0.37, 0.40]",0.39000000000000007
aisle,violation,0.05,adaptive_task_q0.1 - fixed,violation_f1,"0.66 [0.64, 0.67]",0.6583333333333332
aisle,violation,0.05,adaptive_task_q0.1 - fixed,unseen_accuracy,"0.60 [0.60, 0.60]",0.5999999999999999
aisle,violation,0.05,adaptive_task_q0.1 - oracle,accuracy,"0.00 [0.00, 0.00]",0.0
aisle,violation,0.05,adaptive_task_q0.1 - oracle,violation_f1,"0.00 [0.00, 0.00]",0.0
aisle,violation,0.05,adaptive_task_q0.1 - oracle,unseen_accuracy,"0.00 [0.00, 0.00]",0.0
aisle,violation,0.05,adaptive_task_q0.1 - mlci,accuracy,"0.52 [0.49, 0.55]",0.52
aisle,violation,0.05,adaptive_task_q0.1 - mlci,violation_f1,"0.78 [0.72, 0.84]",0.7791666666666666
aisle,violation,0.05,adaptive_task_q0.1 - mlci,unseen_accuracy,"0.60 [0.60, 0.60]",0.5999999999999999
aisle,violation,0.05,adaptive_task_q0.1 - adaptive_raw_rho0.1,accuracy,"0.19 [0.10, 0.28]",0.19
aisle,violation,0.05,adaptive_task_q0.1 - adaptive_raw_rho0.1,violation_f1,"0.32 [0.18, 0.47]",0.32499999999999996
aisle,violation,0.05,adaptive_task_q0.1 - adaptive_raw_rho0.1,unseen_accuracy,"0.30 [0.18, 0.42]",0.3
aisle,violation,0.05,adaptive_task_q0.1: q - (q=0),accuracy,"0.00 [0.00, 0.00]",0.0
aisle,violation,0.05,adaptive_task_q0.1: q - (q=0),n_refinements,"0.05 [-0.80, 0.65]",0.05
aisle,violation,0.1,adaptive_task_q0.1 - fixed,accuracy,"0.39 [0.37, 0.40]",0.39000000000000007
aisle,violation,0.1,adaptive_task_q0.1 - fixed,violation_f1,"0.66 [0.64, 0.67]",0.6583333333333332
aisle,violation,0.1,adaptive_task_q0.1 - fixed,unseen_accuracy,"0.60 [0.60, 0.60]",0.5999999999999999
aisle,violation,0.1,adaptive_task_q0.1 - oracle,accuracy,"0.00 [0.00, 0.00]",0.0
aisle,violation,0.1,adaptive_task_q0.1 - oracle,violation_f1,"0.00 [0.00, 0.00]",0.0
aisle,violation,0.1,adaptive_task_q0.1 - oracle,unseen_accuracy,"0.00 [0.00, 0.00]",0.0
aisle,violation,0.1,adaptive_task_q0.1 - mlci,accuracy,"0.56 [0.52, 0.59]",0.5599999999999999
aisle,violation,0.1,adaptive_task_q0.1 - mlci,violation_f1,"0.89 [0.82, 0.96]",0.8916666666666668
aisle,violation,0.1,adaptive_task_q0.1 - mlci,unseen_accuracy,"0.60 [0.60, 0.60]",0.5999999999999999
aisle,violation,0.1,adaptive_task_q0.1 - adaptive_raw_rho0.1,accuracy,"0.19 [0.10, 0.27]",0.19
aisle,violation,0.1,adaptive_task_q0.1 - adaptive_raw_rho0.1,violation_f1,"0.32 [0.18, 0.47]",0.32499999999999996
aisle,violation,0.1,adaptive_task_q0.1 - adaptive_raw_rho0.1,unseen_accuracy,"0.30 [0.18, 0.42]",0.3
aisle,violation,0.1,adaptive_task_q0.1: q - (q=0),accuracy,"0.00 [0.00, 0.00]",0.0
aisle,violation,0.1,adaptive_task_q0.1: q - (q=0),n_refinements,"-0.05 [-1.05, 0.80]",-0.05
aisle,violation,0.2,adaptive_task_q0.1 - fixed,accuracy,"0.40 [0.40, 0.40]",0.4000000000000001
aisle,violation,0.2,adaptive_task_q0.1 - fixed,violation_f1,"0.67 [0.67, 0.67]",0.6666666666666665
aisle,violation,0.2,adaptive_task_q0.1 - fixed,unseen_accuracy,"0.60 [0.60, 0.60]",0.5999999999999999
aisle,violation,0.2,adaptive_task_q0.1 - oracle,accuracy,"0.00 [0.00, 0.00]",0.0
aisle,violation,0.2,adaptive_task_q0.1 - oracle,violation_f1,"0.00 [0.00, 0.00]",0.0
aisle,violation,0.2,adaptive_task_q0.1 - oracle,unseen_accuracy,"0.00 [0.00, 0.00]",0.0
aisle,violation,0.2,adaptive_task_q0.1 - mlci,accuracy,"0.59 [0.58, 0.60]",0.595
aisle,violation,0.2,adaptive_task_q0.1 - mlci,violation_f1,"0.99 [0.96, 1.00]",0.9857142857142858
aisle,violation,0.2,adaptive_task_q0.1 - mlci,unseen_accuracy,"0.60 [0.60, 0.60]",0.5999999999999999
aisle,violation,0.2,adaptive_task_q0.1 - adaptive_raw_rho0.1,accuracy,"0.20 [0.12, 0.28]",0.2
aisle,violation,0.2,adaptive_task_q0.1 - adaptive_raw_rho0.1,violation_f1,"0.33 [0.20, 0.47]",0.33333333333333337
aisle,violation,0.2,adaptive_task_q0.1 - adaptive_raw_rho0.1,unseen_accuracy,"0.30 [0.18, 0.42]",0.3
aisle,violation,0.2,adaptive_task_q0.1: q - (q=0),accuracy,"0.01 [0.00, 0.03]",0.009999999999999998
aisle,violation,0.2,adaptive_task_q0.1: q - (q=0),n_refinements,"-0.35 [-1.65, 0.80]",-0.35
aisle,violation,0.3,adaptive_task_q0.1 - fixed,accuracy,"0.41 [0.40, 0.42]",0.4050000000000001
aisle,violation,0.3,adaptive_task_q0.1 - fixed,violation_f1,"0.68 [0.67, 0.72]",0.6833333333333332
aisle,violation,0.3,adaptive_task_q0.1 - fixed,unseen_accuracy,"0.60 [0.60, 0.60]",0.5999999999999999
aisle,violation,0.3,adaptive_task_q0.1 - oracle,accuracy,"0.00 [0.00, 0.00]",0.0
aisle,violation,0.3,adaptive_task_q0.1 - oracle,violation_f1,"0.00 [0.00, 0.00]",0.0
aisle,violation,0.3,adaptive_task_q0.1 - oracle,unseen_accuracy,"0.00 [0.00, 0.00]",0.0
aisle,violation,0.3,adaptive_task_q0.1 - mlci,accuracy,"0.60 [0.60, 0.60]",0.5999999999999999
aisle,violation,0.3,adaptive_task_q0.1 - mlci,violation_f1,"1.00 [1.00, 1.00]",1.0
aisle,violation,0.3,adaptive_task_q0.1 - mlci,unseen_accuracy,"0.60 [0.60, 0.60]",0.5999999999999999
aisle,violation,0.3,adaptive_task_q0.1 - adaptive_raw_rho0.1,accuracy,"0.22 [0.14, 0.30]",0.22000000000000003
aisle,violation,0.3,adaptive_task_q0.1 - adaptive_raw_rho0.1,violation_f1,"0.37 [0.23, 0.50]",0.36666666666666664
aisle,violation,0.3,adaptive_task_q0.1 - adaptive_raw_rho0.1,unseen_accuracy,"0.33 [0.21, 0.45]",0.32999999999999996
aisle,violation,0.3,adaptive_task_q0.1: q - (q=0),accuracy,"0.01 [0.00, 0.03]",0.009999999999999998
aisle,violation,0.3,adaptive_task_q0.1: q - (q=0),n_refinements,"-0.35 [-2.20, 1.30]",-0.35
