domain,noise_type,rate,method,n_seeds,accuracy_mean,accuracy_lo,accuracy_hi,violation_f1_mean,violation_f1_lo,violation_f1_hi,unseen_accuracy_mean,unseen_accuracy_lo,unseen_accuracy_hi,P_intended_mean,P_intended_lo,P_intended_hi,w_map_mean,w_map_lo,w_map_hi,n_refinements_mean,n_refinements_lo,n_refinements_hi,first_refinement_t_mean,first_refinement_t_lo,first_refinement_t_hi,n_hypotheses_end_mean,n_hypotheses_end_lo,n_hypotheses_end_hi,refinement_rate,map_intended_rate,map_counts
cart,behavioural,0.0,adaptive_task_q0.1,20,0.9200000000000002,0.8800000000000001,0.96,0.9200000000000002,0.8800000000000001,0.96,,,,0.30374662048690093,0.15873002021814958,0.4696805400653696,22.394518674637077,21.663126024355925,23.117190060147344,5.7,3.64875,8.001250000000004,5.0,3.85,6.55,16.0,16.0,16.0,1.0,0.3,"{""[g1_return_cart_after_use] OBLIGED: after take_cart, eventually return_cart_at_p"": 2, ""[g1_no_exit_until_cart_returned] FORBIDDEN: (EXIT \u2227 \u00accart_parked_at_register)  w"": 2, ""[g0_must_visit_service_01] OBLIGED: after start, eventually (at(0,1) \u2227 INTERACT)"": 2}"
cart,behavioural,0.0,adaptive_task_q0.05,20,0.9099999999999999,0.8700000000000001,0.95,0.9099999999999999,0.8700000000000001,0.95,,,,0.30374662048690093,0.15873002021814958,0.4696805400653696,22.212177369949977,21.478374838383466,22.93960270275561,5.2,3.25,7.45,4.368421052631579,3.6828947368421057,5.157894736842105,15.6,14.8,16.0,0.95,0.3,"{""[g1_return_cart_after_use] OBLIGED: after take_cart, eventually return_cart_at_p"": 2, ""[g1_no_exit_until_cart_returned] FORBIDDEN: (EXIT \u2227 \u00accart_parked_at_register)  w"": 2, ""[g0_must_visit_service_01] OBLIGED: after start, eventually (at(0,1) \u2227 INTERACT)"": 2}"
cart,behavioural,0.0,adaptive_task_q0.2,20,0.9200000000000002,0.8800000000000001,0.96,0.9200000000000002,0.8800000000000001,0.96,,,,0.30374662048690093,0.15873002021814958,0.4696805400653696,22.394518674637077,21.663126024355925,23.117190060147344,6.95,4.7,9.35,4.95,3.85,6.5,16.0,16.0,16.0,1.0,0.3,"{""[g1_return_cart_after_use] OBLIGED: after take_cart, eventually return_cart_at_p"": 2, ""[g1_no_exit_until_cart_returned] FORBIDDEN: (EXIT \u2227 \u00accart_parked_at_register)  w"": 2, ""[g0_must_visit_service_01] OBLIGED: after start, eventually (at(0,1) \u2227 INTERACT)"": 2}"
cart,behavioural,0.0,adaptive_rel_q0.1,20,0.9200000000000002,0.8800000000000001,0.96,0.9200000000000002,0.8800000000000001,0.96,,,,0.30374662048690093,0.15873002021814958,0.4696805400653696,22.394518674637077,21.663126024355925,23.117190060147344,5.6,3.79875,7.7,4.35,3.5,5.55,16.0,16.0,16.0,1.0,0.3,"{""[g1_return_cart_after_use] OBLIGED: after take_cart, eventually return_cart_at_p"": 2, ""[g1_no_exit_until_cart_returned] FORBIDDEN: (EXIT \u2227 \u00accart_parked_at_register)  w"": 2, ""[g0_must_visit_service_01] OBLIGED: after start, eventually (at(0,1) \u2227 INTERACT)"": 2}"
cart,behavioural,0.0,adaptive_raw_rho0.1,20,0.8700000000000001,0.8300000000000001,0.9100000000000001,0.8700000000000001,0.8300000000000001,0.9100000000000001,,,,0.18531614968715368,0.05846367133725121,0.3371477961435074,21.30237362935361,20.580150912410176,22.03186051230817,1.5,0.45,2.75,4.0,3.1818181818181817,5.0,12.4,10.8,14.0,0.55,0.15,"{""[g1_return_cart_after_use] OBLIGED: after take_cart, eventually return_cart_at_p"": 2, ""[g0_must_visit_service_01] OBLIGED: after start, eventually (at(0,1) \u2227 INTERACT)"": 2, ""[g1_exit_only_after_cart_returned] FORBIDDEN: (exit_attempt \u2227 \u00accart_returned_for"": 2}"
cart,behavioural,0.0,fixed,20,0.8000000000000002,0.8000000000000002,0.8000000000000002,0.8000000000000002,0.8000000000000002,0.8000000000000002,,,,0.0,0.0,0.0,19.86130061333898,19.848760295690756,19.873176711162664,0.0,0.0,0.0,,,,8.0,8.0,8.0,0.0,0.0,"{""[g0_must_interact_0_1] OBLIGED: after start, eventually (at(0,1) \u2227 INTERACT) (be"": 4, ""[g0_visit_upper_left_service_counter] OBLIGED: after start, eventually (at(0,1) "": 2, ""[g0_must_check_counter_0_1] OBLIGED: after start, eventually (at(0,1) \u2227 INTERACT"": 2}"
cart,behavioural,0.0,oracle,20,0.9200000000000002,0.8800000000000001,0.96,0.9200000000000002,0.8800000000000001,0.96,,,,0.30374662048690093,0.15873002021814958,0.4696805400653696,22.394518674637077,21.663126024355925,23.117190060147344,0.0,0.0,0.0,,,,16.0,16.0,16.0,0.0,0.3,"{""[g1_return_cart_after_use] OBLIGED: after take_cart, eventually return_cart_at_p"": 2, ""[g1_no_exit_until_cart_returned] FORBIDDEN: (EXIT \u2227 \u00accart_parked_at_register)  w"": 2, ""[g0_must_visit_service_01] OBLIGED: after start, eventually (at(0,1) \u2227 INTERACT)"": 2}"
cart,behavioural,0.0,mlci,20,0.7850000000000001,0.714875,0.85,0.7446753246753248,0.636883116883117,0.8365584415584415,,,,,,,,,,,,,,,,3.55,2.9,4.15,,,
cart,behavioural,0.05,adaptive_task_q0.1,20,0.9200000000000002,0.8800000000000001,0.96,0.9200000000000002,0.8800000000000001,0.96,,,,0.30374662048690165,0.158730020218149,0.4696805400653707,22.394518674637062,21.66312602435591,23.117190060147344,5.7,3.64875,8.001250000000004,5.0,3.85,6.55,16.0,16.0,16.0,1.0,0.3,"{""[g1_return_cart_after_use] OBLIGED: after take_cart, eventually return_cart_at_p"": 2, ""[g1_no_exit_until_cart_returned] FORBIDDEN: (EXIT \u2227 \u00accart_parked_at_register)  w"": 2, ""[g0_must_visit_service_01] OBLIGED: after start, eventually (at(0,1) \u2227 INTERACT)"": 2}"
cart,behavioural,0.05,adaptive_task_q0.05,20,0.9099999999999999,0.8700000000000001,0.95,0.9099999999999999,0.8700000000000001,0.95,,,,0.30374662048690165,0.158730020218149,0.4696805400653707,22.212177369949963,21.478374838383427,22.93960270275559,5.2,3.25,7.45,4.368421052631579,3.6828947368421057,5.157894736842105,15.6,14.8,16.0,0.95,0.3,"{""[g1_return_cart_after_use] OBLIGED: after take_cart, eventually return_cart_at_p"": 2, ""[g1_no_exit_until_cart_returned] FORBIDDEN: (EXIT \u2227 \u00accart_parked_at_register)  w"": 2, ""[g0_must_visit_service_01] OBLIGED: after start, eventually (at(0,1) \u2227 INTERACT)"": 2}"
cart,behavioural,0.05,adaptive_task_q0.2,20,0.9200000000000002,0.8800000000000001,0.96,0.9200000000000002,0.8800000000000001,0.96,,,,0.30374662048690165,0.158730020218149,0.4696805400653707,22.394518674637062,21.66312602435591,23.117190060147344,6.95,4.7,9.35,4.95,3.85,6.5,16.0,16.0,16.0,1.0,0.3,"{""[g1_return_cart_after_use] OBLIGED: after take_cart, eventually return_cart_at_p"": 2, ""[g1_no_exit_until_cart_returned] FORBIDDEN: (EXIT \u2227 \u00accart_parked_at_register)  w"": 2, ""[g0_must_visit_service_01] OBLIGED: after start, eventually (at(0,1) \u2227 INTERACT)"": 2}"
cart,behavioural,0.05,adaptive_rel_q0.1,20,0.9200000000000002,0.8800000000000001,0.96,0.9200000000000002,0.8800000000000001,0.96,,,,0.30374662048690165,0.158730020218149,0.4696805400653707,22.394518674637062,21.66312602435591,23.117190060147344,5.6,3.79875,7.7,4.35,3.5,5.55,16.0,16.0,16.0,1.0,0.3,"{""[g1_return_cart_after_use] OBLIGED: after take_cart, eventually return_cart_at_p"": 2, ""[g1_no_exit_until_cart_returned] FORBIDDEN: (EXIT \u2227 \u00accart_parked_at_register)  w"": 2, ""[g0_must_visit_service_01] OBLIGED: after start, eventually (at(0,1) \u2227 INTERACT)"": 2}"
cart,behavioural,0.05,adaptive_raw_rho0.1,20,0.9,0.8600000000000001,0.9400000000000001,0.9,0.8600000000000001,0.9400000000000001,,,,0.2628078495527782,0.11284847174519853,0.43033940867793047,22.02834762858742,21.2920114326866,22.76935689983004,2.25,1.25,3.45,7.388888888888889,4.833333333333333,10.223611111111115,15.2,14.0,16.0,0.9,0.25,"{""[g1_return_cart_after_use] OBLIGED: after take_cart, eventually return_cart_at_p"": 2, ""[g0_must_visit_service_01] OBLIGED: after start, eventually (at(0,1) \u2227 INTERACT)"": 2, ""[g1_exit_only_after_cart_returned] FORBIDDEN: (exit_attempt \u2227 \u00accart_returned_for"": 2}"
cart,behavioural,0.05,fixed,20,0.8000000000000002,0.8000000000000002,0.8000000000000002,0.8000000000000002,0.8000000000000002,0.8000000000000002,,,,0.0,0.0,0.0,19.86130061333899,19.848760295690763,19.873176711162692,0.0,0.0,0.0,,,,8.0,8.0,8.0,0.0,0.0,"{""[g0_must_interact_0_1] OBLIGED: after start, eventually (at(0,1) \u2227 INTERACT) (be"": 4, ""[g0_visit_upper_left_service_counter] OBLIGED: after start, eventually (at(0,1) "": 2, ""[g0_must_check_counter_0_1] OBLIGED: after start, eventually (at(0,1) \u2227 INTERACT"": 2}"
cart,behavioural,0.05,oracle,20,0.9200000000000002,0.8800000000000001,0.96,0.9200000000000002,0.8800000000000001,0.96,,,,0.30374662048690165,0.158730020218149,0.4696805400653707,22.394518674637062,21.66312602435591,23.117190060147344,0.0,0.0,0.0,,,,16.0,16.0,16.0,0.0,0.3,"{""[g1_return_cart_after_use] OBLIGED: after take_cart, eventually return_cart_at_p"": 2, ""[g1_no_exit_until_cart_returned] FORBIDDEN: (EXIT \u2227 \u00accart_parked_at_register)  w"": 2, ""[g0_must_visit_service_01] OBLIGED: after start, eventually (at(0,1) \u2227 INTERACT)"": 2}"
cart,behavioural,0.05,mlci,20,0.8000000000000002,0.7400000000000001,0.85,0.7762987012987014,0.6835000000000001,0.8481931818181819,,,,,,,,,,,,,,,,3.25,2.6,3.9,,,
cart,behavioural,0.1,adaptive_task_q0.1,20,0.9200000000000002,0.8800000000000001,0.96,0.9200000000000002,0.8800000000000001,0.96,,,,0.3037466204869004,0.15873002021814875,0.46968054006536747,22.394518674637034,21.663126024355872,23.117190060147344,5.7,3.64875,8.001250000000004,5.0,3.85,6.55,16.0,16.0,16.0,1.0,0.3,"{""[g1_return_cart_after_use] OBLIGED: after take_cart, eventually return_cart_at_p"": 2, ""[g1_no_exit_until_cart_returned] FORBIDDEN: (EXIT \u2227 \u00accart_parked_at_register)  w"": 2, ""[g0_must_visit_service_01] OBLIGED: after start, eventually (at(0,1) \u2227 INTERACT)"": 2}"
cart,behavioural,0.1,adaptive_task_q0.05,20,0.9099999999999999,0.8700000000000001,0.95,0.9099999999999999,0.8700000000000001,0.95,,,,0.3037466204869004,0.15873002021814875,0.46968054006536747,22.21217736994995,21.478374838383427,22.939602702755572,5.2,3.25,7.45,4.368421052631579,3.6828947368421057,5.157894736842105,15.6,14.8,16.0,0.95,0.3,"{""[g1_return_cart_after_use] OBLIGED: after take_cart, eventually return_cart_at_p"": 2, ""[g1_no_exit_until_cart_returned] FORBIDDEN: (EXIT \u2227 \u00accart_parked_at_register)  w"": 2, ""[g0_must_visit_service_01] OBLIGED: after start, eventually (at(0,1) \u2227 INTERACT)"": 2}"
cart,behavioural,0.1,adaptive_task_q0.2,20,0.9200000000000002,0.8800000000000001,0.96,0.9200000000000002,0.8800000000000001,0.96,,,,0.3037466204869004,0.15873002021814875,0.46968054006536747,22.394518674637034,21.663126024355872,23.117190060147344,6.95,4.7,9.35,4.95,3.85,6.5,16.0,16.0,16.0,1.0,0.3,"{""[g1_return_cart_after_use] OBLIGED: after take_cart, eventually return_cart_at_p"": 2, ""[g1_no_exit_until_cart_returned] FORBIDDEN: (EXIT \u2227 \u00accart_parked_at_register)  w"": 2, ""[g0_must_visit_service_01] OBLIGED: after start, eventually (at(0,1) \u2227 INTERACT)"": 2}"
cart,behavioural,0.1,adaptive_rel_q0.1,20,0.9200000000000002,0.8800000000000001,0.96,0.9200000000000002,0.8800000000000001,0.96,,,,0.3037466204869004,0.15873002021814875,0.46968054006536747,22.394518674637034,21.663126024355872,23.117190060147344,5.6,3.79875,7.7,4.35,3.5,5.55,16.0,16.0,16.0,1.0,0.3,"{""[g1_return_cart_after_use] OBLIGED: after take_cart, eventually return_cart_at_p"": 2, ""[g1_no_exit_until_cart_returned] FORBIDDEN: (EXIT \u2227 \u00accart_parked_at_register)  w"": 2, ""[g0_must_visit_service_01] OBLIGED: after start, eventually (at(0,1) \u2227 INTERACT)"": 2}"
cart,behavioural,0.1,adaptive_raw_rho0.1,20,0.9100000000000001,0.8700000000000001,0.95,0.9100000000000001,0.8700000000000001,0.95,,,,0.3037466204869004,0.15873002021814875,0.46968054006536747,22.211755490435493,21.47650951003357,22.943935200328408,2.9,1.85,4.1,6.578947368421052,4.7368421052631575,8.631578947368421,15.6,14.8,16.0,0.95,0.3,"{""[g1_return_cart_after_use] OBLIGED: after take_cart, eventually return_cart_at_p"": 2, ""[g1_no_exit_until_cart_returned] FORBIDDEN: (EXIT \u2227 \u00accart_parked_at_register)  w"": 2, ""[g0_must_visit_service_01] OBLIGED: after start, eventually (at(0,1) \u2227 INTERACT)"": 2}"
cart,behavioural,0.1,fixed,20,0.8000000000000002,0.8000000000000002,0.8000000000000002,0.8000000000000002,0.8000000000000002,0.8000000000000002,,,,0.0,0.0,0.0,19.861300613338948,19.84876029569072,19.873176711162674,0.0,0.0,0.0,,,,8.0,8.0,8.0,0.0,0.0,"{""[g0_must_interact_0_1] OBLIGED: after start, eventually (at(0,1) \u2227 INTERACT) (be"": 4, ""[g0_visit_upper_left_service_counter] OBLIGED: after start, eventually (at(0,1) "": 2, ""[g0_must_check_counter_0_1] OBLIGED: after start, eventually (at(0,1) \u2227 INTERACT"": 2}"
cart,behavioural,0.1,oracle,20,0.9200000000000002,0.8800000000000001,0.96,0.9200000000000002,0.8800000000000001,0.96,,,,0.3037466204869004,0.15873002021814875,0.46968054006536747,22.394518674637034,21.663126024355872,23.117190060147344,0.0,0.0,0.0,,,,16.0,16.0,16.0,0.0,0.3,"{""[g1_return_cart_after_use] OBLIGED: after take_cart, eventually return_cart_at_p"": 2, ""[g1_no_exit_until_cart_returned] FORBIDDEN: (EXIT \u2227 \u00accart_parked_at_register)  w"": 2, ""[g0_must_visit_service_01] OBLIGED: after start, eventually (at(0,1) \u2227 INTERACT)"": 2}"
cart,behavioural,0.1,mlci,20,0.8200000000000001,0.77,0.8649999999999999,0.8074675324675326,0.7299350649350651,0.8645454545454546,,,,,,,,,,,,,,,,3.1,2.5,3.75,,,
cart,behavioural,0.2,adaptive_task_q0.1,20,0.9200000000000002,0.8800000000000001,0.96,0.9200000000000002,0.8800000000000001,0.96,,,,0.3037466204869014,0.1587300202181491,0.4696805400653677,22.39451867463701,21.663126024355826,23.117190060147358,5.7,3.64875,8.001250000000004,5.0,3.85,6.55,16.0,16.0,16.0,1.0,0.3,"{""[g1_return_cart_after_use] OBLIGED: after take_cart, eventually return_cart_at_p"": 2, ""[g1_no_exit_until_cart_returned] FORBIDDEN: (EXIT \u2227 \u00accart_parked_at_register)  w"": 2, ""[g0_must_visit_service_01] OBLIGED: after start, eventually (at(0,1) \u2227 INTERACT)"": 2}"
cart,behavioural,0.2,adaptive_task_q0.05,20,0.9099999999999999,0.8700000000000001,0.95,0.9099999999999999,0.8700000000000001,0.95,,,,0.3037466204869014,0.1587300202181491,0.4696805400653677,22.212177369949906,21.478374838383306,22.939602702755575,5.2,3.25,7.45,4.368421052631579,3.6828947368421057,5.157894736842105,15.6,14.8,16.0,0.95,0.3,"{""[g1_return_cart_after_use] OBLIGED: after take_cart, eventually return_cart_at_p"": 2, ""[g1_no_exit_until_cart_returned] FORBIDDEN: (EXIT \u2227 \u00accart_parked_at_register)  w"": 2, ""[g0_must_visit_service_01] OBLIGED: after start, eventually (at(0,1) \u2227 INTERACT)"": 2}"
cart,behavioural,0.2,adaptive_task_q0.2,20,0.9200000000000002,0.8800000000000001,0.96,0.9200000000000002,0.8800000000000001,0.96,,,,0.3037466204869014,0.1587300202181491,0.4696805400653677,22.39451867463701,21.663126024355826,23.117190060147358,6.95,4.7,9.35,4.95,3.85,6.5,16.0,16.0,16.0,1.0,0.3,"{""[g1_return_cart_after_use] OBLIGED: after take_cart, eventually return_cart_at_p"": 2, ""[g1_no_exit_until_cart_returned] FORBIDDEN: (EXIT \u2227 \u00accart_parked_at_register)  w"": 2, ""[g0_must_visit_service_01] OBLIGED: after start, eventually (at(0,1) \u2227 INTERACT)"": 2}"
cart,behavioural,0.2,adaptive_rel_q0.1,20,0.9200000000000002,0.8800000000000001,0.96,0.9200000000000002,0.8800000000000001,0.96,,,,0.3037466204869014,0.1587300202181491,0.4696805400653677,22.39451867463701,21.663126024355826,23.117190060147358,5.6,3.79875,7.7,4.35,3.5,5.55,16.0,16.0,16.0,1.0,0.3,"{""[g1_return_cart_after_use] OBLIGED: after take_cart, eventually return_cart_at_p"": 2, ""[g1_no_exit_until_cart_returned] FORBIDDEN: (EXIT \u2227 \u00accart_parked_at_register)  w"": 2, ""[g0_must_visit_service_01] OBLIGED: after start, eventually (at(0,1) \u2227 INTERACT)"": 2}"
cart,behavioural,0.2,adaptive_raw_rho0.1,20,0.9099999999999999,0.8700000000000001,0.95,0.9099999999999999,0.8700000000000001,0.95,,,,0.2812383203525254,0.13782868144632918,0.4477538171217224,22.218803524302196,21.485094036149928,22.950120317671104,3.75,2.6,5.05,6.052631578947368,4.2105263157894735,8.263157894736842,15.6,14.8,16.0,0.95,0.3,"{""[g1_return_cart_after_use] OBLIGED: after take_cart, eventually return_cart_at_p"": 2, ""[g1_no_exit_until_cart_returned] FORBIDDEN: (EXIT \u2227 \u00accart_parked_at_register)  w"": 2, ""[g0_must_visit_service_01] OBLIGED: after start, eventually (at(0,1) \u2227 INTERACT)"": 2}"
cart,behavioural,0.2,fixed,20,0.8000000000000002,0.8000000000000002,0.8000000000000002,0.8000000000000002,0.8000000000000002,0.8000000000000002,,,,0.0,0.0,0.0,19.861300613338894,19.84876029569066,19.87317671116259,0.0,0.0,0.0,,,,8.0,8.0,8.0,0.0,0.0,"{""[g0_must_interact_0_1] OBLIGED: after start, eventually (at(0,1) \u2227 INTERACT) (be"": 4, ""[g0_visit_upper_left_service_counter] OBLIGED: after start, eventually (at(0,1) "": 2, ""[g0_must_check_counter_0_1] OBLIGED: after start, eventually (at(0,1) \u2227 INTERACT"": 2}"
cart,behavioural,0.2,oracle,20,0.9200000000000002,0.8800000000000001,0.96,0.9200000000000002,0.8800000000000001,0.96,,,,0.3037466204869014,0.1587300202181491,0.4696805400653677,22.39451867463701,21.663126024355826,23.117190060147358,0.0,0.0,0.0,,,,16.0,16.0,16.0,0.0,0.3,"{""[g1_return_cart_after_use] OBLIGED: after take_cart, eventually return_cart_at_p"": 2, ""[g1_no_exit_until_cart_returned] FORBIDDEN: (EXIT \u2227 \u00accart_parked_at_register)  w"": 2, ""[g0_must_visit_service_01] OBLIGED: after start, eventually (at(0,1) \u2227 INTERACT)"": 2}"
cart,behavioural,0.2,mlci,20,0.8300000000000001,0.7950000000000002,0.865,0.8277272727272729,0.7822727272727273,0.8645568181818183,,,,,,,,,,,,,,,,2.65,2.0,3.3,,,
cart,behavioural,0.3,adaptive_task_q0.1,20,0.9200000000000002,0.8800000000000001,0.96,0.9200000000000002,0.8800000000000001,0.96,,,,0.30374662048690193,0.15873002021814897,0.4696805400653698,22.394518674637045,21.663126024355915,23.117190060147365,5.7,3.64875,8.001250000000004,5.0,3.85,6.55,16.0,16.0,16.0,1.0,0.3,"{""[g1_return_cart_after_use] OBLIGED: after take_cart, eventually return_cart_at_p"": 2, ""[g1_no_exit_until_cart_returned] FORBIDDEN: (EXIT \u2227 \u00accart_parked_at_register)  w"": 2, ""[g0_must_visit_service_01] OBLIGED: after start, eventually (at(0,1) \u2227 INTERACT)"": 2}"
cart,behavioural,0.3,adaptive_task_q0.05,20,0.9099999999999999,0.8700000000000001,0.95,0.9099999999999999,0.8700000000000001,0.95,,,,0.30374662048690193,0.15873002021814897,0.4696805400653698,22.212177369949934,21.47837483838337,22.93960270275562,5.2,3.25,7.45,4.368421052631579,3.6828947368421057,5.157894736842105,15.6,14.8,16.0,0.95,0.3,"{""[g1_return_cart_after_use] OBLIGED: after take_cart, eventually return_cart_at_p"": 2, ""[g1_no_exit_until_cart_returned] FORBIDDEN: (EXIT \u2227 \u00accart_parked_at_register)  w"": 2, ""[g0_must_visit_service_01] OBLIGED: after start, eventually (at(0,1) \u2227 INTERACT)"": 2}"
cart,behavioural,0.3,adaptive_task_q0.2,20,0.9200000000000002,0.8800000000000001,0.96,0.9200000000000002,0.8800000000000001,0.96,,,,0.30374662048690193,0.15873002021814897,0.4696805400653698,22.394518674637045,21.663126024355915,23.117190060147365,6.95,4.7,9.35,4.95,3.85,6.5,16.0,16.0,16.0,1.0,0.3,"{""[g1_return_cart_after_use] OBLIGED: after take_cart, eventually return_cart_at_p"": 2, ""[g1_no_exit_until_cart_returned] FORBIDDEN: (EXIT \u2227 \u00accart_parked_at_register)  w"": 2, ""[g0_must_visit_service_01] OBLIGED: after start, eventually (at(0,1) \u2227 INTERACT)"": 2}"
cart,behavioural,0.3,adaptive_rel_q0.1,20,0.9200000000000002,0.8800000000000001,0.96,0.9200000000000002,0.8800000000000001,0.96,,,,0.30374662048690193,0.15873002021814897,0.4696805400653698,22.394518674637045,21.663126024355915,23.117190060147365,5.6,3.79875,7.7,4.35,3.5,5.55,16.0,16.0,16.0,1.0,0.3,"{""[g1_return_cart_after_use] OBLIGED: after take_cart, eventually return_cart_at_p"": 2, ""[g1_no_exit_until_cart_returned] FORBIDDEN: (EXIT \u2227 \u00accart_parked_at_register)  w"": 2, ""[g0_must_visit_service_01] OBLIGED: after start, eventually (at(0,1) \u2227 INTERACT)"": 2}"
cart,behavioural,0.3,adaptive_raw_rho0.1,20,0.9200000000000002,0.8800000000000001,0.96,0.9200000000000002,0.8800000000000001,0.96,,,,0.30374662048690193,0.15873002021814897,0.4696805400653698,22.394518674637045,21.663126024355915,23.117190060147365,4.7,3.4,6.0,5.35,4.1,6.8,16.0,16.0,16.0,1.0,0.3,"{""[g1_return_cart_after_use] OBLIGED: after take_cart, eventually return_cart_at_p"": 2, ""[g1_no_exit_until_cart_returned] FORBIDDEN: (EXIT \u2227 \u00accart_parked_at_register)  w"": 2, ""[g0_must_visit_service_01] OBLIGED: after start, eventually (at(0,1) \u2227 INTERACT)"": 2}"
cart,behavioural,0.3,fixed,20,0.8000000000000002,0.8000000000000002,0.8000000000000002,0.8000000000000002,0.8000000000000002,0.8000000000000002,,,,0.0,0.0,0.0,19.86130061333888,19.84876029569068,19.873176711162593,0.0,0.0,0.0,,,,8.0,8.0,8.0,0.0,0.0,"{""[g0_must_interact_0_1] OBLIGED: after start, eventually (at(0,1) \u2227 INTERACT) (be"": 4, ""[g0_visit_upper_left_service_counter] OBLIGED: after start, eventually (at(0,1) "": 2, ""[g0_must_check_counter_0_1] OBLIGED: after start, eventually (at(0,1) \u2227 INTERACT"": 2}"
cart,behavioural,0.3,oracle,20,0.9200000000000002,0.8800000000000001,0.96,0.9200000000000002,0.8800000000000001,0.96,,,,0.30374662048690193,0.15873002021814897,0.4696805400653698,22.394518674637045,21.663126024355915,23.117190060147365,0.0,0.0,0.0,,,,16.0,16.0,16.0,0.0,0.3,"{""[g1_return_cart_after_use] OBLIGED: after take_cart, eventually return_cart_at_p"": 2, ""[g1_no_exit_until_cart_returned] FORBIDDEN: (EXIT \u2227 \u00accart_parked_at_register)  w"": 2, ""[g0_must_visit_service_01] OBLIGED: after start, eventually (at(0,1) \u2227 INTERACT)"": 2}"
cart,behavioural,0.3,mlci,20,0.8200000000000001,0.77,0.865,0.8074675324675324,0.7301298701298702,0.8677272727272728,,,,,,,,,,,,,,,,2.5,1.9,3.15,,,
cart,violation,0.0,adaptive_task_q0.1,20,0.9200000000000002,0.8800000000000001,0.96,0.9200000000000002,0.8800000000000001,0.96,,,,0.30374662048690093,0.15873002021814958,0.4696805400653696,22.394518674637077,21.663126024355925,23.117190060147344,5.7,3.64875,8.001250000000004,5.0,3.85,6.55,16.0,16.0,16.0,1.0,0.3,"{""[g1_return_cart_after_use] OBLIGED: after take_cart, eventually return_cart_at_p"": 2, ""[g1_no_exit_until_cart_returned] FORBIDDEN: (EXIT \u2227 \u00accart_parked_at_register)  w"": 2, ""[g0_must_visit_service_01] OBLIGED: after start, eventually (at(0,1) \u2227 INTERACT)"": 2}"
cart,violation,0.0,adaptive_task_q0.05,20,0.9099999999999999,0.8700000000000001,0.95,0.9099999999999999,0.8700000000000001,0.95,,,,0.30374662048690093,0.15873002021814958,0.4696805400653696,22.212177369949977,21.478374838383466,22.93960270275561,5.2,3.25,7.45,4.368421052631579,3.6828947368421057,5.157894736842105,15.6,14.8,16.0,0.95,0.3,"{""[g1_return_cart_after_use] OBLIGED: after take_cart, eventually return_cart_at_p"": 2, ""[g1_no_exit_until_cart_returned] FORBIDDEN: (EXIT \u2227 \u00accart_parked_at_register)  w"": 2, ""[g0_must_visit_service_01] OBLIGED: after start, eventually (at(0,1) \u2227 INTERACT)"": 2}"
cart,violation,0.0,adaptive_task_q0.2,20,0.9200000000000002,0.8800000000000001,0.96,0.9200000000000002,0.8800000000000001,0.96,,,,0.30374662048690093,0.15873002021814958,0.4696805400653696,22.394518674637077,21.663126024355925,23.117190060147344,6.95,4.7,9.35,4.95,3.85,6.5,16.0,16.0,16.0,1.0,0.3,"{""[g1_return_cart_after_use] OBLIGED: after take_cart, eventually return_cart_at_p"": 2, ""[g1_no_exit_until_cart_returned] FORBIDDEN: (EXIT \u2227 \u00accart_parked_at_register)  w"": 2, ""[g0_must_visit_service_01] OBLIGED: after start, eventually (at(0,1) \u2227 INTERACT)"": 2}"
cart,violation,0.0,adaptive_rel_q0.1,20,0.9200000000000002,0.8800000000000001,0.96,0.9200000000000002,0.8800000000000001,0.96,,,,0.30374662048690093,0.15873002021814958,0.4696805400653696,22.394518674637077,21.663126024355925,23.117190060147344,5.6,3.79875,7.7,4.35,3.5,5.55,16.0,16.0,16.0,1.0,0.3,"{""[g1_return_cart_after_use] OBLIGED: after take_cart, eventually return_cart_at_p"": 2, ""[g1_no_exit_until_cart_returned] FORBIDDEN: (EXIT \u2227 \u00accart_parked_at_register)  w"": 2, ""[g0_must_visit_service_01] OBLIGED: after start, eventually (at(0,1) \u2227 INTERACT)"": 2}"
cart,violation,0.0,adaptive_raw_rho0.1,20,0.8700000000000001,0.8300000000000001,0.9100000000000001,0.8700000000000001,0.8300000000000001,0.9100000000000001,,,,0.18531614968715368,0.05846367133725121,0.3371477961435074,21.30237362935361,20.580150912410176,22.03186051230817,1.5,0.45,2.75,4.0,3.1818181818181817,5.0,12.4,10.8,14.0,0.55,0.15,"{""[g1_return_cart_after_use] OBLIGED: after take_cart, eventually return_cart_at_p"": 2, ""[g0_must_visit_service_01] OBLIGED: after start, eventually (at(0,1) \u2227 INTERACT)"": 2, ""[g1_exit_only_after_cart_returned] FORBIDDEN: (exit_attempt \u2227 \u00accart_returned_for"": 2}"
cart,violation,0.0,fixed,20,0.8000000000000002,0.8000000000000002,0.8000000000000002,0.8000000000000002,0.8000000000000002,0.8000000000000002,,,,0.0,0.0,0.0,19.86130061333898,19.848760295690756,19.873176711162664,0.0,0.0,0.0,,,,8.0,8.0,8.0,0.0,0.0,"{""[g0_must_interact_0_1] OBLIGED: after start, eventually (at(0,1) \u2227 INTERACT) (be"": 4, ""[g0_visit_upper_left_service_counter] OBLIGED: after start, eventually (at(0,1) "": 2, ""[g0_must_check_counter_0_1] OBLIGED: after start, eventually (at(0,1) \u2227 INTERACT"": 2}"
cart,violation,0.0,oracle,20,0.9200000000000002,0.8800000000000001,0.96,0.9200000000000002,0.8800000000000001,0.96,,,,0.30374662048690093,0.15873002021814958,0.4696805400653696,22.394518674637077,21.663126024355925,23.117190060147344,0.0,0.0,0.0,,,,16.0,16.0,16.0,0.0,0.3,"{""[g1_return_cart_after_use] OBLIGED: after take_cart, eventually return_cart_at_p"": 2, ""[g1_no_exit_until_cart_returned] FORBIDDEN: (EXIT \u2227 \u00accart_parked_at_register)  w"": 2, ""[g0_must_visit_service_01] OBLIGED: after start, eventually (at(0,1) \u2227 INTERACT)"": 2}"
cart,violation,0.0,mlci,20,0.7850000000000001,0.714875,0.85,0.7446753246753248,0.636883116883117,0.8365584415584415,,,,,,,,,,,,,,,,3.55,2.9,4.15,,,
cart,violation,0.05,adaptive_task_q0.1,20,0.9200000000000002,0.8800000000000001,0.96,0.9200000000000002,0.8800000000000001,0.96,,,,0.30374662048690343,0.1587300202181506,0.4696805400653738,15.359230936900108,13.708871295122629,16.951656546816338,6.25,4.25,8.451250000000003,3.85,3.4,4.35,16.0,16.0,16.0,1.0,0.3,"{""[g1_return_cart_after_use] OBLIGED: after take_cart, eventually return_cart_at_p"": 2, ""[g1_no_exit_until_cart_returned] FORBIDDEN: (EXIT \u2227 \u00accart_parked_at_register)  w"": 2, ""[g0_must_visit_service_01] OBLIGED: after start, eventually (at(0,1) \u2227 INTERACT)"": 2}"
cart,violation,0.05,adaptive_task_q0.05,20,0.9200000000000002,0.8800000000000001,0.96,0.9200000000000002,0.8800000000000001,0.96,,,,0.30374662048690343,0.1587300202181506,0.4696805400653738,15.359230936900108,13.708871295122629,16.951656546816338,5.7,3.8,7.85,3.85,3.4,4.35,16.0,16.0,16.0,1.0,0.3,"{""[g1_return_cart_after_use] OBLIGED: after take_cart, eventually return_cart_at_p"": 2, ""[g1_no_exit_until_cart_returned] FORBIDDEN: (EXIT \u2227 \u00accart_parked_at_register)  w"": 2, ""[g0_must_visit_service_01] OBLIGED: after start, eventually (at(0,1) \u2227 INTERACT)"": 2}"
cart,violation,0.05,adaptive_task_q0.2,20,0.9200000000000002,0.8800000000000001,0.96,0.9200000000000002,0.8800000000000001,0.96,,,,0.30374662048690343,0.1587300202181506,0.4696805400653738,15.359230936900108,13.708871295122629,16.951656546816338,7.55,5.49875,9.8,3.85,3.4,4.35,16.0,16.0,16.0,1.0,0.3,"{""[g1_return_cart_after_use] OBLIGED: after take_cart, eventually return_cart_at_p"": 2, ""[g1_no_exit_until_cart_returned] FORBIDDEN: (EXIT \u2227 \u00accart_parked_at_register)  w"": 2, ""[g0_must_visit_service_01] OBLIGED: after start, eventually (at(0,1) \u2227 INTERACT)"": 2}"
cart,violation,0.05,adaptive_rel_q0.1,20,0.9200000000000002,0.8800000000000001,0.96,0.9200000000000002,0.8800000000000001,0.96,,,,0.30374662048690343,0.1587300202181506,0.4696805400653738,15.359230936900108,13.708871295122629,16.951656546816338,6.0,4.15,8.1,4.05,3.25,5.25,16.0,16.0,16.0,1.0,0.3,"{""[g1_return_cart_after_use] OBLIGED: after take_cart, eventually return_cart_at_p"": 2, ""[g1_no_exit_until_cart_returned] FORBIDDEN: (EXIT \u2227 \u00accart_parked_at_register)  w"": 2, ""[g0_must_visit_service_01] OBLIGED: after start, eventually (at(0,1) \u2227 INTERACT)"": 2}"
cart,violation,0.05,adaptive_raw_rho0.1,20,0.8700000000000001,0.8300000000000001,0.9100000000000001,0.8700000000000001,0.8300000000000001,0.9100000000000001,,,,0.18531614968715418,0.05846367133725192,0.3371477961435079,14.748343352516352,12.78179960901538,16.8357083914448,1.55,0.5987500000000004,2.7,4.0,3.1818181818181817,5.0,12.4,10.8,14.0,0.55,0.15,"{""[g1_return_cart_after_use] OBLIGED: after take_cart, eventually return_cart_at_p"": 2, ""[g0_must_visit_service_01] OBLIGED: after start, eventually (at(0,1) \u2227 INTERACT)"": 2, ""[g1_exit_only_after_cart_returned] FORBIDDEN: (exit_attempt \u2227 \u00accart_returned_for"": 2}"
cart,violation,0.05,fixed,20,0.8000000000000002,0.8000000000000002,0.8000000000000002,0.8000000000000002,0.8000000000000002,0.8000000000000002,,,,0.0,0.0,0.0,13.61979696385321,11.530560987248611,15.716162004090787,0.0,0.0,0.0,,,,8.0,8.0,8.0,0.0,0.0,"{""[g0_must_interact_0_1] OBLIGED: after start, eventually (at(0,1) \u2227 INTERACT) (be"": 4, ""[g0_visit_upper_left_service_counter] OBLIGED: after start, eventually (at(0,1) "": 2, ""[g0_must_check_counter_0_1] OBLIGED: after start, eventually (at(0,1) \u2227 INTERACT"": 2}"
cart,violation,0.05,oracle,20,0.9200000000000002,0.8800000000000001,0.96,0.9200000000000002,0.8800000000000001,0.96,,,,0.30374662048690343,0.1587300202181506,0.4696805400653738,15.359230936900108,13.708871295122629,16.951656546816338,0.0,0.0,0.0,,,,16.0,16.0,16.0,0.0,0.3,"{""[g1_return_cart_after_use] OBLIGED: after take_cart, eventually return_cart_at_p"": 2, ""[g1_no_exit_until_cart_returned] FORBIDDEN: (EXIT \u2227 \u00accart_parked_at_register)  w"": 2, ""[g0_must_visit_service_01] OBLIGED: after start, eventually (at(0,1) \u2227 INTERACT)"": 2}"
cart,violation,0.05,mlci,20,0.7350000000000001,0.6649999999999999,0.8000000000000002,0.6694155844155845,0.5457077922077924,0.777922077922078,,,,,,,,,,,,,,,,2.55,1.9,3.25,,,
cart,violation,0.1,adaptive_task_q0.1,20,0.9200000000000002,0.8800000000000001,0.96,0.9200000000000002,0.8800000000000001,0.96,,,,0.30374662048690126,0.15873002021814966,0.46968054006536947,14.566617801696173,13.042238988866055,15.971198038998843,6.7,4.8,8.8,3.7,3.3,4.15,16.0,16.0,16.0,1.0,0.3,"{""[g1_return_cart_after_use] OBLIGED: after take_cart, eventually return_cart_at_p"": 2, ""[g1_no_exit_until_cart_returned] FORBIDDEN: (EXIT \u2227 \u00accart_parked_at_register)  w"": 2, ""[g0_must_visit_service_01] OBLIGED: after start, eventually (at(0,1) \u2227 INTERACT)"": 2}"
cart,violation,0.1,adaptive_task_q0.05,20,0.9200000000000002,0.8800000000000001,0.96,0.9200000000000002,0.8800000000000001,0.96,,,,0.30374662048690126,0.15873002021814966,0.46968054006536947,14.566617801696173,13.042238988866055,15.971198038998843,6.55,4.7,8.65,3.7,3.3,4.15,16.0,16.0,16.0,1.0,0.3,"{""[g1_return_cart_after_use] OBLIGED: after take_cart, eventually return_cart_at_p"": 2, ""[g1_no_exit_until_cart_returned] FORBIDDEN: (EXIT \u2227 \u00accart_parked_at_register)  w"": 2, ""[g0_must_visit_service_01] OBLIGED: after start, eventually (at(0,1) \u2227 INTERACT)"": 2}"
cart,violation,0.1,adaptive_task_q0.2,20,0.9200000000000002,0.8800000000000001,0.96,0.9200000000000002,0.8800000000000001,0.96,,,,0.30374662048690126,0.15873002021814966,0.46968054006536947,14.566617801696173,13.042238988866055,15.971198038998843,8.05,6.15,10.1,3.7,3.3,4.15,16.0,16.0,16.0,1.0,0.3,"{""[g1_return_cart_after_use] OBLIGED: after take_cart, eventually return_cart_at_p"": 2, ""[g1_no_exit_until_cart_returned] FORBIDDEN: (EXIT \u2227 \u00accart_parked_at_register)  w"": 2, ""[g0_must_visit_service_01] OBLIGED: after start, eventually (at(0,1) \u2227 INTERACT)"": 2}"
cart,violation,0.1,adaptive_rel_q0.1,20,0.9200000000000002,0.8800000000000001,0.96,0.9200000000000002,0.8800000000000001,0.96,,,,0.30374662048690126,0.15873002021814966,0.46968054006536947,14.566617801696173,13.042238988866055,15.971198038998843,6.55,4.65,8.75,4.2,3.35,5.45,16.0,16.0,16.0,1.0,0.3,"{""[g1_return_cart_after_use] OBLIGED: after take_cart, eventually return_cart_at_p"": 2, ""[g1_no_exit_until_cart_returned] FORBIDDEN: (EXIT \u2227 \u00accart_parked_at_register)  w"": 2, ""[g0_must_visit_service_01] OBLIGED: after start, eventually (at(0,1) \u2227 INTERACT)"": 2}"
cart,violation,0.1,adaptive_raw_rho0.1,20,0.8600000000000001,0.8200000000000001,0.9000000000000001,0.8600000000000001,0.8200000000000001,0.9000000000000001,,,,0.1853161496871538,0.05846367133725174,0.3371477961435069,14.259541179825595,12.344608014471065,16.26660786665791,1.5,0.55,2.6,4.0,3.2,5.1,12.0,10.4,13.6,0.5,0.15,"{""[g0_must_interact_0_1] OBLIGED: after start, eventually (at(0,1) \u2227 INTERACT) (be"": 3, ""[g1_return_cart_after_use] OBLIGED: after take_cart, eventually return_cart_at_p"": 2, ""[g0_must_visit_service_01] OBLIGED: after start, eventually (at(0,1) \u2227 INTERACT)"": 2}"
cart,violation,0.1,fixed,20,0.8000000000000002,0.8000000000000002,0.8000000000000002,0.8000000000000002,0.8000000000000002,0.8000000000000002,,,,0.0,0.0,0.0,11.869986276487058,10.155510818391823,14.0270863124044,0.0,0.0,0.0,,,,8.0,8.0,8.0,0.0,0.0,"{""[g0_must_interact_0_1] OBLIGED: after start, eventually (at(0,1) \u2227 INTERACT) (be"": 4, ""[g0_visit_upper_left_service_counter] OBLIGED: after start, eventually (at(0,1) "": 2, ""[g0_must_check_counter_0_1] OBLIGED: after start, eventually (at(0,1) \u2227 INTERACT"": 2}"
cart,violation,0.1,oracle,20,0.9200000000000002,0.8800000000000001,0.96,0.9200000000000002,0.8800000000000001,0.96,,,,0.30374662048690126,0.15873002021814966,0.46968054006536947,14.566617801696173,13.042238988866055,15.971198038998843,0.0,0.0,0.0,,,,16.0,16.0,16.0,0.0,0.3,"{""[g1_return_cart_after_use] OBLIGED: after take_cart, eventually return_cart_at_p"": 2, ""[g1_no_exit_until_cart_returned] FORBIDDEN: (EXIT \u2227 \u00accart_parked_at_register)  w"": 2, ""[g0_must_visit_service_01] OBLIGED: after start, eventually (at(0,1) \u2227 INTERACT)"": 2}"
cart,violation,0.1,mlci,20,0.6200000000000001,0.54,0.7050000000000001,0.45779220779220786,0.30641558441558436,0.608961038961039,,,,,,,,,,,,,,,,2.1,1.4,2.9,,,
cart,violation,0.2,adaptive_task_q0.1,20,0.9200000000000002,0.8800000000000001,0.96,0.9200000000000002,0.8800000000000001,0.96,,,,0.3037466204869021,0.15873002021814814,0.4696805400653706,13.234850070853772,11.802674055875054,14.621770837422595,6.95,5.25,8.75,4.368421052631579,3.4210526315789473,5.7368421052631575,15.6,14.8,16.0,0.95,0.3,"{""[g1_return_cart_after_use] OBLIGED: after take_cart, eventually return_cart_at_p"": 2, ""[g1_no_exit_until_cart_returned] FORBIDDEN: (EXIT \u2227 \u00accart_parked_at_register)  w"": 2, ""[g0_must_visit_service_01] OBLIGED: after start, eventually (at(0,1) \u2227 INTERACT)"": 2}"
cart,violation,0.2,adaptive_task_q0.05,20,0.9200000000000002,0.8800000000000001,0.96,0.9200000000000002,0.8800000000000001,0.96,,,,0.3037466204869021,0.15873002021814814,0.4696805400653706,13.234850070853772,11.802674055875054,14.621770837422595,6.65,4.95,8.5,4.368421052631579,3.4210526315789473,5.7368421052631575,15.6,14.8,16.0,0.95,0.3,"{""[g1_return_cart_after_use] OBLIGED: after take_cart, eventually return_cart_at_p"": 2, ""[g1_no_exit_until_cart_returned] FORBIDDEN: (EXIT \u2227 \u00accart_parked_at_register)  w"": 2, ""[g0_must_visit_service_01] OBLIGED: after start, eventually (at(0,1) \u2227 INTERACT)"": 2}"
cart,violation,0.2,adaptive_task_q0.2,20,0.9200000000000002,0.8800000000000001,0.96,0.9200000000000002,0.8800000000000001,0.96,,,,0.3037466204869021,0.15873002021814814,0.4696805400653706,13.234850070853772,11.802674055875054,14.621770837422595,7.6,5.85,9.4,4.2631578947368425,3.4210526315789473,5.421052631578948,15.6,14.8,16.0,0.95,0.3,"{""[g1_return_cart_after_use] OBLIGED: after take_cart, eventually return_cart_at_p"": 2, ""[g1_no_exit_until_cart_returned] FORBIDDEN: (EXIT \u2227 \u00accart_parked_at_register)  w"": 2, ""[g0_must_visit_service_01] OBLIGED: after start, eventually (at(0,1) \u2227 INTERACT)"": 2}"
cart,violation,0.2,adaptive_rel_q0.1,20,0.9200000000000002,0.8800000000000001,0.96,0.9200000000000002,0.8800000000000001,0.96,,,,0.3037466204869021,0.15873002021814814,0.4696805400653706,13.234850070853772,11.802674055875054,14.621770837422595,7.15,5.2,9.35,4.2105263157894735,3.3157894736842106,5.578947368421052,15.6,14.8,16.0,0.95,0.3,"{""[g1_return_cart_after_use] OBLIGED: after take_cart, eventually return_cart_at_p"": 2, ""[g1_no_exit_until_cart_returned] FORBIDDEN: (EXIT \u2227 \u00accart_parked_at_register)  w"": 2, ""[g0_must_visit_service_01] OBLIGED: after start, eventually (at(0,1) \u2227 INTERACT)"": 2}"
cart,violation,0.2,adaptive_raw_rho0.1,20,0.8700000000000001,0.8300000000000001,0.9100000000000001,0.8700000000000001,0.8300000000000001,0.9100000000000001,,,,0.23531614968715503,0.0859553712028766,0.4012809214838169,11.91912939530405,10.367890684410943,13.449740298199355,2.0,0.95,3.25,3.4545454545454546,3.0,4.090909090909091,12.4,10.8,14.0,0.55,0.2,"{""[g1_return_cart_after_use] OBLIGED: after take_cart, eventually return_cart_at_p"": 2, ""[g0_must_visit_service_01] OBLIGED: after start, eventually (at(0,1) \u2227 INTERACT)"": 2, ""[g1_exit_only_after_cart_returned] FORBIDDEN: (exit_attempt \u2227 \u00accart_returned_for"": 2}"
cart,violation,0.2,fixed,20,0.8000000000000002,0.8000000000000002,0.8000000000000002,0.8000000000000002,0.8000000000000002,0.8000000000000002,,,,0.0,0.0,0.0,8.857214969868561,8.714666996176527,9.014562824564576,0.0,0.0,0.0,,,,8.0,8.0,8.0,0.0,0.0,"{""[g0_must_interact_0_1] OBLIGED: after start, eventually (at(0,1) \u2227 INTERACT) (be"": 4, ""[g0_visit_upper_left_service_counter] OBLIGED: after start, eventually (at(0,1) "": 2, ""[g0_must_check_counter_0_1] OBLIGED: after start, eventually (at(0,1) \u2227 INTERACT"": 2}"
cart,violation,0.2,oracle,20,0.9200000000000002,0.8800000000000001,0.96,0.9200000000000002,0.8800000000000001,0.96,,,,0.3037466204869021,0.15873002021814814,0.4696805400653706,13.579550853778548,12.141618468084086,14.956621016737847,0.0,0.0,0.0,,,,16.0,16.0,16.0,0.0,0.3,"{""[g1_return_cart_after_use] OBLIGED: after take_cart, eventually return_cart_at_p"": 2, ""[g1_no_exit_until_cart_returned] FORBIDDEN: (EXIT \u2227 \u00accart_parked_at_register)  w"": 2, ""[g0_must_visit_service_01] OBLIGED: after start, eventually (at(0,1) \u2227 INTERACT)"": 2}"
cart,violation,0.2,mlci,20,0.495,0.43500000000000005,0.5700000000000001,0.2075974025974026,0.08285714285714285,0.3520779220779221,,,,,,,,,,,,,,,,0.75,0.35,1.3,,,
cart,violation,0.3,adaptive_task_q0.1,20,0.9200000000000002,0.8800000000000001,0.96,0.9200000000000002,0.8800000000000001,0.96,,,,0.3037466204869015,0.15873002021815033,0.4696805400653706,13.176710453346896,11.77175869095502,14.535360591220101,7.5,5.79875,9.35,5.4,3.65,7.7,16.0,16.0,16.0,1.0,0.3,"{""[g1_return_cart_after_use] OBLIGED: after take_cart, eventually return_cart_at_p"": 2, ""[g1_no_exit_until_cart_returned] FORBIDDEN: (EXIT \u2227 \u00accart_parked_at_register)  w"": 2, ""[g0_must_visit_service_01] OBLIGED: after start, eventually (at(0,1) \u2227 INTERACT)"": 2}"
cart,violation,0.3,adaptive_task_q0.05,20,0.9200000000000002,0.8800000000000001,0.96,0.9200000000000002,0.8800000000000001,0.96,,,,0.3037466204869015,0.15873002021815033,0.4696805400653706,13.176710453346896,11.77175869095502,14.535360591220101,6.95,5.05,8.95,6.05,3.8,8.65,16.0,16.0,16.0,1.0,0.3,"{""[g1_return_cart_after_use] OBLIGED: after take_cart, eventually return_cart_at_p"": 2, ""[g1_no_exit_until_cart_returned] FORBIDDEN: (EXIT \u2227 \u00accart_parked_at_register)  w"": 2, ""[g0_must_visit_service_01] OBLIGED: after start, eventually (at(0,1) \u2227 INTERACT)"": 2}"
cart,violation,0.3,adaptive_task_q0.2,20,0.9200000000000002,0.8800000000000001,0.96,0.9200000000000002,0.8800000000000001,0.96,,,,0.3037466204869015,0.15873002021815033,0.4696805400653706,13.176710453346896,11.77175869095502,14.535360591220101,8.25,6.7,9.95,4.2,3.55,5.0,16.0,16.0,16.0,1.0,0.3,"{""[g1_return_cart_after_use] OBLIGED: after take_cart, eventually return_cart_at_p"": 2, ""[g1_no_exit_until_cart_returned] FORBIDDEN: (EXIT \u2227 \u00accart_parked_at_register)  w"": 2, ""[g0_must_visit_service_01] OBLIGED: after start, eventually (at(0,1) \u2227 INTERACT)"": 2}"
cart,violation,0.3,adaptive_rel_q0.1,20,0.9200000000000002,0.8800000000000001,0.96,0.9200000000000002,0.8800000000000001,0.96,,,,0.3037466204869015,0.15873002021815033,0.4696805400653706,13.176710453346896,11.77175869095502,14.535360591220101,7.45,5.75,9.3,5.25,3.55,7.6,16.0,16.0,16.0,1.0,0.3,"{""[g1_return_cart_after_use] OBLIGED: after take_cart, eventually return_cart_at_p"": 2, ""[g1_no_exit_until_cart_returned] FORBIDDEN: (EXIT \u2227 \u00accart_parked_at_register)  w"": 2, ""[g0_must_visit_service_01] OBLIGED: after start, eventually (at(0,1) \u2227 INTERACT)"": 2}"
cart,violation,0.3,adaptive_raw_rho0.1,20,0.8700000000000001,0.8300000000000001,0.9100000000000001,0.8700000000000001,0.8300000000000001,0.9100000000000001,,,,0.23531614968715386,0.08595537120287648,0.40128092148381633,11.527759352926415,10.027032438244033,13.017998391002607,2.35,0.9987500000000005,4.0,3.4,3.0,4.0,12.0,10.4,13.6,0.5,0.2,"{""[g1_return_cart_after_use] OBLIGED: after take_cart, eventually return_cart_at_p"": 2, ""[g0_must_visit_service_01] OBLIGED: after start, eventually (at(0,1) \u2227 INTERACT)"": 2, ""[g1_exit_only_after_cart_returned] FORBIDDEN: (exit_attempt \u2227 \u00accart_returned_for"": 2}"
cart,violation,0.3,fixed,20,0.8000000000000002,0.8000000000000002,0.8000000000000002,0.8000000000000002,0.8000000000000002,0.8000000000000002,,,,0.0,0.0,0.0,8.489123401911462,8.37439582724258,8.632920885661472,0.0,0.0,0.0,,,,8.0,8.0,8.0,0.0,0.0,"{""[g0_must_interact_0_1] OBLIGED: after start, eventually (at(0,1) \u2227 INTERACT) (be"": 4, ""[g0_visit_upper_left_service_counter] OBLIGED: after start, eventually (at(0,1) "": 2, ""[g0_must_check_counter_0_1] OBLIGED: after start, eventually (at(0,1) \u2227 INTERACT"": 2}"
cart,violation,0.3,oracle,20,0.9200000000000002,0.8800000000000001,0.96,0.9200000000000002,0.8800000000000001,0.96,,,,0.3037466204869015,0.15873002021815033,0.4696805400653706,13.176710453346896,11.77175869095502,14.535360591220101,0.0,0.0,0.0,,,,16.0,16.0,16.0,0.0,0.3,"{""[g1_return_cart_after_use] OBLIGED: after take_cart, eventually return_cart_at_p"": 2, ""[g1_no_exit_until_cart_returned] FORBIDDEN: (EXIT \u2227 \u00accart_parked_at_register)  w"": 2, ""[g0_must_visit_service_01] OBLIGED: after start, eventually (at(0,1) \u2227 INTERACT)"": 2}"
cart,violation,0.3,mlci,20,0.425,0.4000000000000001,0.4700000000000001,0.05428571428571429,0.0,0.14857142857142858,,,,,,,,,,,,,,,,0.25,0.1,0.45,,,
aisle,behavioural,0.0,adaptive_task_q0.1,20,0.99,0.97,1.0,0.9916666666666666,0.9749999999999999,1.0,1.0,1.0,1.0,0.4560297325409846,0.3606224238278316,0.5424549675262547,15.710844653065697,15.624337567887315,15.856865809877391,9.0,7.05,11.15,4.05,3.55,4.6,16.0,16.0,16.0,1.0,0.7,"{""[g1_no_cart_in_customer_aisle] FORBIDDEN: (hasCart \u2227 customerShelfAisle)  where "": 2, ""[g1_no_carts_in_narrow_shelf_aisles] FORBIDDEN: (hasCart \u2227 narrowShelfAisle)  wh"": 2, ""[g1_no_cart_between_opposing_shelves] FORBIDDEN: (hasCart \u2227 betweenOpposingShelv"": 2}"
aisle,behavioural,0.0,adaptive_task_q0.05,20,0.99,0.97,1.0,0.9916666666666666,0.9749999999999999,1.0,1.0,1.0,1.0,0.4560297325409846,0.3606224238278316,0.5424549675262547,15.710844653065697,15.624337567887315,15.856865809877391,8.15,6.35,10.151250000000005,4.1,3.6,4.65,16.0,16.0,16.0,1.0,0.7,"{""[g1_no_cart_in_customer_aisle] FORBIDDEN: (hasCart \u2227 customerShelfAisle)  where "": 2, ""[g1_no_carts_in_narrow_shelf_aisles] FORBIDDEN: (hasCart \u2227 narrowShelfAisle)  wh"": 2, ""[g1_no_cart_between_opposing_shelves] FORBIDDEN: (hasCart \u2227 betweenOpposingShelv"": 2}"
aisle,behavioural,0.0,adaptive_task_q0.2,20,0.99,0.97,1.0,0.9916666666666666,0.9749999999999999,1.0,1.0,1.0,1.0,0.4560297325409846,0.3606224238278316,0.5424549675262547,15.710844653065697,15.624337567887315,15.856865809877391,9.9,7.85,12.15,4.0,3.5,4.55,16.0,16.0,16.0,1.0,0.7,"{""[g1_no_cart_in_customer_aisle] FORBIDDEN: (hasCart \u2227 customerShelfAisle)  where "": 2, ""[g1_no_carts_in_narrow_shelf_aisles] FORBIDDEN: (hasCart \u2227 narrowShelfAisle)  wh"": 2, ""[g1_no_cart_between_opposing_shelves] FORBIDDEN: (hasCart \u2227 betweenOpposingShelv"": 2}"
aisle,behavioural,0.0,adaptive_rel_q0.1,20,0.97,0.9200000000000002,1.0,0.9583333333333334,0.8833333333333334,1.0,0.97,0.9099999999999999,1.0,0.4340033138174572,0.33225674690111734,0.5287575407080864,15.706352759500959,15.616343854705882,15.852373916312652,5.35,4.4,6.2,4.105263157894737,3.6315789473684212,4.631578947368421,15.6,14.8,16.0,0.95,0.7,"{""[g1_no_cart_in_customer_aisle] FORBIDDEN: (hasCart \u2227 customerShelfAisle)  where "": 2, ""[g1_no_carts_in_narrow_shelf_aisles] FORBIDDEN: (hasCart \u2227 narrowShelfAisle)  wh"": 2, ""[g1_no_cart_between_opposing_shelves] FORBIDDEN: (hasCart \u2227 betweenOpposingShelv"": 2}"
aisle,behavioural,0.0,adaptive_raw_rho0.1,20,0.82,0.74,0.9000000000000001,0.7,0.5666666666666668,0.8333333333333334,0.73,0.6100000000000001,0.85,0.27161256798251193,0.1498662191895173,0.39850967907161056,15.94928830621466,15.723784187442604,16.186152419788087,2.15,0.5,4.1512500000000045,4.181818181818182,3.5454545454545454,4.818181818181818,12.4,10.8,14.0,0.55,0.45,"{""[g0_no_cart_north_from_parking] FORBIDDEN: (at(3,3) \u2227 hasCart \u2227 N)"": 2, ""[g0_no_cart_north_aisle] FORBIDDEN: (hasCart \u2227 (at(3,1) \u2228 at(3,2)))"": 2, ""[g0_park_cart_before_north_aisle] FORBIDDEN: (N \u2227 at(3,3) \u2227 hasCart)"": 2}"
aisle,behavioural,0.0,fixed,20,0.5999999999999999,0.5999999999999999,0.5999999999999999,0.3333333333333333,0.3333333333333333,0.3333333333333333,0.4000000000000001,0.4000000000000001,0.4000000000000001,0.0,0.0,0.0,16.39599749736888,16.145618593941514,16.6321798236214,0.0,0.0,0.0,,,,8.0,8.0,8.0,0.0,0.0,"{""[g0_no_cart_north_aisle] FORBIDDEN: (hasCart \u2227 (at(3,1) \u2228 at(3,2)))"": 4, ""[g0_no_cart_north_from_parking] FORBIDDEN: (at(3,3) \u2227 hasCart \u2227 N)"": 2, ""[g0_no_north_with_cart_from_3_3] FORBIDDEN: (at(3,3) \u2227 hasCart \u2227 N)"": 2}"
aisle,behavioural,0.0,oracle,20,0.99,0.97,1.0,0.9916666666666666,0.9749999999999999,1.0,1.0,1.0,1.0,0.4560297325409846,0.3606224238278316,0.5424549675262547,15.710844653065697,15.624337567887315,15.856865809877391,0.0,0.0,0.0,,,,16.0,16.0,16.0,0.0,0.7,"{""[g1_no_cart_in_customer_aisle] FORBIDDEN: (hasCart \u2227 customerShelfAisle)  where "": 2, ""[g1_no_carts_in_narrow_shelf_aisles] FORBIDDEN: (hasCart \u2227 narrowShelfAisle)  wh"": 2, ""[g1_no_cart_between_opposing_shelves] FORBIDDEN: (hasCart \u2227 betweenOpposingShelv"": 2}"
aisle,behavioural,0.0,mlci,20,0.595,0.5849999999999999,0.5999999999999999,0.49722222222222223,0.4916666666666667,0.5,0.4000000000000001,0.4000000000000001,0.4000000000000001,,,,,,,,,,,,,3.05,3.0,3.15,,,
aisle,behavioural,0.05,adaptive_task_q0.1,20,0.99,0.97,1.0,0.9916666666666666,0.9749999999999999,1.0,1.0,1.0,1.0,0.45602973254098467,0.36062242382783155,0.5424549675262526,15.710844653065726,15.624337567887377,15.856865809877368,9.0,7.05,11.15,4.05,3.55,4.6,16.0,16.0,16.0,1.0,0.7,"{""[g1_no_cart_in_customer_aisle] FORBIDDEN: (hasCart \u2227 customerShelfAisle)  where "": 2, ""[g1_no_carts_in_narrow_shelf_aisles] FORBIDDEN: (hasCart \u2227 narrowShelfAisle)  wh"": 2, ""[g1_no_cart_between_opposing_shelves] FORBIDDEN: (hasCart \u2227 betweenOpposingShelv"": 2}"
aisle,behavioural,0.05,adaptive_task_q0.05,20,0.99,0.97,1.0,0.9916666666666666,0.9749999999999999,1.0,1.0,1.0,1.0,0.45602973254098467,0.36062242382783155,0.5424549675262526,15.710844653065726,15.624337567887377,15.856865809877368,8.15,6.35,10.151250000000005,4.1,3.6,4.65,16.0,16.0,16.0,1.0,0.7,"{""[g1_no_cart_in_customer_aisle] FORBIDDEN: (hasCart \u2227 customerShelfAisle)  where "": 2, ""[g1_no_carts_in_narrow_shelf_aisles] FORBIDDEN: (hasCart \u2227 narrowShelfAisle)  wh"": 2, ""[g1_no_cart_between_opposing_shelves] FORBIDDEN: (hasCart \u2227 betweenOpposingShelv"": 2}"
aisle,behavioural,0.05,adaptive_task_q0.2,20,0.99,0.97,1.0,0.9916666666666666,0.9749999999999999,1.0,1.0,1.0,1.0,0.45602973254098467,0.36062242382783155,0.5424549675262526,15.710844653065726,15.624337567887377,15.856865809877368,9.9,7.85,12.15,4.0,3.5,4.55,16.0,16.0,16.0,1.0,0.7,"{""[g1_no_cart_in_customer_aisle] FORBIDDEN: (hasCart \u2227 customerShelfAisle)  where "": 2, ""[g1_no_carts_in_narrow_shelf_aisles] FORBIDDEN: (hasCart \u2227 narrowShelfAisle)  wh"": 2, ""[g1_no_cart_between_opposing_shelves] FORBIDDEN: (hasCart \u2227 betweenOpposingShelv"": 2}"
aisle,behavioural,0.05,adaptive_rel_q0.1,20,0.97,0.9200000000000002,1.0,0.9583333333333334,0.8833333333333334,1.0,0.97,0.9099999999999999,1.0,0.4340033138174572,0.3322567469011169,0.5287575407080871,15.706352759500987,15.616343854705917,15.85237391631263,5.35,4.4,6.2,4.105263157894737,3.6315789473684212,4.631578947368421,15.6,14.8,16.0,0.95,0.7,"{""[g1_no_cart_in_customer_aisle] FORBIDDEN: (hasCart \u2227 customerShelfAisle)  where "": 2, ""[g1_no_carts_in_narrow_shelf_aisles] FORBIDDEN: (hasCart \u2227 narrowShelfAisle)  wh"": 2, ""[g1_no_cart_between_opposing_shelves] FORBIDDEN: (hasCart \u2227 betweenOpposingShelv"": 2}"
aisle,behavioural,0.05,adaptive_raw_rho0.1,20,0.99,0.97,1.0,0.9916666666666666,0.9749999999999999,1.0,1.0,1.0,1.0,0.45602973254098467,0.36062242382783155,0.5424549675262526,15.710844653065726,15.624337567887377,15.856865809877368,3.0,1.4,4.951250000000004,7.25,5.3,9.401250000000005,16.0,16.0,16.0,1.0,0.7,"{""[g1_no_cart_in_customer_aisle] FORBIDDEN: (hasCart \u2227 customerShelfAisle)  where "": 2, ""[g1_no_carts_in_narrow_shelf_aisles] FORBIDDEN: (hasCart \u2227 narrowShelfAisle)  wh"": 2, ""[g1_no_cart_between_opposing_shelves] FORBIDDEN: (hasCart \u2227 betweenOpposingShelv"": 2}"
aisle,behavioural,0.05,fixed,20,0.5999999999999999,0.5999999999999999,0.5999999999999999,0.3333333333333333,0.3333333333333333,0.3333333333333333,0.4000000000000001,0.4000000000000001,0.4000000000000001,0.0,0.0,0.0,16.395997497368917,16.145618593941535,16.63217982362147,0.0,0.0,0.0,,,,8.0,8.0,8.0,0.0,0.0,"{""[g0_no_cart_north_aisle] FORBIDDEN: (hasCart \u2227 (at(3,1) \u2228 at(3,2)))"": 4, ""[g0_no_cart_north_from_parking] FORBIDDEN: (at(3,3) \u2227 hasCart \u2227 N)"": 2, ""[g0_no_north_with_cart_from_3_3] FORBIDDEN: (at(3,3) \u2227 hasCart \u2227 N)"": 2}"
aisle,behavioural,0.05,oracle,20,0.99,0.97,1.0,0.9916666666666666,0.9749999999999999,1.0,1.0,1.0,1.0,0.45602973254098467,0.36062242382783155,0.5424549675262526,15.710844653065726,15.624337567887377,15.856865809877368,0.0,0.0,0.0,,,,16.0,16.0,16.0,0.0,0.7,"{""[g1_no_cart_in_customer_aisle] FORBIDDEN: (hasCart \u2227 customerShelfAisle)  where "": 2, ""[g1_no_carts_in_narrow_shelf_aisles] FORBIDDEN: (hasCart \u2227 narrowShelfAisle)  wh"": 2, ""[g1_no_cart_between_opposing_shelves] FORBIDDEN: (hasCart \u2227 betweenOpposingShelv"": 2}"
aisle,behavioural,0.05,mlci,20,0.6949999999999998,0.6849999999999998,0.6999999999999998,0.5678571428571428,0.5607142857142857,0.5714285714285714,0.4000000000000001,0.4000000000000001,0.4000000000000001,,,,,,,,,,,,,2.05,2.0,2.15,,,
aisle,behavioural,0.1,adaptive_task_q0.1,20,0.99,0.97,1.0,0.9916666666666666,0.9749999999999999,1.0,1.0,1.0,1.0,0.4560297325409858,0.3606224238278293,0.5424549675262552,15.710844653065717,15.624337567887368,15.856865809877345,9.0,7.05,11.15,4.05,3.55,4.6,16.0,16.0,16.0,1.0,0.7,"{""[g1_no_cart_in_customer_aisle] FORBIDDEN: (hasCart \u2227 customerShelfAisle)  where "": 2, ""[g1_no_carts_in_narrow_shelf_aisles] FORBIDDEN: (hasCart \u2227 narrowShelfAisle)  wh"": 2, ""[g1_no_cart_between_opposing_shelves] FORBIDDEN: (hasCart \u2227 betweenOpposingShelv"": 2}"
aisle,behavioural,0.1,adaptive_task_q0.05,20,0.99,0.97,1.0,0.9916666666666666,0.9749999999999999,1.0,1.0,1.0,1.0,0.4560297325409858,0.3606224238278293,0.5424549675262552,15.710844653065717,15.624337567887368,15.856865809877345,8.15,6.35,10.151250000000005,4.1,3.6,4.65,16.0,16.0,16.0,1.0,0.7,"{""[g1_no_cart_in_customer_aisle] FORBIDDEN: (hasCart \u2227 customerShelfAisle)  where "": 2, ""[g1_no_carts_in_narrow_shelf_aisles] FORBIDDEN: (hasCart \u2227 narrowShelfAisle)  wh"": 2, ""[g1_no_cart_between_opposing_shelves] FORBIDDEN: (hasCart \u2227 betweenOpposingShelv"": 2}"
aisle,behavioural,0.1,adaptive_task_q0.2,20,0.99,0.97,1.0,0.9916666666666666,0.9749999999999999,1.0,1.0,1.0,1.0,0.4560297325409858,0.3606224238278293,0.5424549675262552,15.710844653065717,15.624337567887368,15.856865809877345,9.9,7.85,12.15,4.0,3.5,4.55,16.0,16.0,16.0,1.0,0.7,"{""[g1_no_cart_in_customer_aisle] FORBIDDEN: (hasCart \u2227 customerShelfAisle)  where "": 2, ""[g1_no_carts_in_narrow_shelf_aisles] FORBIDDEN: (hasCart \u2227 narrowShelfAisle)  wh"": 2, ""[g1_no_cart_between_opposing_shelves] FORBIDDEN: (hasCart \u2227 betweenOpposingShelv"": 2}"
aisle,behavioural,0.1,adaptive_rel_q0.1,20,0.97,0.9200000000000002,1.0,0.9583333333333334,0.8833333333333334,1.0,0.97,0.9099999999999999,1.0,0.43400331381745894,0.33225674690111656,0.5287575407080893,15.706352759500977,15.616343854705924,15.852373916312603,5.35,4.4,6.2,4.105263157894737,3.6315789473684212,4.631578947368421,15.6,14.8,16.0,0.95,0.7,"{""[g1_no_cart_in_customer_aisle] FORBIDDEN: (hasCart \u2227 customerShelfAisle)  where "": 2, ""[g1_no_carts_in_narrow_shelf_aisles] FORBIDDEN: (hasCart \u2227 narrowShelfAisle)  wh"": 2, ""[g1_no_cart_between_opposing_shelves] FORBIDDEN: (hasCart \u2227 betweenOpposingShelv"": 2}"
aisle,behavioural,0.1,adaptive_raw_rho0.1,20,0.9800000000000001,0.9400000000000001,1.0,0.9666666666666668,0.9,1.0,0.97,0.9099999999999999,1.0,0.4553615141665876,0.35918951111333813,0.5420996898143398,15.702797358005558,15.624337567887368,15.832822770651973,3.7,2.2,5.6,6.157894736842105,4.631578947368421,8.0,15.6,14.8,16.0,0.95,0.7,"{""[g1_no_cart_in_customer_aisle] FORBIDDEN: (hasCart \u2227 customerShelfAisle)  where "": 2, ""[g1_no_carts_in_narrow_shelf_aisles] FORBIDDEN: (hasCart \u2227 narrowShelfAisle)  wh"": 2, ""[g1_no_cart_between_opposing_shelves] FORBIDDEN: (hasCart \u2227 betweenOpposingShelv"": 2}"
aisle,behavioural,0.1,fixed,20,0.5999999999999999,0.5999999999999999,0.5999999999999999,0.3333333333333333,0.3333333333333333,0.3333333333333333,0.4000000000000001,0.4000000000000001,0.4000000000000001,0.0,0.0,0.0,16.395997497368903,16.14561859394157,16.63217982362148,0.0,0.0,0.0,,,,8.0,8.0,8.0,0.0,0.0,"{""[g0_no_cart_north_aisle] FORBIDDEN: (hasCart \u2227 (at(3,1) \u2228 at(3,2)))"": 4, ""[g0_no_cart_north_from_parking] FORBIDDEN: (at(3,3) \u2227 hasCart \u2227 N)"": 2, ""[g0_no_north_with_cart_from_3_3] FORBIDDEN: (at(3,3) \u2227 hasCart \u2227 N)"": 2}"
aisle,behavioural,0.1,oracle,20,0.99,0.97,1.0,0.9916666666666666,0.9749999999999999,1.0,1.0,1.0,1.0,0.4560297325409858,0.3606224238278293,0.5424549675262552,15.710844653065717,15.624337567887368,15.856865809877345,0.0,0.0,0.0,,,,16.0,16.0,16.0,0.0,0.7,"{""[g1_no_cart_in_customer_aisle] FORBIDDEN: (hasCart \u2227 customerShelfAisle)  where "": 2, ""[g1_no_carts_in_narrow_shelf_aisles] FORBIDDEN: (hasCart \u2227 narrowShelfAisle)  wh"": 2, ""[g1_no_cart_between_opposing_shelves] FORBIDDEN: (hasCart \u2227 betweenOpposingShelv"": 2}"
aisle,behavioural,0.1,mlci,20,0.6949999999999998,0.6849999999999998,0.6999999999999998,0.5678571428571428,0.5607142857142857,0.5714285714285714,0.4000000000000001,0.4000000000000001,0.4000000000000001,,,,,,,,,,,,,2.05,2.0,2.15,,,
aisle,behavioural,0.2,adaptive_task_q0.1,20,1.0,1.0,1.0,1.0,1.0,1.0,1.0,1.0,1.0,0.4781058121040889,0.38942619534621153,0.5512302143501565,15.663777134877455,15.624337567887366,15.718766263147177,9.0,7.05,11.15,4.05,3.55,4.6,16.0,16.0,16.0,1.0,0.7,"{""[g1_no_cart_in_customer_aisle] FORBIDDEN: (hasCart \u2227 customerShelfAisle)  where "": 2, ""[g1_no_carts_in_narrow_shelf_aisles] FORBIDDEN: (hasCart \u2227 narrowShelfAisle)  wh"": 2, ""[g1_no_cart_between_opposing_shelves] FORBIDDEN: (hasCart \u2227 betweenOpposingShelv"": 2}"
aisle,behavioural,0.2,adaptive_task_q0.05,20,1.0,1.0,1.0,1.0,1.0,1.0,1.0,1.0,1.0,0.4781058121040889,0.38942619534621153,0.5512302143501565,15.663777134877455,15.624337567887366,15.718766263147177,8.15,6.35,10.151250000000005,4.1,3.6,4.65,16.0,16.0,16.0,1.0,0.7,"{""[g1_no_cart_in_customer_aisle] FORBIDDEN: (hasCart \u2227 customerShelfAisle)  where "": 2, ""[g1_no_carts_in_narrow_shelf_aisles] FORBIDDEN: (hasCart \u2227 narrowShelfAisle)  wh"": 2, ""[g1_no_cart_between_opposing_shelves] FORBIDDEN: (hasCart \u2227 betweenOpposingShelv"": 2}"
aisle,behavioural,0.2,adaptive_task_q0.2,20,1.0,1.0,1.0,1.0,1.0,1.0,1.0,1.0,1.0,0.4781058121040889,0.38942619534621153,0.5512302143501565,15.663777134877455,15.624337567887366,15.718766263147177,9.9,7.85,12.15,4.0,3.5,4.55,16.0,16.0,16.0,1.0,0.7,"{""[g1_no_cart_in_customer_aisle] FORBIDDEN: (hasCart \u2227 customerShelfAisle)  where "": 2, ""[g1_no_carts_in_narrow_shelf_aisles] FORBIDDEN: (hasCart \u2227 narrowShelfAisle)  wh"": 2, ""[g1_no_cart_between_opposing_shelves] FORBIDDEN: (hasCart \u2227 betweenOpposingShelv"": 2}"
aisle,behavioural,0.2,adaptive_rel_q0.1,20,1.0,1.0,1.0,1.0,1.0,1.0,1.0,1.0,1.0,0.4781058121040889,0.38942619534621153,0.5512302143501565,15.663777134877455,15.624337567887366,15.718766263147177,5.75,5.0,6.5,4.05,3.6,4.55,16.0,16.0,16.0,1.0,0.7,"{""[g1_no_cart_in_customer_aisle] FORBIDDEN: (hasCart \u2227 customerShelfAisle)  where "": 2, ""[g1_no_carts_in_narrow_shelf_aisles] FORBIDDEN: (hasCart \u2227 narrowShelfAisle)  wh"": 2, ""[g1_no_cart_between_opposing_shelves] FORBIDDEN: (hasCart \u2227 betweenOpposingShelv"": 2}"
aisle,behavioural,0.2,adaptive_raw_rho0.1,20,0.9400000000000001,0.8800000000000001,1.0,0.9,0.8,1.0,0.9099999999999999,0.82,1.0,0.4023726256265953,0.2890291800072147,0.5062483410935016,15.736492072426291,15.620646470223786,15.905824076784954,4.1,2.7,5.8,5.235294117647059,4.235294117647059,6.411764705882353,14.8,13.6,16.0,0.85,0.65,"{""[g1_no_cart_in_customer_aisle] FORBIDDEN: (hasCart \u2227 customerShelfAisle)  where "": 2, ""[g1_no_carts_in_narrow_shelf_aisles] FORBIDDEN: (hasCart \u2227 narrowShelfAisle)  wh"": 2, ""[g1_no_cart_between_opposing_shelves] FORBIDDEN: (hasCart \u2227 betweenOpposingShelv"": 2}"
aisle,behavioural,0.2,fixed,20,0.5999999999999999,0.5999999999999999,0.5999999999999999,0.3333333333333333,0.3333333333333333,0.3333333333333333,0.4000000000000001,0.4000000000000001,0.4000000000000001,0.0,0.0,0.0,16.39599749736891,16.14561859394148,16.632179823621495,0.0,0.0,0.0,,,,8.0,8.0,8.0,0.0,0.0,"{""[g0_no_cart_north_aisle] FORBIDDEN: (hasCart \u2227 (at(3,1) \u2228 at(3,2)))"": 4, ""[g0_no_cart_north_from_parking] FORBIDDEN: (at(3,3) \u2227 hasCart \u2227 N)"": 2, ""[g0_no_north_with_cart_from_3_3] FORBIDDEN: (at(3,3) \u2227 hasCart \u2227 N)"": 2}"
aisle,behavioural,0.2,oracle,20,1.0,1.0,1.0,1.0,1.0,1.0,1.0,1.0,1.0,0.4781058121040889,0.38942619534621153,0.5512302143501565,15.663777134877455,15.624337567887366,15.718766263147177,0.0,0.0,0.0,,,,16.0,16.0,16.0,0.0,0.7,"{""[g1_no_cart_in_customer_aisle] FORBIDDEN: (hasCart \u2227 customerShelfAisle)  where "": 2, ""[g1_no_carts_in_narrow_shelf_aisles] FORBIDDEN: (hasCart \u2227 narrowShelfAisle)  wh"": 2, ""[g1_no_cart_between_opposing_shelves] FORBIDDEN: (hasCart \u2227 betweenOpposingShelv"": 2}"
aisle,behavioural,0.2,mlci,20,0.6949999999999998,0.6849999999999998,0.6999999999999998,0.5678571428571428,0.5607142857142857,0.5714285714285714,0.4000000000000001,0.4000000000000001,0.4000000000000001,,,,,,,,,,,,,2.05,2.0,2.15,,,
aisle,behavioural,0.3,adaptive_task_q0.1,20,1.0,1.0,1.0,1.0,1.0,1.0,1.0,1.0,1.0,0.47810581210408987,0.3894261953462122,0.5512302143501571,15.663777134877455,15.624337567887405,15.718766263147167,9.0,7.05,11.15,4.05,3.55,4.6,16.0,16.0,16.0,1.0,0.7,"{""[g1_no_cart_in_customer_aisle] FORBIDDEN: (hasCart \u2227 customerShelfAisle)  where "": 2, ""[g1_no_carts_in_narrow_shelf_aisles] FORBIDDEN: (hasCart \u2227 narrowShelfAisle)  wh"": 2, ""[g1_no_cart_between_opposing_shelves] FORBIDDEN: (hasCart \u2227 betweenOpposingShelv"": 2}"
aisle,behavioural,0.3,adaptive_task_q0.05,20,1.0,1.0,1.0,1.0,1.0,1.0,1.0,1.0,1.0,0.47810581210408987,0.3894261953462122,0.5512302143501571,15.663777134877455,15.624337567887405,15.718766263147167,8.15,6.35,10.151250000000005,4.1,3.6,4.65,16.0,16.0,16.0,1.0,0.7,"{""[g1_no_cart_in_customer_aisle] FORBIDDEN: (hasCart \u2227 customerShelfAisle)  where "": 2, ""[g1_no_carts_in_narrow_shelf_aisles] FORBIDDEN: (hasCart \u2227 narrowShelfAisle)  wh"": 2, ""[g1_no_cart_between_opposing_shelves] FORBIDDEN: (hasCart \u2227 betweenOpposingShelv"": 2}"
aisle,behavioural,0.3,adaptive_task_q0.2,20,1.0,1.0,1.0,1.0,1.0,1.0,1.0,1.0,1.0,0.47810581210408987,0.3894261953462122,0.5512302143501571,15.663777134877455,15.624337567887405,15.718766263147167,9.9,7.85,12.15,4.0,3.5,4.55,16.0,16.0,16.0,1.0,0.7,"{""[g1_no_cart_in_customer_aisle] FORBIDDEN: (hasCart \u2227 customerShelfAisle)  where "": 2, ""[g1_no_carts_in_narrow_shelf_aisles] FORBIDDEN: (hasCart \u2227 narrowShelfAisle)  wh"": 2, ""[g1_no_cart_between_opposing_shelves] FORBIDDEN: (hasCart \u2227 betweenOpposingShelv"": 2}"
aisle,behavioural,0.3,adaptive_rel_q0.1,20,1.0,1.0,1.0,1.0,1.0,1.0,1.0,1.0,1.0,0.47810581210408987,0.3894261953462122,0.5512302143501571,15.663777134877455,15.624337567887405,15.718766263147167,5.75,5.0,6.5,4.05,3.6,4.55,16.0,16.0,16.0,1.0,0.7,"{""[g1_no_cart_in_customer_aisle] FORBIDDEN: (hasCart \u2227 customerShelfAisle)  where "": 2, ""[g1_no_carts_in_narrow_shelf_aisles] FORBIDDEN: (hasCart \u2227 narrowShelfAisle)  wh"": 2, ""[g1_no_cart_between_opposing_shelves] FORBIDDEN: (hasCart \u2227 betweenOpposingShelv"": 2}"
aisle,behavioural,0.3,adaptive_raw_rho0.1,20,0.9199999999999999,0.8400000000000002,0.9800000000000001,0.8666666666666668,0.7333333333333334,0.9666666666666668,0.8800000000000001,0.76,0.97,0.372159405804588,0.26017986367623985,0.48503528602508633,15.732527522219758,15.613609863490943,15.902162548392146,4.25,2.95,5.75,5.0625,4.25,6.0,14.4,12.8,15.6,0.8,0.6,"{""[g1_no_cart_in_customer_aisle] FORBIDDEN: (hasCart \u2227 customerShelfAisle)  where "": 2, ""[g1_no_carts_in_narrow_shelf_aisles] FORBIDDEN: (hasCart \u2227 narrowShelfAisle)  wh"": 2, ""[g1_no_cart_between_opposing_shelves] FORBIDDEN: (hasCart \u2227 betweenOpposingShelv"": 2}"
aisle,behavioural,0.3,fixed,20,0.5999999999999999,0.5999999999999999,0.5999999999999999,0.3333333333333333,0.3333333333333333,0.3333333333333333,0.4000000000000001,0.4000000000000001,0.4000000000000001,0.0,0.0,0.0,16.39599749736894,16.145618593941478,16.632179823621556,0.0,0.0,0.0,,,,8.0,8.0,8.0,0.0,0.0,"{""[g0_no_cart_north_aisle] FORBIDDEN: (hasCart \u2227 (at(3,1) \u2228 at(3,2)))"": 4, ""[g0_no_cart_north_from_parking] FORBIDDEN: (at(3,3) \u2227 hasCart \u2227 N)"": 2, ""[g0_no_north_with_cart_from_3_3] FORBIDDEN: (at(3,3) \u2227 hasCart \u2227 N)"": 2}"
aisle,behavioural,0.3,oracle,20,1.0,1.0,1.0,1.0,1.0,1.0,1.0,1.0,1.0,0.47810581210408987,0.3894261953462122,0.5512302143501571,15.663777134877455,15.624337567887405,15.718766263147167,0.0,0.0,0.0,,,,16.0,16.0,16.0,0.0,0.7,"{""[g1_no_cart_in_customer_aisle] FORBIDDEN: (hasCart \u2227 customerShelfAisle)  where "": 2, ""[g1_no_carts_in_narrow_shelf_aisles] FORBIDDEN: (hasCart \u2227 narrowShelfAisle)  wh"": 2, ""[g1_no_cart_between_opposing_shelves] FORBIDDEN: (hasCart \u2227 betweenOpposingShelv"": 2}"
aisle,behavioural,0.3,mlci,20,0.6949999999999998,0.6849999999999998,0.6999999999999998,0.5678571428571428,0.5607142857142857,0.5714285714285714,0.4000000000000001,0.4000000000000001,0.4000000000000001,,,,,,,,,,,,,2.05,2.0,2.15,,,
aisle,violation,0.0,adaptive_task_q0.1,20,0.99,0.97,1.0,0.9916666666666666,0.9749999999999999,1.0,1.0,1.0,1.0,0.4560297325409846,0.3606224238278316,0.5424549675262547,15.710844653065697,15.624337567887315,15.856865809877391,9.0,7.05,11.15,4.05,3.55,4.6,16.0,16.0,16.0,1.0,0.7,"{""[g1_no_cart_in_customer_aisle] FORBIDDEN: (hasCart \u2227 customerShelfAisle)  where "": 2, ""[g1_no_carts_in_narrow_shelf_aisles] FORBIDDEN: (hasCart \u2227 narrowShelfAisle)  wh"": 2, ""[g1_no_cart_between_opposing_shelves] FORBIDDEN: (hasCart \u2227 betweenOpposingShelv"": 2}"
aisle,violation,0.0,adaptive_task_q0.05,20,0.99,0.97,1.0,0.9916666666666666,0.9749999999999999,1.0,1.0,1.0,1.0,0.4560297325409846,0.3606224238278316,0.5424549675262547,15.710844653065697,15.624337567887315,15.856865809877391,8.15,6.35,10.151250000000005,4.1,3.6,4.65,16.0,16.0,16.0,1.0,0.7,"{""[g1_no_cart_in_customer_aisle] FORBIDDEN: (hasCart \u2227 customerShelfAisle)  where "": 2, ""[g1_no_carts_in_narrow_shelf_aisles] FORBIDDEN: (hasCart \u2227 narrowShelfAisle)  wh"": 2, ""[g1_no_cart_between_opposing_shelves] FORBIDDEN: (hasCart \u2227 betweenOpposingShelv"": 2}"
aisle,violation,0.0,adaptive_task_q0.2,20,0.99,0.97,1.0,0.9916666666666666,0.9749999999999999,1.0,1.0,1.0,1.0,0.4560297325409846,0.3606224238278316,0.5424549675262547,15.710844653065697,15.624337567887315,15.856865809877391,9.9,7.85,12.15,4.0,3.5,4.55,16.0,16.0,16.0,1.0,0.7,"{""[g1_no_cart_in_customer_aisle] FORBIDDEN: (hasCart \u2227 customerShelfAisle)  where "": 2, ""[g1_no_carts_in_narrow_shelf_aisles] FORBIDDEN: (hasCart \u2227 narrowShelfAisle)  wh"": 2, ""[g1_no_cart_between_opposing_shelves] FORBIDDEN: (hasCart \u2227 betweenOpposingShelv"": 2}"
aisle,violation,0.0,adaptive_rel_q0.1,20,0.97,0.9200000000000002,1.0,0.9583333333333334,0.8833333333333334,1.0,0.97,0.9099999999999999,1.0,0.4340033138174572,0.33225674690111734,0.5287575407080864,15.706352759500959,15.616343854705882,15.852373916312652,5.35,4.4,6.2,4.105263157894737,3.6315789473684212,4.631578947368421,15.6,14.8,16.0,0.95,0.7,"{""[g1_no_cart_in_customer_aisle] FORBIDDEN: (hasCart \u2227 customerShelfAisle)  where "": 2, ""[g1_no_carts_in_narrow_shelf_aisles] FORBIDDEN: (hasCart \u2227 narrowShelfAisle)  wh"": 2, ""[g1_no_cart_between_opposing_shelves] FORBIDDEN: (hasCart \u2227 betweenOpposingShelv"": 2}"
aisle,violation,0.0,adaptive_raw_rho0.1,20,0.82,0.74,0.9000000000000001,0.7,0.5666666666666668,0.8333333333333334,0.73,0.6100000000000001,0.85,0.27161256798251193,0.1498662191895173,0.39850967907161056,15.94928830621466,15.723784187442604,16.186152419788087,2.15,0.5,4.1512500000000045,4.181818181818182,3.5454545454545454,4.818181818181818,12.4,10.8,14.0,0.55,0.45,"{""[g0_no_cart_north_from_parking] FORBIDDEN: (at(3,3) \u2227 hasCart \u2227 N)"": 2, ""[g0_no_cart_north_aisle] FORBIDDEN: (hasCart \u2227 (at(3,1) \u2228 at(3,2)))"": 2, ""[g0_park_cart_before_north_aisle] FORBIDDEN: (N \u2227 at(3,3) \u2227 hasCart)"": 2}"
aisle,violation,0.0,fixed,20,0.5999999999999999,0.5999999999999999,0.5999999999999999,0.3333333333333333,0.3333333333333333,0.3333333333333333,0.4000000000000001,0.4000000000000001,0.4000000000000001,0.0,0.0,0.0,16.39599749736888,16.145618593941514,16.6321798236214,0.0,0.0,0.0,,,,8.0,8.0,8.0,0.0,0.0,"{""[g0_no_cart_north_aisle] FORBIDDEN: (hasCart \u2227 (at(3,1) \u2228 at(3,2)))"": 4, ""[g0_no_cart_north_from_parking] FORBIDDEN: (at(3,3) \u2227 hasCart \u2227 N)"": 2, ""[g0_no_north_with_cart_from_3_3] FORBIDDEN: (at(3,3) \u2227 hasCart \u2227 N)"": 2}"
aisle,violation,0.0,oracle,20,0.99,0.97,1.0,0.9916666666666666,0.9749999999999999,1.0,1.0,1.0,1.0,0.4560297325409846,0.3606224238278316,0.5424549675262547,15.710844653065697,15.624337567887315,15.856865809877391,0.0,0.0,0.0,,,,16.0,16.0,16.0,0.0,0.7,"{""[g1_no_cart_in_customer_aisle] FORBIDDEN: (hasCart \u2227 customerShelfAisle)  where "": 2, ""[g1_no_carts_in_narrow_shelf_aisles] FORBIDDEN: (hasCart \u2227 narrowShelfAisle)  wh"": 2, ""[g1_no_cart_between_opposing_shelves] FORBIDDEN: (hasCart \u2227 betweenOpposingShelv"": 2}"
aisle,violation,0.0,mlci,20,0.595,0.5849999999999999,0.5999999999999999,0.49722222222222223,0.4916666666666667,0.5,0.4000000000000001,0.4000000000000001,0.4000000000000001,,,,,,,,,,,,,3.05,3.0,3.15,,,
aisle,violation,0.05,adaptive_task_q0.1,20,0.99,0.97,1.0,0.9916666666666666,0.9749999999999999,1.0,1.0,1.0,1.0,0.2691784203219122,0.18432236675605432,0.35825362276034156,2.842555964710807,2.3572313657683153,3.286217815546822,9.05,7.35,10.95,4.1,3.55,4.7,16.0,16.0,16.0,1.0,0.15,"{""[g1_no_cart_entry_to_customer_aisle] FORBIDDEN: enterCustomerShelfAisleWithCart "": 2, ""[g1_narrow_aisle_items_cartless] FORBIDDEN: (takeItemInNarrowAisle \u2227 hasCart)  w"": 2, ""[g1_narrow_shelf_items_on_foot] FORBIDDEN: (hasCart \u2227 shelfInteractionInSingleFi"": 2}"
aisle,violation,0.05,adaptive_task_q0.05,20,0.99,0.97,1.0,0.9916666666666666,0.9749999999999999,1.0,1.0,1.0,1.0,0.2691784203219122,0.18432236675605432,0.35825362276034156,2.842555964710807,2.3572313657683153,3.286217815546822,8.25,6.55,10.05,4.15,3.6,4.75,16.0,16.0,16.0,1.0,0.15,"{""[g1_no_cart_entry_to_customer_aisle] FORBIDDEN: enterCustomerShelfAisleWithCart "": 2, ""[g1_narrow_aisle_items_cartless] FORBIDDEN: (takeItemInNarrowAisle \u2227 hasCart)  w"": 2, ""[g1_narrow_shelf_items_on_foot] FORBIDDEN: (hasCart \u2227 shelfInteractionInSingleFi"": 2}"
aisle,violation,0.05,adaptive_task_q0.2,20,0.99,0.97,1.0,0.9916666666666666,0.9749999999999999,1.0,1.0,1.0,1.0,0.2691784203219122,0.18432236675605432,0.35825362276034156,2.842555964710807,2.3572313657683153,3.286217815546822,10.3,8.4,12.35,4.05,3.5,4.65,16.0,16.0,16.0,1.0,0.15,"{""[g1_no_cart_entry_to_customer_aisle] FORBIDDEN: enterCustomerShelfAisleWithCart "": 2, ""[g1_narrow_aisle_items_cartless] FORBIDDEN: (takeItemInNarrowAisle \u2227 hasCart)  w"": 2, ""[g1_narrow_shelf_items_on_foot] FORBIDDEN: (hasCart \u2227 shelfInteractionInSingleFi"": 2}"
aisle,violation,0.05,adaptive_rel_q0.1,20,0.97,0.9200000000000002,1.0,0.9583333333333334,0.8833333333333334,1.0,0.97,0.9099999999999999,1.0,0.2577491990776839,0.16865590567840655,0.3517700485552776,3.4464183381560276,2.447122499762241,4.951406258161251,5.8,4.9,6.55,4.105263157894737,3.6315789473684212,4.631578947368421,15.6,14.8,16.0,0.95,0.15,"{""[g1_no_cart_entry_to_customer_aisle] FORBIDDEN: enterCustomerShelfAisleWithCart "": 2, ""[g1_narrow_aisle_items_cartless] FORBIDDEN: (takeItemInNarrowAisle \u2227 hasCart)  w"": 2, ""[g1_narrow_shelf_items_on_foot] FORBIDDEN: (hasCart \u2227 shelfInteractionInSingleFi"": 2}"
aisle,violation,0.05,adaptive_raw_rho0.1,20,0.8,0.72,0.8800000000000001,0.6666666666666667,0.5333333333333334,0.8,0.7,0.5800000000000001,0.82,0.12266409564232846,0.0517339162577212,0.20559162403643536,5.53658647659121,3.4352051462336872,8.125732079540205,2.5,0.8,4.6,4.0,3.4,4.7,12.0,10.4,13.6,0.5,0.05,"{""[g0_no_cart_north_from_parking] FORBIDDEN: (at(3,3) \u2227 hasCart \u2227 N)"": 2, ""[g0_no_cart_north_aisle] FORBIDDEN: (hasCart \u2227 (at(3,1) \u2228 at(3,2)))"": 2, ""[g0_park_cart_before_north_aisle] FORBIDDEN: (N \u2227 at(3,3) \u2227 hasCart)"": 2}"
aisle,violation,0.05,fixed,20,0.5999999999999999,0.5999999999999999,0.5999999999999999,0.3333333333333333,0.3333333333333333,0.3333333333333333,0.4000000000000001,0.4000000000000001,0.4000000000000001,0.0,0.0,0.0,7.444360012889763,4.665575243738585,10.338535997992322,0.0,0.0,0.0,,,,8.0,8.0,8.0,0.0,0.0,"{""[g0_no_cart_north_aisle] FORBIDDEN: (hasCart \u2227 (at(3,1) \u2228 at(3,2)))"": 4, ""[g0_no_cart_north_from_parking] FORBIDDEN: (at(3,3) \u2227 hasCart \u2227 N)"": 2, ""[g0_no_north_with_cart_from_3_3] FORBIDDEN: (at(3,3) \u2227 hasCart \u2227 N)"": 2}"
aisle,violation,0.05,oracle,20,0.99,0.97,1.0,0.9916666666666666,0.9749999999999999,1.0,1.0,1.0,1.0,0.2691784203219122,0.18432236675605432,0.35825362276034156,2.842555964710807,2.3572313657683153,3.286217815546822,0.0,0.0,0.0,,,,16.0,16.0,16.0,0.0,0.15,"{""[g1_no_cart_entry_to_customer_aisle] FORBIDDEN: enterCustomerShelfAisleWithCart "": 2, ""[g1_narrow_aisle_items_cartless] FORBIDDEN: (takeItemInNarrowAisle \u2227 hasCart)  w"": 2, ""[g1_narrow_shelf_items_on_foot] FORBIDDEN: (hasCart \u2227 shelfInteractionInSingleFi"": 2}"
aisle,violation,0.05,mlci,20,0.47000000000000003,0.45,0.49000000000000005,0.2125,0.15535714285714286,0.2571428571428572,0.4000000000000001,0.4000000000000001,0.4000000000000001,,,,,,,,,,,,,1.8,1.55,2.0,,,
aisle,violation,0.1,adaptive_task_q0.1,20,0.99,0.97,1.0,0.9916666666666666,0.9749999999999999,1.0,1.0,1.0,1.0,0.13338063699078803,0.08860065479707528,0.1802181434794867,2.468917411113948,2.0808329374641135,2.817399142018307,8.95,7.25,10.8,4.1,3.55,4.7,16.0,16.0,16.0,1.0,0.0,"{""[g1_no_cart_entry_to_customer_aisle] FORBIDDEN: enterCustomerShelfAisleWithCart "": 2, ""[g1_narrow_aisle_items_cartless] FORBIDDEN: (takeItemInNarrowAisle \u2227 hasCart)  w"": 2, ""[g1_narrow_shelf_items_on_foot] FORBIDDEN: (hasCart \u2227 shelfInteractionInSingleFi"": 2}"
aisle,violation,0.1,adaptive_task_q0.05,20,0.99,0.97,1.0,0.9916666666666666,0.9749999999999999,1.0,1.0,1.0,1.0,0.13338063699078803,0.08860065479707528,0.1802181434794867,2.468917411113948,2.0808329374641135,2.817399142018307,8.4,6.8,10.15,4.15,3.6,4.75,16.0,16.0,16.0,1.0,0.0,"{""[g1_no_cart_entry_to_customer_aisle] FORBIDDEN: enterCustomerShelfAisleWithCart "": 2, ""[g1_narrow_aisle_items_cartless] FORBIDDEN: (takeItemInNarrowAisle \u2227 hasCart)  w"": 2, ""[g1_narrow_shelf_items_on_foot] FORBIDDEN: (hasCart \u2227 shelfInteractionInSingleFi"": 2}"
aisle,violation,0.1,adaptive_task_q0.2,20,0.99,0.97,1.0,0.9916666666666666,0.9749999999999999,1.0,1.0,1.0,1.0,0.13338063699078803,0.08860065479707528,0.1802181434794867,2.468917411113948,2.0808329374641135,2.817399142018307,10.2,8.45,12.05,4.05,3.5,4.65,16.0,16.0,16.0,1.0,0.0,"{""[g1_no_cart_entry_to_customer_aisle] FORBIDDEN: enterCustomerShelfAisleWithCart "": 2, ""[g1_narrow_aisle_items_cartless] FORBIDDEN: (takeItemInNarrowAisle \u2227 hasCart)  w"": 2, ""[g1_narrow_shelf_items_on_foot] FORBIDDEN: (hasCart \u2227 shelfInteractionInSingleFi"": 2}"
aisle,violation,0.1,adaptive_rel_q0.1,20,0.97,0.9200000000000002,1.0,0.9583333333333334,0.8833333333333334,1.0,0.97,0.9099999999999999,1.0,0.12873587186534205,0.08262169056451317,0.17737511871443412,3.0978663099719332,2.156924238522666,4.604988557775416,6.3,5.15,7.25,4.421052631578948,3.6842105263157894,5.315789473684211,15.6,14.8,16.0,0.95,0.0,"{""[g1_no_cart_entry_to_customer_aisle] FORBIDDEN: enterCustomerShelfAisleWithCart "": 2, ""[g1_narrow_aisle_items_cartless] FORBIDDEN: (takeItemInNarrowAisle \u2227 hasCart)  w"": 2, ""[g1_narrow_shelf_items_on_foot] FORBIDDEN: (hasCart \u2227 shelfInteractionInSingleFi"": 2}"
aisle,violation,0.1,adaptive_raw_rho0.1,20,0.8,0.72,0.8800000000000001,0.6666666666666667,0.5333333333333334,0.8,0.7,0.5800000000000001,0.82,0.05819383145458208,0.02077647106365897,0.1047780072255586,3.0514718206080143,2.0704044986955537,4.563626963457109,2.7,1.0,4.8,3.9,3.2,4.6,12.0,10.4,13.6,0.5,0.0,"{""[g0_no_cart_north_aisle] FORBIDDEN: (hasCart \u2227 (at(3,1) \u2228 at(3,2)))"": 3, ""[g0_park_cart_before_north_aisle] FORBIDDEN: (N \u2227 at(3,3) \u2227 hasCart)"": 2, ""[g1_no_collect_with_cart_in_single_file] FORBIDDEN: (single_file_shelf_aisle \u2227 h"": 2}"
aisle,violation,0.1,fixed,20,0.5999999999999999,0.5999999999999999,0.5999999999999999,0.3333333333333333,0.3333333333333333,0.3333333333333333,0.4000000000000001,0.4000000000000001,0.4000000000000001,0.0,0.0,0.0,3.7780861738302,2.1795073475049183,5.900410596340991,0.0,0.0,0.0,,,,8.0,8.0,8.0,0.0,0.0,"{""[g0_no_cart_north_aisle] FORBIDDEN: (hasCart \u2227 (at(3,1) \u2228 at(3,2)))"": 4, ""[g0_no_cart_north_from_parking] FORBIDDEN: (at(3,3) \u2227 hasCart \u2227 N)"": 2, ""[g0_no_north_with_cart_from_3_3] FORBIDDEN: (at(3,3) \u2227 hasCart \u2227 N)"": 2}"
aisle,violation,0.1,oracle,20,0.99,0.97,1.0,0.9916666666666666,0.9749999999999999,1.0,1.0,1.0,1.0,0.13338063699078803,0.08860065479707528,0.1802181434794867,2.468917411113948,2.0808329374641135,2.817399142018307,0.0,0.0,0.0,,,,16.0,16.0,16.0,0.0,0.0,"{""[g1_no_cart_entry_to_customer_aisle] FORBIDDEN: enterCustomerShelfAisleWithCart "": 2, ""[g1_narrow_aisle_items_cartless] FORBIDDEN: (takeItemInNarrowAisle \u2227 hasCart)  w"": 2, ""[g1_narrow_shelf_items_on_foot] FORBIDDEN: (hasCart \u2227 shelfInteractionInSingleFi"": 2}"
aisle,violation,0.1,mlci,20,0.43000000000000005,0.4050000000000001,0.45500000000000007,0.10000000000000002,0.04285714285714286,0.15714285714285717,0.4000000000000001,0.4000000000000001,0.4000000000000001,,,,,,,,,,,,,1.4,1.2,1.6,,,
aisle,violation,0.2,adaptive_task_q0.1,20,1.0,1.0,1.0,1.0,1.0,1.0,1.0,1.0,1.0,0.3551632727985112,0.22283181364366472,0.4982209825150407,1.818928100720645,1.4305003133990477,2.190981793344185,8.65,7.0,10.45,4.1,3.55,4.7,16.0,16.0,16.0,1.0,0.25,"{""[g1_narrow_aisle_items_cartless] FORBIDDEN: (takeItemInNarrowAisle \u2227 hasCart)  w"": 2, ""[g1_canyon_pickups_on_foot] FORBIDDEN: (hasCart \u2227 INTERACT \u2227 shelf_canyon)  wher"": 2, ""[g1_no_cart_in_single_file_shelf_aisle] FORBIDDEN: (hasCart \u2227 singleFileShelfAis"": 2}"
aisle,violation,0.2,adaptive_task_q0.05,20,1.0,1.0,1.0,1.0,1.0,1.0,1.0,1.0,1.0,0.3551632727985112,0.22283181364366472,0.4982209825150407,1.818928100720645,1.4305003133990477,2.190981793344185,8.3,6.7,10.05,4.25,3.65,4.95,16.0,16.0,16.0,1.0,0.25,"{""[g1_narrow_aisle_items_cartless] FORBIDDEN: (takeItemInNarrowAisle \u2227 hasCart)  w"": 2, ""[g1_canyon_pickups_on_foot] FORBIDDEN: (hasCart \u2227 INTERACT \u2227 shelf_canyon)  wher"": 2, ""[g1_no_cart_in_single_file_shelf_aisle] FORBIDDEN: (hasCart \u2227 singleFileShelfAis"": 2}"
aisle,violation,0.2,adaptive_task_q0.2,20,1.0,1.0,1.0,1.0,1.0,1.0,1.0,1.0,1.0,0.3551632727985112,0.22283181364366472,0.4982209825150407,1.818928100720645,1.4305003133990477,2.190981793344185,9.45,7.85,11.15,4.1,3.55,4.7,16.0,16.0,16.0,1.0,0.25,"{""[g1_narrow_aisle_items_cartless] FORBIDDEN: (takeItemInNarrowAisle \u2227 hasCart)  w"": 2, ""[g1_canyon_pickups_on_foot] FORBIDDEN: (hasCart \u2227 INTERACT \u2227 shelf_canyon)  wher"": 2, ""[g1_no_cart_in_single_file_shelf_aisle] FORBIDDEN: (hasCart \u2227 singleFileShelfAis"": 2}"
aisle,violation,0.2,adaptive_rel_q0.1,20,0.9400000000000001,0.8800000000000001,1.0,0.9,0.8,1.0,0.9099999999999999,0.82,1.0,0.31970665297532935,0.17952842648736175,0.4760705755800129,1.8192203251702637,1.4062829098938212,2.2026182244274755,7.1,5.3,8.85,4.588235294117647,3.5294117647058822,6.236764705882359,14.8,13.6,16.0,0.85,0.25,"{""[g1_narrow_aisle_items_cartless] FORBIDDEN: (takeItemInNarrowAisle \u2227 hasCart)  w"": 2, ""[g1_canyon_pickups_on_foot] FORBIDDEN: (hasCart \u2227 INTERACT \u2227 shelf_canyon)  wher"": 2, ""[g1_no_cart_in_single_file_shelf_aisle] FORBIDDEN: (hasCart \u2227 singleFileShelfAis"": 2}"
aisle,violation,0.2,adaptive_raw_rho0.1,20,0.8,0.72,0.8800000000000001,0.6666666666666667,0.5333333333333334,0.8,0.7,0.5800000000000001,0.82,0.16881726109233705,0.05848441242240259,0.3072518701297338,1.8820363345326072,1.4708142689026846,2.242214218915317,2.2,0.75,4.15,3.6,3.0,4.2,12.0,10.4,13.6,0.5,0.1,"{""[g0_no_cart_north_aisle] FORBIDDEN: (hasCart \u2227 (at(3,1) \u2228 at(3,2)))"": 2, ""[g0_no_north_with_cart_from_3_3] FORBIDDEN: (at(3,3) \u2227 hasCart \u2227 N)"": 2, ""[g1_no_collect_with_cart_in_single_file] FORBIDDEN: (single_file_shelf_aisle \u2227 h"": 2}"
aisle,violation,0.2,fixed,20,0.5999999999999999,0.5999999999999999,0.5999999999999999,0.3333333333333333,0.3333333333333333,0.3333333333333333,0.4000000000000001,0.4000000000000001,0.4000000000000001,0.0,0.0,0.0,1.9387909531329899,1.5001971927107312,2.340613025890284,0.0,0.0,0.0,,,,8.0,8.0,8.0,0.0,0.0,"{""[g0_no_cart_north_aisle] FORBIDDEN: (hasCart \u2227 (at(3,1) \u2228 at(3,2)))"": 4, ""[g0_no_cart_north_from_parking] FORBIDDEN: (at(3,3) \u2227 hasCart \u2227 N)"": 2, ""[g0_no_north_with_cart_from_3_3] FORBIDDEN: (at(3,3) \u2227 hasCart \u2227 N)"": 2}"
aisle,violation,0.2,oracle,20,1.0,1.0,1.0,1.0,1.0,1.0,1.0,1.0,1.0,0.3551632727985112,0.22283181364366472,0.4982209825150407,1.818928100720645,1.4305003133990477,2.190981793344185,0.0,0.0,0.0,,,,16.0,16.0,16.0,0.0,0.25,"{""[g1_narrow_aisle_items_cartless] FORBIDDEN: (takeItemInNarrowAisle \u2227 hasCart)  w"": 2, ""[g1_canyon_pickups_on_foot] FORBIDDEN: (hasCart \u2227 INTERACT \u2227 shelf_canyon)  wher"": 2, ""[g1_no_cart_in_single_file_shelf_aisle] FORBIDDEN: (hasCart \u2227 singleFileShelfAis"": 2}"
aisle,violation,0.2,mlci,20,0.4050000000000001,0.4000000000000001,0.41500000000000015,0.014285714285714287,0.0,0.04285714285714286,0.4000000000000001,0.4000000000000001,0.4000000000000001,,,,,,,,,,,,,1.1,1.0,1.25,,,
aisle,violation,0.3,adaptive_task_q0.1,20,1.0,1.0,1.0,1.0,1.0,1.0,1.0,1.0,1.0,0.5501677149654682,0.40188847840485065,0.6829820985253586,1.0238023445863276,0.6756191211616763,1.3769404619624892,8.65,7.05,10.3,4.4,3.7,5.2,16.0,16.0,16.0,1.0,0.65,"{""[g1_no_cart_item_pick_in_customer_aisle] FORBIDDEN: cartItemInteractionInCustome"": 2, ""[g1_no_carts_in_narrow_shelf_aisles] FORBIDDEN: (hasCart \u2227 narrowShelfAisle)  wh"": 2, ""[g1_no_cart_in_single_file_shelf_aisle] FORBIDDEN: (hasCart \u2227 singleFileShelfAis"": 2}"
aisle,violation,0.3,adaptive_task_q0.05,20,1.0,1.0,1.0,1.0,1.0,1.0,1.0,1.0,1.0,0.5501677149654682,0.40188847840485065,0.6829820985253586,1.0238023445863276,0.6756191211616763,1.3769404619624892,8.0,6.5,9.65,4.5,3.75,5.35,16.0,16.0,16.0,1.0,0.65,"{""[g1_no_cart_item_pick_in_customer_aisle] FORBIDDEN: cartItemInteractionInCustome"": 2, ""[g1_no_carts_in_narrow_shelf_aisles] FORBIDDEN: (hasCart \u2227 narrowShelfAisle)  wh"": 2, ""[g1_no_cart_in_single_file_shelf_aisle] FORBIDDEN: (hasCart \u2227 singleFileShelfAis"": 2}"
aisle,violation,0.3,adaptive_task_q0.2,20,1.0,1.0,1.0,1.0,1.0,1.0,1.0,1.0,1.0,0.5501677149654682,0.40188847840485065,0.6829820985253586,1.0238023445863276,0.6756191211616763,1.3769404619624892,9.7,7.99875,11.5,4.25,3.65,4.95,16.0,16.0,16.0,1.0,0.65,"{""[g1_no_cart_item_pick_in_customer_aisle] FORBIDDEN: cartItemInteractionInCustome"": 2, ""[g1_no_carts_in_narrow_shelf_aisles] FORBIDDEN: (hasCart \u2227 narrowShelfAisle)  wh"": 2, ""[g1_no_cart_in_single_file_shelf_aisle] FORBIDDEN: (hasCart \u2227 singleFileShelfAis"": 2}"
aisle,violation,0.3,adaptive_rel_q0.1,20,0.96,0.9,1.0,0.9333333333333333,0.8333333333333334,1.0,0.9400000000000001,0.85,1.0,0.45274067522215977,0.31170083837362006,0.6044080886639502,1.1215423086388767,0.7631373323086437,1.4832742001410228,6.8,5.05,8.45,5.777777777777778,4.055555555555555,7.888888888888889,15.2,14.0,16.0,0.9,0.55,"{""[g1_no_cart_item_pick_in_customer_aisle] FORBIDDEN: cartItemInteractionInCustome"": 2, ""[g1_no_carts_in_narrow_shelf_aisles] FORBIDDEN: (hasCart \u2227 narrowShelfAisle)  wh"": 2, ""[g1_no_cart_single_file_shelf_aisle] FORBIDDEN: (hasCart \u2227 singleFileShelfAisle)"": 2}"
aisle,violation,0.3,adaptive_raw_rho0.1,20,0.78,0.7,0.8600000000000001,0.6333333333333334,0.5000000000000001,0.7666666666666668,0.67,0.55,0.79,0.293277330044772,0.13602009663156778,0.4689697251716431,1.4204781270152385,1.0217628549264894,1.7972308601041256,1.5,0.5,3.05,4.777777777777778,3.2222222222222223,6.666666666666667,11.6,10.0,13.2,0.45,0.35,"{""[g0_no_cart_north_aisle] FORBIDDEN: (hasCart \u2227 (at(3,1) \u2228 at(3,2)))"": 2, ""[g0_no_north_with_cart_from_3_3] FORBIDDEN: (at(3,3) \u2227 hasCart \u2227 N)"": 2, ""[g0_no_cart_north_from_3_3] FORBIDDEN: (at(3,3) \u2227 hasCart \u2227 N)"": 2}"
aisle,violation,0.3,fixed,20,0.595,0.5849999999999999,0.5999999999999999,0.3166666666666666,0.2833333333333333,0.3333333333333333,0.4000000000000001,0.4000000000000001,0.4000000000000001,0.0,0.0,0.0,2.412149538715399,1.4873606252536193,3.896186142701703,0.0,0.0,0.0,,,,8.0,8.0,8.0,0.0,0.0,"{""[g0_no_cart_north_aisle] FORBIDDEN: (hasCart \u2227 (at(3,1) \u2228 at(3,2)))"": 3, ""[g0_no_cart_north_from_parking] FORBIDDEN: (at(3,3) \u2227 hasCart \u2227 N)"": 2, ""[g0_no_north_with_cart_from_3_3] FORBIDDEN: (at(3,3) \u2227 hasCart \u2227 N)"": 2}"
aisle,violation,0.3,oracle,20,1.0,1.0,1.0,1.0,1.0,1.0,1.0,1.0,1.0,0.5501677149654682,0.40188847840485065,0.6829820985253586,1.0238023445863276,0.6756191211616763,1.3769404619624892,0.0,0.0,0.0,,,,16.0,16.0,16.0,0.0,0.65,"{""[g1_no_cart_item_pick_in_customer_aisle] FORBIDDEN: cartItemInteractionInCustome"": 2, ""[g1_no_carts_in_narrow_shelf_aisles] FORBIDDEN: (hasCart \u2227 narrowShelfAisle)  wh"": 2, ""[g1_no_cart_in_single_file_shelf_aisle] FORBIDDEN: (hasCart \u2227 singleFileShelfAis"": 2}"
aisle,violation,0.3,mlci,20,0.4000000000000001,0.4000000000000001,0.4000000000000001,0.0,0.0,0.0,0.4000000000000001,0.4000000000000001,0.4000000000000001,,,,,,,,,,,,,1.1,1.0,1.25,,,
