domain,statistic,category,n_demos,mean_standardised_score,mean
cart,raw,clean,2556,"0.00 [-0.00, 0.00]",1.7288669452780772e-17
cart,raw,behavioural (compliant),242,"-6.55 [-7.39, -5.67]",-6.550352368782319
cart,raw,norm-violating,242,"1.38 [1.02, 1.73]",1.3776497549614055
cart,task,clean,2556,"0.00 [-0.00, 0.00]",5.309976521572727e-16
cart,task,behavioural (compliant),242,"-0.02 [-0.36, 0.29]",-0.015224505665152932
cart,task,norm-violating,242,"-7.19 [-8.35, -5.98]",-7.185321003135184
cart,rel,clean,2556,"-0.00 [-0.00, 0.00]",-3.2716132828732434e-16
cart,rel,behavioural (compliant),242,"0.00 [-0.26, 0.24]",0.0030105772666300435
cart,rel,norm-violating,242,"-21.08 [-24.24, -17.84]",-21.07839366695515
cart,adaptive_task_q0.1 firing rate,clean,2780,"0.31 [0.19, 0.44]",0.309680497137688
cart,adaptive_task_q0.1 firing rate,behavioural (compliant),230,"0.28 [0.15, 0.41]",0.27617132867132865
cart,adaptive_task_q0.1 firing rate,norm-violating,230,"0.85 [0.74, 0.94]",0.8489364801864803
cart,adaptive_rel_q0.1 firing rate,clean,2780,"0.30 [0.19, 0.42]",0.29876224641836313
cart,adaptive_rel_q0.1 firing rate,behavioural (compliant),230,"0.30 [0.18, 0.44]",0.3042890442890443
cart,adaptive_rel_q0.1 firing rate,norm-violating,230,"0.88 [0.78, 0.96]",0.876308275058275
cart,adaptive_raw_rho0.1 firing rate,clean,2780,"0.09 [0.04, 0.15]",0.08536686867282713
cart,adaptive_raw_rho0.1 firing rate,behavioural (compliant),230,"0.78 [0.66, 0.89]",0.7798601398601398
cart,adaptive_raw_rho0.1 firing rate,norm-violating,230,"0.14 [0.06, 0.21]",0.13537587412587412
aisle,raw,clean,2556,"0.00 [-0.00, 0.00]",1.3384152767849508e-17
aisle,raw,behavioural (compliant),242,"-8.80 [-9.83, -7.74]",-8.800441391207146
aisle,raw,norm-violating,242,"-0.27 [-0.37, -0.18]",-0.26932517385016275
aisle,task,clean,2556,"-0.00 [-0.00, 0.00]",-1.840375324269269e-17
aisle,task,behavioural (compliant),242,"-0.11 [-0.37, 0.17]",-0.10515343631404277
aisle,task,norm-violating,242,"0.35 [0.20, 0.51]",0.35080359292380786
aisle,rel,clean,2556,"0.00 [-0.00, 0.00]",4.843221560201557e-18
aisle,rel,behavioural (compliant),242,"-0.03 [-0.33, 0.33]",-0.027023726163453405
aisle,rel,norm-violating,242,"-1.63 [-1.84, -1.41]",-1.631060898674761
aisle,adaptive_task_q0.1 firing rate,clean,2792,"0.48 [0.39, 0.58]",0.48001978087622066
aisle,adaptive_task_q0.1 firing rate,behavioural (compliant),224,"0.51 [0.35, 0.66]",0.5056721056721056
aisle,adaptive_task_q0.1 firing rate,norm-violating,224,"0.69 [0.55, 0.82]",0.6887626262626263
aisle,adaptive_rel_q0.1 firing rate,clean,2792,"0.29 [0.24, 0.33]",0.2886290962598552
aisle,adaptive_rel_q0.1 firing rate,behavioural (compliant),224,"0.34 [0.23, 0.45]",0.34104506604506607
aisle,adaptive_rel_q0.1 firing rate,norm-violating,224,"0.84 [0.71, 0.95]",0.8427020202020202
aisle,adaptive_raw_rho0.1 firing rate,clean,2792,"0.11 [0.03, 0.20]",0.10639710921110637
aisle,adaptive_raw_rho0.1 firing rate,behavioural (compliant),224,"0.79 [0.66, 0.91]",0.7930050505050505
aisle,adaptive_raw_rho0.1 firing rate,norm-violating,224,"0.19 [0.09, 0.31]",0.190499222999223
