sequence,t,demo,demo_context,P_intended,P_alternative,P_others,entropy,log_posterior_odds_int_vs_alt,log_bayes_factor_int_vs_alt,map_id,accuracy,violation_f1,seed,context_items,context_cart
active,6,D6,"bread | cart=(3, 1)",0.9999999488862823,4.7890847858777274e-08,3.2228698440558545e-09,9.212991816779104e-07,16.85434136733802,18.854341367338023,H_int,1.0,1.0,,bread,"parked(3, 1)"
random_any,6,D6,"bread+milk | cart=(9, 4)",0.22308087447792255,0.7396477070611049,0.03727141846097248,0.6803398860028037,-1.1986396297680875,0.8013603702319188,A0_any_to_last,0.8,0.8,0,bread+milk,"parked(9, 4)"
random_any,6,D6,"bread+milk | cart=(3, 1)",0.22308087406042396,0.739647707288646,0.03727141865092998,0.6803398860699414,-1.198639631947234,0.8013603680527694,A0_any_to_last,0.8,0.8,1,bread+milk,"parked(3, 1)"
random_any,6,D6,"apple+milk | cart=(7, 5)",0.22308087516285013,0.7396477066877948,0.037271418149355084,0.6803398858926669,-1.1986396261930632,0.8013603738069435,A0_any_to_last,0.8,0.8,2,apple+milk,"parked(7, 5)"
random_any,6,D6,"bread | cart=(9, 0)",0.2230808752276715,0.7396477066524655,0.03727141811986301,0.6803398858822436,-1.198639625854725,0.8013603741452755,A0_any_to_last,0.8,0.8,3,bread,"parked(9, 0)"
random_any,6,D6,"bread+eggs | cart=(3, 1)",0.22308080987001347,0.7396477422739463,0.03727144785604031,0.6803398963920635,-1.198639966992245,0.8013600330077537,A0_any_to_last,0.8,0.8,4,bread+eggs,"parked(3, 1)"
random_any,6,D6,"bread+eggs | cart=(5, 2)",0.9997174142672168,0.00026476787029606016,1.781786248710918e-05,0.002658191787991913,8.236374451335497,10.236374451335486,H_int,1.0,1.0,5,bread+eggs,"parked(5, 2)"
random_any,6,D6,"apple+milk | cart=(6, 5)",0.22308087515833275,0.7396477066902651,0.037271418151402114,0.6803398858933903,-1.1986396262166532,0.8013603737833535,A0_any_to_last,0.8,0.8,6,apple+milk,"parked(6, 5)"
random_any,6,D6,"bread+eggs | cart=(3, 0)",0.22308082992219613,0.7396477313450331,0.03727143873277072,0.6803398931675801,-1.1986398623288852,0.801360137671125,A0_any_to_last,0.8,0.8,7,bread+eggs,"parked(3, 0)"
random_any,6,D6,"bread | cart=(2, 1)",0.9999999691540729,2.8900995150977108e-08,1.944931994884543e-09,5.715609777170997e-07,17.359389777285077,19.359389777285088,H_int,1.0,1.0,8,bread,"parked(2, 1)"
random_any,6,D6,"milk | cart=(6, 5)",0.7724896761507464,0.21316512195615878,0.01434520189309485,0.5897806080869383,1.287551558643741,3.2875515586437487,H_int,1.0,1.0,9,milk,"parked(6, 5)"
random_any,6,D6,"- | cart=(4, 0)",0.1980106565793105,0.7509251523597892,0.05106419106090032,0.6876664644563153,-1.332985132475168,0.6670148675248271,A0_any_to_last,0.8,0.8,10,-,"parked(4, 0)"
random_any,6,D6,"bread+eggs | cart=(9, 5)",0.22308087429402002,0.7396477071613352,0.037271418544644774,0.6803398860323766,-1.1986396307279743,0.8013603692720324,A0_any_to_last,0.8,0.8,11,bread+eggs,"parked(9, 5)"
random_any,6,D6,"apple | cart=(9, 3)",0.22308087522888123,0.739647706651806,0.03727141811931278,0.6803398858820493,-1.1986396258484104,0.8013603741515993,A0_any_to_last,0.8,0.8,12,apple,"parked(9, 3)"
random_any,6,D6,"- | cart=(2, 4)",0.19904459522147952,0.7548462064325722,0.04610919834594829,0.6754630729240266,-1.3329851322010837,0.6670148677989118,A0_any_to_last,0.8,0.8,13,-,"parked(2, 4)"
random_any,6,D6,"bread+eggs | cart=(9, 1)",0.22308087521710987,0.7396477066582269,0.03727141812466328,0.6803398858839396,-1.1986396259098586,0.8013603740901516,A0_any_to_last,0.8,0.8,14,bread+eggs,"parked(9, 1)"
random_any,6,D6,"bread+eggs | cart=(7, 2)",0.223080875224632,0.7396477066541239,0.037271418121244015,0.6803398858827314,-1.1986396258705923,0.801360374129402,A0_any_to_last,0.8,0.8,15,bread+eggs,"parked(7, 2)"
random_any,6,D6,"eggs | cart=(7, 2)",0.8966449470327001,0.09683820570419342,0.006516847263106432,0.3567109169042208,2.225618357553404,4.225618357553408,H_int,1.0,1.0,16,eggs,"parked(7, 2)"
random_any,6,D6,"apple+eggs | cart=(0, 0)",0.22308081592469836,0.7396477389740095,0.0372714451012921,0.6803398954184391,-1.1986399353895294,0.8013600646104777,A0_any_to_last,0.8,0.8,17,apple+eggs,"parked(0, 0)"
random_any,6,D6,"apple+milk | cart=(4, 2)",0.9999918298970747,7.654953880619527e-06,5.151490446894264e-07,0.00010580537727522055,11.780149383475923,13.780149383475923,H_int,1.0,1.0,18,apple+milk,"parked(4, 2)"
random_any,6,D6,"- | cart=(7, 5)",0.19961987674936124,0.7570278739115412,0.04335224933909754,0.6684347640871411,-1.3329851324752169,0.6670148675247844,A0_any_to_last,0.8,0.8,19,-,"parked(7, 5)"
random_any,6,D6,"bread+eggs | cart=(4, 2)",0.9997080714244833,0.000273521619292685,1.8406956224057238e-05,0.002736579882659373,8.203837921257326,10.203837921257325,H_int,1.0,1.0,20,bread+eggs,"parked(4, 2)"
random_any,6,D6,"bread+milk | cart=(0, 2)",0.22308087235013307,0.7396477082207947,0.037271419429072195,0.6803398863449648,-1.19863964087418,0.8013603591258232,A0_any_to_last,0.8,0.8,21,bread+milk,"parked(0, 2)"
random_any,6,D6,"bread+eggs | cart=(1, 0)",0.22308082891198594,0.7396477318956217,0.0372714391923924,0.680339893330026,-1.1986398676017274,0.8013601323982726,A0_any_to_last,0.8,0.8,22,bread+eggs,"parked(1, 0)"
random_any,6,D6,"apple+milk | cart=(6, 5)",0.22308087515833275,0.7396477066902651,0.037271418151402114,0.6803398858933903,-1.1986396262166532,0.8013603737833535,A0_any_to_last,0.8,0.8,23,apple+milk,"parked(6, 5)"
random_any,6,D6,"bread | cart=(9, 5)",0.22308087431333684,0.7396477071508047,0.03727141853585847,0.680339886029271,-1.198639630627146,0.8013603693728584,A0_any_to_last,0.8,0.8,24,bread,"parked(9, 5)"
random_any,6,D6,"apple+milk | cart=(6, 4)",0.22308087518047837,0.739647706678187,0.03727141814133461,0.6803398858898323,-1.198639626101052,0.8013603738989588,A0_any_to_last,0.8,0.8,25,apple+milk,"parked(6, 4)"
random_any,6,D6,"apple+bread | cart=(8, 4)",0.22308087519769418,0.7396477066688043,0.037271418133501544,0.6803398858870631,-1.1986396260111936,0.8013603739887998,A0_any_to_last,0.8,0.8,26,apple+bread,"parked(8, 4)"
random_any,6,D6,bread+eggs | cart=station,0.2230666666399794,0.7396554494138017,0.03727788394621889,0.6803421734001764,-1.198713788543544,0.801286211456457,A0_any_to_last,0.8,0.8,27,bread+eggs,station
random_any,6,D6,"apple+milk | cart=(7, 0)",0.22308087523033238,0.7396477066510193,0.037271418118648314,0.6803398858818138,-1.1986396258408418,0.8013603741591595,A0_any_to_last,0.8,0.8,28,apple+milk,"parked(7, 0)"
random_any,6,D6,"apple+bread | cart=(5, 2)",0.22308087523050346,0.7396477066509303,0.03727141811856627,0.6803398858817862,-1.1986396258399545,0.8013603741600548,A0_any_to_last,0.8,0.8,29,apple+bread,"parked(5, 2)"
random_any,6,D6,"milk | cart=(2, 2)",0.22308087296874882,0.7396477078836295,0.037271419147621665,0.6803398862454901,-1.1986396376452784,0.8013603623547141,A0_any_to_last,0.8,0.8,30,milk,"parked(2, 2)"
random_any,6,D6,"apple+milk | cart=(8, 3)",0.22308087522753794,0.7396477066525418,0.037271418119920297,0.6803398858822639,-1.1986396258554266,0.8013603741445792,A0_any_to_last,0.8,0.8,31,apple+milk,"parked(8, 3)"
random_any,6,D6,"bread+milk | cart=(9, 3)",0.22308087512886138,0.7396477067063191,0.0372714181648196,0.6803398858981329,-1.1986396263704688,0.801360373629521,A0_any_to_last,0.8,0.8,32,bread+milk,"parked(9, 3)"
random_any,6,D6,"apple+eggs | cart=(1, 1)",0.22308077823671657,0.7396477595148563,0.037271462248427145,0.6803399014788332,-1.1986401321038413,0.8013598678961671,A0_any_to_last,0.8,0.8,33,apple+eggs,"parked(1, 1)"
random_any,6,D6,"eggs+milk | cart=(0, 4)",0.22307403191797207,0.7396514363645039,0.03727453171752404,0.6803409862411749,-1.1986753452266323,0.8013246547733672,A0_any_to_last,0.8,0.8,34,eggs+milk,"parked(0, 4)"
random_any,6,D6,"bread+milk | cart=(3, 5)",0.22307993487965952,0.7396482191634646,0.03727184595687594,0.6803400370936629,-1.1986445340541536,0.8013554659458464,A0_any_to_last,0.8,0.8,35,bread+milk,"parked(3, 5)"
random_any,6,D6,"bread+eggs | cart=(6, 5)",0.2230808695123493,0.7396477097674505,0.03727142072020018,0.6803398868012951,-1.1986396556861254,0.8013603443138777,A0_any_to_last,0.8,0.8,36,bread+eggs,"parked(6, 5)"
random_any,6,D6,"eggs | cart=(7, 3)",0.7031019244102256,0.27817777014909034,0.018720305440684093,0.678069210411718,0.9272414959471322,2.9272414959471362,H_int,1.0,1.0,37,eggs,"parked(7, 3)"
random_any,6,D6,"bread+milk | cart=(7, 2)",0.2230808752246222,0.7396477066541328,0.037271418121245015,0.6803398858827318,-1.1986396258706482,0.8013603741293451,A0_any_to_last,0.8,0.8,38,bread+milk,"parked(7, 2)"
random_any,6,D6,"bread | cart=(6, 4)",0.22308087274250846,0.739647708006936,0.03727141925055555,0.6803398862818709,-1.198639638826151,0.8013603611738489,A0_any_to_last,0.8,0.8,39,bread,"parked(6, 4)"
random_any,6,D6,"eggs+milk | cart=(4, 1)",0.22308081866412172,0.7396477374809589,0.03727144385491932,0.6803398949779276,-1.1986399210909733,0.8013600789090276,A0_any_to_last,0.8,0.8,40,eggs+milk,"parked(4, 1)"
random_any,6,D6,"bread+eggs | cart=(1, 4)",0.22306891488167183,0.7396542244698974,0.03727686064843083,0.680341810979119,-1.1987020537040456,0.8012979462959606,A0_any_to_last,0.8,0.8,41,bread+eggs,"parked(1, 4)"
random_any,6,D6,"apple+eggs | cart=(9, 5)",0.22308087520607006,0.7396477066642372,0.03727141812969281,0.6803398858857176,-1.1986396259674725,0.8013603740325266,A0_any_to_last,0.8,0.8,42,apple+eggs,"parked(9, 5)"
random_any,6,D6,"apple+bread | cart=(9, 5)",0.223080875185948,0.7396477066752124,0.03727141813883961,0.6803398858889512,-1.1986396260725116,0.8013603739274942,A0_any_to_last,0.8,0.8,43,apple+bread,"parked(9, 5)"
random_any,6,D6,"apple+eggs | cart=(6, 1)",0.22308087523031483,0.7396477066510279,0.03727141811865731,0.6803398858818168,-1.198639625840932,0.8013603741590742,A0_any_to_last,0.8,0.8,44,apple+eggs,"parked(6, 1)"
random_any,6,D6,"apple+milk | cart=(8, 3)",0.22308087522753794,0.7396477066525418,0.037271418119920297,0.6803398858822639,-1.1986396258554266,0.8013603741445792,A0_any_to_last,0.8,0.8,45,apple+milk,"parked(8, 3)"
random_any,6,D6,"- | cart=(6, 1)",0.19801089905912025,0.7509260719274456,0.05106302901343407,0.6876636638222196,-1.3329851324752173,0.6670148675247844,A0_any_to_last,0.8,0.8,46,-,"parked(6, 1)"
random_any,6,D6,"apple+milk | cart=(0, 5)",0.22308054370897662,0.7396478873381473,0.03727156895287598,0.6803399391913307,-1.1986413562338964,0.8013586437661075,A0_any_to_last,0.8,0.8,47,apple+milk,"parked(0, 5)"
random_any,6,D6,"eggs | cart=(2, 1)",0.22308074667504638,0.7396477767167156,0.03727147660823804,0.680339906554078,-1.1986402968415812,0.8013597031584112,A0_any_to_last,0.8,0.8,48,eggs,"parked(2, 1)"
random_any,6,D6,"apple+bread | cart=(1, 0)",0.22308087522928444,0.7396477066515909,0.03727141811912471,0.6803398858819827,-1.1986396258463121,0.8013603741536883,A0_any_to_last,0.8,0.8,49,apple+bread,"parked(1, 0)"
random_standard,6,D6,bread+eggs | cart=station,0.2230666666399794,0.7396554494138017,0.03727788394621889,0.6803421734001764,-1.198713788543544,0.801286211456457,A0_any_to_last,0.8,0.8,0,bread+eggs,station
random_standard,6,D6,apple | cart=station,0.22308087522733736,0.7396477066526481,0.037271418120014554,0.6803398858822973,-1.1986396258564698,0.8013603741435347,A0_any_to_last,0.8,0.8,1,apple,station
random_standard,6,D6,bread+milk | cart=station,0.22308003507776603,0.7396481645531644,0.03727180036906963,0.6803400209820707,-1.1986440110635885,0.8013559889364217,A0_any_to_last,0.8,0.8,2,bread+milk,station
random_standard,6,D6,bread+milk | cart=station,0.22308003507776603,0.7396481645531644,0.03727180036906963,0.6803400209820707,-1.1986440110635885,0.8013559889364217,A0_any_to_last,0.8,0.8,3,bread+milk,station
random_standard,6,D6,milk | cart=station,0.2230789760773191,0.7396487417299394,0.03727228219274148,0.6803401912707283,-1.19864953859134,0.80135046140866,A0_any_to_last,0.8,0.8,4,milk,station
random_standard,6,D6,apple+eggs | cart=station,0.22307235791522564,0.7396523486405713,0.037275293444203106,0.6803412555800661,-1.1986840828879899,0.8013159171120066,A0_any_to_last,0.8,0.8,5,apple+eggs,station
random_standard,6,D6,apple+eggs | cart=station,0.22307235791522564,0.7396523486405713,0.037275293444203106,0.6803412555800661,-1.1986840828879899,0.8013159171120066,A0_any_to_last,0.8,0.8,6,apple+eggs,station
random_standard,6,D6,apple+eggs | cart=station,0.22307235791522564,0.7396523486405713,0.037275293444203106,0.6803412555800661,-1.1986840828879899,0.8013159171120066,A0_any_to_last,0.8,0.8,7,apple+eggs,station
random_standard,6,D6,eggs | cart=station,0.22305444925878276,0.7396621102328225,0.03728344050839483,0.6803441292871302,-1.198777565391718,0.8012224346082775,A0_any_to_last,0.8,0.8,8,eggs,station
random_standard,6,D6,bread+milk | cart=station,0.22308003507776603,0.7396481645531644,0.03727180036906963,0.6803400209820707,-1.1986440110635885,0.8013559889364217,A0_any_to_last,0.8,0.8,9,bread+milk,station
random_standard,6,D6,eggs+milk | cart=station,0.22306354886130228,0.7396571488506823,0.03727930228801535,0.6803426737244257,-1.1987300631365527,0.8012699368634486,A0_any_to_last,0.8,0.8,10,eggs+milk,station
random_standard,6,D6,apple+bread+eggs | cart=station,0.2230749300790909,0.7396509468525481,0.03727412306836109,0.6803408418504979,-1.1986706571284595,0.80132934287154,A0_any_to_last,0.8,0.8,11,apple+bread+eggs,station
random_standard,6,D6,bread+eggs | cart=station,0.2230666666399794,0.7396554494138017,0.03727788394621889,0.6803421734001764,-1.198713788543544,0.801286211456457,A0_any_to_last,0.8,0.8,12,bread+eggs,station
random_standard,6,D6,bread+eggs+milk | cart=station,0.2230714850055352,0.7396528242734791,0.03727569072098569,0.6803413962364013,-1.1986886390682363,0.8013113609317628,A0_any_to_last,0.8,0.8,13,bread+eggs+milk,station
random_standard,6,D6,apple+milk | cart=station,0.22308046034944337,0.7396479327710029,0.037271606879553665,0.6803399525958755,-1.1986417913335443,0.801358208666457,A0_any_to_last,0.8,0.8,14,apple+milk,station
random_standard,6,D6,eggs+milk | cart=station,0.22306354886130228,0.7396571488506823,0.03727930228801535,0.6803426737244257,-1.1987300631365527,0.8012699368634486,A0_any_to_last,0.8,0.8,15,eggs+milk,station
random_standard,6,D6,eggs | cart=station,0.22305444925878276,0.7396621102328225,0.03728344050839483,0.6803441292871302,-1.198777565391718,0.8012224346082775,A0_any_to_last,0.8,0.8,16,eggs,station
random_standard,6,D6,bread+eggs+milk | cart=station,0.2230714850055352,0.7396528242734791,0.03727569072098569,0.6803413962364013,-1.1986886390682363,0.8013113609317628,A0_any_to_last,0.8,0.8,17,bread+eggs+milk,station
random_standard,6,D6,eggs | cart=station,0.22305444925878276,0.7396621102328225,0.03728344050839483,0.6803441292871302,-1.198777565391718,0.8012224346082775,A0_any_to_last,0.8,0.8,18,eggs,station
random_standard,6,D6,bread+eggs | cart=station,0.2230666666399794,0.7396554494138017,0.03727788394621889,0.6803421734001764,-1.198713788543544,0.801286211456457,A0_any_to_last,0.8,0.8,19,bread+eggs,station
random_standard,6,D6,apple+bread+eggs | cart=station,0.2230749300790909,0.7396509468525481,0.03727412306836109,0.6803408418504979,-1.1986706571284595,0.80132934287154,A0_any_to_last,0.8,0.8,20,apple+bread+eggs,station
random_standard,6,D6,apple+milk | cart=station,0.22308046034944337,0.7396479327710029,0.037271606879553665,0.6803399525958755,-1.1986417913335443,0.801358208666457,A0_any_to_last,0.8,0.8,21,apple+milk,station
random_standard,6,D6,apple+bread | cart=station,0.22308087471865395,0.7396477069298949,0.0372714183514512,0.6803398859640947,-1.1986396285115704,0.8013603714884283,A0_any_to_last,0.8,0.8,22,apple+bread,station
random_standard,6,D6,apple+milk | cart=station,0.22308046034944337,0.7396479327710029,0.037271606879553665,0.6803399525958755,-1.1986417913335443,0.801358208666457,A0_any_to_last,0.8,0.8,23,apple+milk,station
random_standard,6,D6,eggs+milk | cart=station,0.22306354886130228,0.7396571488506823,0.03727930228801535,0.6803426737244257,-1.1987300631365527,0.8012699368634486,A0_any_to_last,0.8,0.8,24,eggs+milk,station
random_standard,6,D6,apple+bread | cart=station,0.22308087471865395,0.7396477069298949,0.0372714183514512,0.6803398859640947,-1.1986396285115704,0.8013603714884283,A0_any_to_last,0.8,0.8,25,apple+bread,station
random_standard,6,D6,apple | cart=station,0.22308087522733736,0.7396477066526481,0.037271418120014554,0.6803398858822973,-1.1986396258564698,0.8013603741435347,A0_any_to_last,0.8,0.8,26,apple,station
random_standard,6,D6,apple+bread+milk | cart=station,0.2230806131848785,0.7396478494720988,0.03727153734302269,0.6803399280195397,-1.1986409936006046,0.8013590063993945,A0_any_to_last,0.8,0.8,27,apple+bread+milk,station
random_standard,6,D6,apple+eggs | cart=station,0.22307235791522564,0.7396523486405713,0.037275293444203106,0.6803412555800661,-1.1986840828879899,0.8013159171120066,A0_any_to_last,0.8,0.8,28,apple+eggs,station
random_standard,6,D6,apple+milk | cart=station,0.22308046034944337,0.7396479327710029,0.037271606879553665,0.6803399525958755,-1.1986417913335443,0.801358208666457,A0_any_to_last,0.8,0.8,29,apple+milk,station
random_standard,6,D6,milk | cart=station,0.2230789760773191,0.7396487417299394,0.03727228219274148,0.6803401912707283,-1.19864953859134,0.80135046140866,A0_any_to_last,0.8,0.8,30,milk,station
random_standard,6,D6,eggs+milk | cart=station,0.22306354886130228,0.7396571488506823,0.03727930228801535,0.6803426737244257,-1.1987300631365527,0.8012699368634486,A0_any_to_last,0.8,0.8,31,eggs+milk,station
random_standard,6,D6,apple+bread | cart=station,0.22308087471865395,0.7396477069298949,0.0372714183514512,0.6803398859640947,-1.1986396285115704,0.8013603714884283,A0_any_to_last,0.8,0.8,32,apple+bread,station
random_standard,6,D6,bread | cart=station,0.2230808734929246,0.7396477075979521,0.03727141890912333,0.6803398861611967,-1.1986396349093318,0.8013603650906731,A0_any_to_last,0.8,0.8,33,bread,station
random_standard,6,D6,apple+eggs | cart=station,0.22307235791522564,0.7396523486405713,0.037275293444203106,0.6803412555800661,-1.1986840828879899,0.8013159171120066,A0_any_to_last,0.8,0.8,34,apple+eggs,station
random_standard,6,D6,apple+bread+milk | cart=station,0.2230806131848785,0.7396478494720988,0.03727153734302269,0.6803399280195397,-1.1986409936006046,0.8013590063993945,A0_any_to_last,0.8,0.8,35,apple+bread+milk,station
random_standard,6,D6,apple+bread+eggs | cart=station,0.2230749300790909,0.7396509468525481,0.03727412306836109,0.6803408418504979,-1.1986706571284595,0.80132934287154,A0_any_to_last,0.8,0.8,36,apple+bread+eggs,station
random_standard,6,D6,eggs+milk | cart=station,0.22306354886130228,0.7396571488506823,0.03727930228801535,0.6803426737244257,-1.1987300631365527,0.8012699368634486,A0_any_to_last,0.8,0.8,37,eggs+milk,station
random_standard,6,D6,apple | cart=station,0.22308087522733736,0.7396477066526481,0.037271418120014554,0.6803398858822973,-1.1986396258564698,0.8013603741435347,A0_any_to_last,0.8,0.8,38,apple,station
random_standard,6,D6,apple | cart=station,0.22308087522733736,0.7396477066526481,0.037271418120014554,0.6803398858822973,-1.1986396258564698,0.8013603741435347,A0_any_to_last,0.8,0.8,39,apple,station
random_standard,6,D6,apple+eggs | cart=station,0.22307235791522564,0.7396523486405713,0.037275293444203106,0.6803412555800661,-1.1986840828879899,0.8013159171120066,A0_any_to_last,0.8,0.8,40,apple+eggs,station
random_standard,6,D6,apple+eggs | cart=station,0.22307235791522564,0.7396523486405713,0.037275293444203106,0.6803412555800661,-1.1986840828879899,0.8013159171120066,A0_any_to_last,0.8,0.8,41,apple+eggs,station
random_standard,6,D6,milk | cart=station,0.2230789760773191,0.7396487417299394,0.03727228219274148,0.6803401912707283,-1.19864953859134,0.80135046140866,A0_any_to_last,0.8,0.8,42,milk,station
random_standard,6,D6,milk | cart=station,0.2230789760773191,0.7396487417299394,0.03727228219274148,0.6803401912707283,-1.19864953859134,0.80135046140866,A0_any_to_last,0.8,0.8,43,milk,station
random_standard,6,D6,bread | cart=station,0.2230808734929246,0.7396477075979521,0.03727141890912333,0.6803398861611967,-1.1986396349093318,0.8013603650906731,A0_any_to_last,0.8,0.8,44,bread,station
random_standard,6,D6,bread | cart=station,0.2230808734929246,0.7396477075979521,0.03727141890912333,0.6803398861611967,-1.1986396349093318,0.8013603650906731,A0_any_to_last,0.8,0.8,45,bread,station
random_standard,6,D6,bread+eggs+milk | cart=station,0.2230714850055352,0.7396528242734791,0.03727569072098569,0.6803413962364013,-1.1986886390682363,0.8013113609317628,A0_any_to_last,0.8,0.8,46,bread+eggs+milk,station
random_standard,6,D6,bread+milk | cart=station,0.22308003507776603,0.7396481645531644,0.03727180036906963,0.6803400209820707,-1.1986440110635885,0.8013559889364217,A0_any_to_last,0.8,0.8,47,bread+milk,station
random_standard,6,D6,eggs | cart=station,0.22305444925878276,0.7396621102328225,0.03728344050839483,0.6803441292871302,-1.198777565391718,0.8012224346082775,A0_any_to_last,0.8,0.8,48,eggs,station
random_standard,6,D6,eggs+milk | cart=station,0.22306354886130228,0.7396571488506823,0.03727930228801535,0.6803426737244257,-1.1987300631365527,0.8012699368634486,A0_any_to_last,0.8,0.8,49,eggs+milk,station
