sequence,t,demo,demo_context,P_intended,P_alternative,P_others,entropy,log_posterior_odds_int_vs_alt,log_bayes_factor_int_vs_alt,map_id,accuracy,violation_f1
diagnostic,0,,,0.015625283961541555,0.11545609975355191,0.8689186162849066,2.160749958207255,-2.0,0.0,H_null,0.4,0.0
diagnostic,1,D1,apple+milk | cart=station,0.11177562111545339,0.7249679763857967,0.16325640249874995,0.7741809258748776,-1.8696340044351953,0.1303659955648051,A0_any_to_last,0.8,0.8
diagnostic,2,D2,bread+eggs | cart=station,0.13120658133112756,0.7444301393023326,0.12436327936653979,0.74542783466867,-1.7358459741589707,0.2641540258410302,A0_any_to_last,0.8,0.8
diagnostic,3,D3,apple+bread+milk | cart=station,0.152100951894343,0.7544963540160216,0.09340269408963542,0.7204258126404098,-1.6015059882870508,0.39849401171294474,A0_any_to_last,0.8,0.8
diagnostic,4,D4,eggs+milk | cart=station,0.17434664877635989,0.75625316021507,0.06940019100857009,0.7009646940231532,-1.467330636438736,0.5326693635612614,A0_any_to_last,0.8,0.8
diagnostic,5,D5,apple+bread | cart=station,0.19801060002696114,0.7509249378936844,0.051064462079354445,0.6876671176300243,-1.3329851324752173,0.6670148675247844,A0_any_to_last,0.8,0.8
diagnostic,6,D6,"bread | cart=(3, 1)",0.9999999488862823,4.7890847858777274e-08,3.2228698440558545e-09,9.212991816779104e-07,16.85434136733802,18.854341367338023,H_int,1.0,1.0
diagnostic,7,D7,bread+milk | cart=station,0.9999999586835373,3.9353973067195135e-08,1.9624896283668606e-09,7.51674107768978e-07,17.05066885846327,19.05066885846327,H_int,1.0,1.0
diagnostic,8,D8,apple+eggs+milk | cart=station,0.9999999723284868,2.668541646141866e-08,9.86096730521617e-10,5.134915061812852e-07,17.43914859303709,19.43914859303709,H_int,1.0,1.0
control,0,,,0.015625283961541555,0.11545609975355191,0.8689186162849066,2.160749958207255,-2.0,0.0,H_null,0.4,0.0
control,1,D1,apple+milk | cart=station,0.11177562111545339,0.7249679763857967,0.16325640249874995,0.7741809258748776,-1.8696340044351953,0.1303659955648051,A0_any_to_last,0.8,0.8
control,2,D2,bread+eggs | cart=station,0.13120658133112756,0.7444301393023326,0.12436327936653979,0.74542783466867,-1.7358459741589707,0.2641540258410302,A0_any_to_last,0.8,0.8
control,3,D3,apple+bread+milk | cart=station,0.152100951894343,0.7544963540160216,0.09340269408963542,0.7204258126404098,-1.6015059882870508,0.39849401171294474,A0_any_to_last,0.8,0.8
control,4,D4,eggs+milk | cart=station,0.17434664877635989,0.75625316021507,0.06940019100857009,0.7009646940231532,-1.467330636438736,0.5326693635612614,A0_any_to_last,0.8,0.8
control,5,D5,apple+bread | cart=station,0.19801060002696114,0.7509249378936844,0.051064462079354445,0.6876671176300243,-1.3329851324752173,0.6670148675247844,A0_any_to_last,0.8,0.8
control,6,D6,bread+milk | cart=station,0.22308003507776603,0.7396481645531644,0.03727180036906963,0.6803400209820707,-1.1986440110635885,0.8013559889364217,A0_any_to_last,0.8,0.8
control,7,D7,apple+eggs+milk | cart=station,0.2495547030487571,0.723430187332163,0.027015109619079936,0.6781738491399296,-1.064325906584132,0.9356740934158694,A0_any_to_last,0.8,0.8
control,8,D8,apple+eggs | cart=station,0.2774160474614372,0.7031255661965549,0.019458386342007916,0.6800237051820525,-0.9300171349057282,1.0699828650942607,A0_any_to_last,0.8,0.8
reacquire,0,,,0.015625283961541555,0.11545609975355191,0.8689186162849066,2.160749958207255,-2.0,0.0,H_null,0.4,0.0
reacquire,1,D1,apple+milk | cart=station,0.11177562111545339,0.7249679763857967,0.16325640249874995,0.7741809258748776,-1.8696340044351953,0.1303659955648051,A0_any_to_last,0.8,0.8
reacquire,2,D2,bread+eggs | cart=station,0.13120658133112756,0.7444301393023326,0.12436327936653979,0.74542783466867,-1.7358459741589707,0.2641540258410302,A0_any_to_last,0.8,0.8
reacquire,3,D3,apple+bread+milk | cart=station,0.152100951894343,0.7544963540160216,0.09340269408963542,0.7204258126404098,-1.6015059882870508,0.39849401171294474,A0_any_to_last,0.8,0.8
reacquire,4,D4,eggs+milk | cart=station,0.17434664877635989,0.75625316021507,0.06940019100857009,0.7009646940231532,-1.467330636438736,0.5326693635612614,A0_any_to_last,0.8,0.8
reacquire,5,D5,apple+bread | cart=station,0.19801060002696114,0.7509249378936844,0.051064462079354445,0.6876671176300243,-1.3329851324752173,0.6670148675247844,A0_any_to_last,0.8,0.8
reacquire,6,D6_reacquire,apple+milk | cart=station,0.22308046034944337,0.7396479327710029,0.037271606879553665,0.6803399525958755,-1.1986417913335443,0.801358208666457,A0_any_to_last,0.8,0.8
reacquire,7,D6,bread+milk | cart=station,0.2495598265326316,0.7234266990922057,0.02701347437516277,0.6781739260455164,-1.064300554473157,0.9356994455268364,A0_any_to_last,0.8,0.8
reacquire,8,D7,apple+eggs+milk | cart=station,0.27742350379621683,0.7031197717528141,0.01945672445096902,0.6800246778752855,-0.9299820164466865,1.0700179835532992,A0_any_to_last,0.8,0.8
