dl_coding,domain,protocol,method,rho,baseline,n,accuracy_mean,accuracy_ci_lo,accuracy_ci_hi,violation_f1_mean,violation_f1_ci_lo,violation_f1_ci_hi,P_intended_mean,map_intended_rate,refinement_rate,map_counts,unseen_accuracy_mean,unseen_accuracy_ci_lo,unseen_accuracy_ci_hi
nodes,cart,original,fixed,,min,1,0.8,0.8,0.8,0.8,0.8,0.8,0.0,0.0,0.0,"{""A0_any_to_last"": 1}",,,
nodes,cart,original,full,0.1,min,1,0.8,0.8,0.8,0.8,0.8,0.8,0.0,0.0,0.0,"{""A0_any_to_last"": 1}",,,
nodes,cart,original,full,0.4,min,1,0.8,0.8,0.8,0.8,0.8,0.8,0.0,0.0,0.0,"{""A0_any_to_last"": 1}",,,
nodes,cart,original,full,0.8,median,1,0.8,0.8,0.8,0.8,0.8,0.8,0.152100951894343,0.0,1.0,"{""A0_any_to_last"": 1}",,,
nodes,cart,original,oracle,,min,1,0.8,0.8,0.8,0.8,0.8,0.8,0.152100951894343,0.0,0.0,"{""A0_any_to_last"": 1}",,,
nodes,cart,pool,fixed,,min,20,0.8000000000000002,0.8000000000000002,0.8000000000000002,0.8000000000000002,0.8000000000000002,0.8000000000000002,0.0,0.0,0.0,"{""A0_any_to_last"": 20}",,,
nodes,cart,pool,full,0.1,min,20,0.8100000000000002,0.8000000000000002,0.8300000000000003,0.8100000000000002,0.8000000000000002,0.8300000000000003,0.03319943417366534,0.05,0.05,"{""A0_any_to_last"": 19, ""H_int"": 1}",,,
nodes,cart,pool,full,0.4,min,20,0.8500000000000002,0.8100000000000002,0.89,0.8500000000000002,0.8100000000000002,0.89,0.16600139126526833,0.25,0.25,"{""A0_any_to_last"": 15, ""H_int"": 5}",,,
nodes,cart,pool,full,0.8,median,20,1.0,1.0,1.0,1.0,1.0,1.0,0.6640040957338996,1.0,1.0,"{""H_int"": 20}",,,
nodes,cart,pool,oracle,,min,20,1.0,1.0,1.0,1.0,1.0,1.0,0.6640040957338996,1.0,0.0,"{""H_int"": 20}",,,
nodes,aisle,original,fixed,,min,1,0.6,0.6,0.6,0.33333333333333337,0.33333333333333337,0.33333333333333337,0.0,0.0,0.0,"{""B0_cells"": 1}",0.4,0.4,0.4
nodes,aisle,original,full,0.1,min,1,0.6,0.6,0.6,0.33333333333333337,0.33333333333333337,0.33333333333333337,0.0,0.0,0.0,"{""B0_cells"": 1}",0.4,0.4,0.4
nodes,aisle,original,full,0.4,min,1,0.6,0.6,0.6,0.33333333333333337,0.33333333333333337,0.33333333333333337,0.0,0.0,0.0,"{""B0_cells"": 1}",0.4,0.4,0.4
nodes,aisle,original,full,0.8,median,1,0.6,0.6,0.6,0.33333333333333337,0.33333333333333337,0.33333333333333337,0.0,0.0,0.0,"{""B0_cells"": 1}",0.4,0.4,0.4
nodes,aisle,original,oracle,,min,1,1.0,1.0,1.0,1.0,1.0,1.0,0.3821500696457121,0.0,0.0,"{""S_corridor"": 1}",1.0,1.0,1.0
nodes,aisle,pool,fixed,,min,20,0.5549999999999999,0.53,0.58,0.1785714285714286,0.1,0.26190476190476186,0.0,0.0,0.0,"{""B0_cells"": 10, ""H_null"": 10}",0.4000000000000001,0.4000000000000001,0.4000000000000001
nodes,aisle,pool,full,0.1,min,20,0.6249999999999998,0.5849999999999999,0.6649999999999998,0.36428571428571427,0.24523809523809526,0.4738095238095238,0.1314327500286369,0.0,0.5,"{""B0_cells"": 4, ""S_memorised"": 10, ""H_null"": 6}",0.4000000000000001,0.4000000000000001,0.4000000000000001
nodes,aisle,pool,full,0.4,min,20,0.6849999999999998,0.6599999999999999,0.6999999999999998,0.530952380952381,0.46190476190476193,0.5714285714285714,0.2217013133835672,0.0,0.85,"{""S_memorised"": 17, ""B0_cells"": 2, ""H_null"": 1}",0.4000000000000001,0.4000000000000001,0.4000000000000001
nodes,aisle,pool,full,0.8,median,20,0.6999999999999998,0.6999999999999998,0.6999999999999998,0.5714285714285714,0.5714285714285714,0.5714285714285714,0.261652911291593,0.0,1.0,"{""S_memorised"": 19, ""B0_cells"": 1}",0.4000000000000001,0.4000000000000001,0.4000000000000001
nodes,aisle,pool,oracle,,min,20,0.985,0.9549999999999998,1.0,0.9785714285714286,0.9357142857142857,1.0,0.47502851299681315,0.0,0.0,"{""S_corridor"": 19, ""B0_cells"": 1}",0.97,0.9099999999999999,1.0
tokens,cart,original,fixed,,min,1,0.8,0.8,0.8,0.8,0.8,0.8,0.0,0.0,0.0,"{""A0_any_to_last"": 1}",,,
tokens,cart,original,full,0.1,min,1,0.8,0.8,0.8,0.8,0.8,0.8,0.0,0.0,0.0,"{""A0_any_to_last"": 1}",,,
tokens,cart,original,full,0.4,min,1,0.8,0.8,0.8,0.8,0.8,0.8,0.0,0.0,0.0,"{""A0_any_to_last"": 1}",,,
tokens,cart,original,full,0.8,median,1,0.8,0.8,0.8,0.8,0.8,0.8,0.1521009518943428,0.0,1.0,"{""A0_any_to_last"": 1}",,,
tokens,cart,original,oracle,,min,1,0.8,0.8,0.8,0.8,0.8,0.8,0.1521009518943428,0.0,0.0,"{""A0_any_to_last"": 1}",,,
tokens,cart,pool,fixed,,min,20,0.8000000000000002,0.8000000000000002,0.8000000000000002,0.8000000000000002,0.8000000000000002,0.8000000000000002,0.0,0.0,0.0,"{""A0_any_to_last"": 20}",,,
tokens,cart,pool,full,0.1,min,20,0.8100000000000002,0.8000000000000002,0.8300000000000003,0.8100000000000002,0.8000000000000002,0.8300000000000003,0.03319943417366534,0.05,0.05,"{""A0_any_to_last"": 19, ""H_int"": 1}",,,
tokens,cart,pool,full,0.4,min,20,0.8500000000000002,0.8100000000000002,0.89,0.8500000000000002,0.8100000000000002,0.89,0.16600139126526833,0.25,0.25,"{""A0_any_to_last"": 15, ""H_int"": 5}",,,
tokens,cart,pool,full,0.8,median,20,1.0,1.0,1.0,1.0,1.0,1.0,0.6640040957338987,1.0,1.0,"{""H_int"": 20}",,,
tokens,cart,pool,oracle,,min,20,1.0,1.0,1.0,1.0,1.0,1.0,0.6640040957338987,1.0,0.0,"{""H_int"": 20}",,,
tokens,aisle,original,fixed,,min,1,0.6,0.6,0.6,0.33333333333333337,0.33333333333333337,0.33333333333333337,0.0,0.0,0.0,"{""B0_pickcells"": 1}",0.4,0.4,0.4
tokens,aisle,original,full,0.1,min,1,0.6,0.6,0.6,0.33333333333333337,0.33333333333333337,0.33333333333333337,0.0,0.0,0.0,"{""B0_pickcells"": 1}",0.4,0.4,0.4
tokens,aisle,original,full,0.4,min,1,0.6,0.6,0.6,0.33333333333333337,0.33333333333333337,0.33333333333333337,0.0,0.0,0.0,"{""B0_pickcells"": 1}",0.4,0.4,0.4
tokens,aisle,original,full,0.8,median,1,0.6,0.6,0.6,0.33333333333333337,0.33333333333333337,0.33333333333333337,0.0,0.0,0.0,"{""B0_pickcells"": 1}",0.4,0.4,0.4
tokens,aisle,original,oracle,,min,1,1.0,1.0,1.0,1.0,1.0,1.0,0.3892570030082937,0.0,0.0,"{""S_corridor"": 1}",1.0,1.0,1.0
tokens,aisle,pool,fixed,,min,20,0.5549999999999999,0.53,0.58,0.1785714285714286,0.1,0.26190476190476186,0.0,0.0,0.0,"{""B0_cells"": 10, ""H_null"": 10}",0.4000000000000001,0.4000000000000001,0.4000000000000001
tokens,aisle,pool,full,0.1,min,20,0.775,0.675,0.875,0.5785714285714285,0.3785714285714286,0.7738095238095238,0.20856102703931087,0.0,0.5,"{""B0_cells"": 4, ""S_corridor"": 10, ""H_null"": 6}",0.7,0.5800000000000001,0.82
tokens,aisle,pool,full,0.4,min,20,0.9400000000000001,0.8699999999999999,1.0,0.8952380952380953,0.7666666666666667,1.0,0.3509512542174974,0.0,0.85,"{""S_corridor"": 17, ""B0_cells"": 2, ""H_null"": 1}",0.9099999999999999,0.82,1.0
tokens,aisle,pool,full,0.8,median,20,1.0,1.0,1.0,1.0,1.0,1.0,0.41456859157891746,0.0,1.0,"{""S_corridor"": 20}",1.0,1.0,1.0
tokens,aisle,pool,oracle,,min,20,1.0,1.0,1.0,1.0,1.0,1.0,0.4829116863467645,0.0,0.0,"{""S_corridor"": 20}",1.0,1.0,1.0
