domain,run_index,rho,t,p_t,log_p_t,b_t,log_b_t,p_over_b,rho_times_b,triggered,n_hypotheses
cart,0,0.1,2,1.9958791425985023e-12,-26.93993648967284,,,,,False,8
cart,0,0.1,3,7.154925415103233e-11,-23.360635034144888,1.9958791425985023e-12,-26.93993648967284,35.8484903338786,1.9958791425985002e-13,False,8
cart,1,0.1,2,1.936364477478244e-12,-26.970208881633198,,,,,False,8
cart,1,0.1,3,7.151007688888388e-11,-23.361182740650197,1.936364477478244e-12,-26.970208881633198,36.93007061460481,1.9363644774782414e-13,False,8
cart,2,0.1,2,1.9955047647919927e-12,-26.940124082656272,,,,,False,8
cart,2,0.1,3,7.154925415088693e-11,-23.36063503414692,1.9955047647919927e-12,-26.940124082656272,35.855215889872895,1.9955047647919903e-13,False,8
cart,3,0.1,2,1.9949927790260667e-12,-26.940380685129078,,,,,False,8
cart,3,0.1,3,7.154925412445278e-11,-23.360635034516374,1.9949927790260667e-12,-26.940380685129078,35.86441759422424,1.9949927790260645e-13,False,8
cart,4,0.1,2,1.996556939975626e-12,-26.93959694891646,,,,,False,8
cart,4,0.1,3,7.156477735692446e-11,-23.36041809935814,1.996556939975626e-12,-26.93959694891646,35.84409536439173,1.9965569399756237e-13,False,8
cart,5,0.1,2,1.9965572372643312e-12,-26.93959680001578,,,,,False,8
cart,5,0.1,3,7.156477735692878e-11,-23.36041809935808,1.9965572372643312e-12,-26.93959680001578,35.844090027184166,1.9965572372643287e-13,False,8
cart,6,0.1,2,1.995504826575116e-12,-26.940124051695122,,,,,False,8
cart,6,0.1,3,7.15492541508854e-11,-23.36063503414694,1.995504826575116e-12,-26.940124051695122,35.85521477975343,1.995504826575114e-13,False,8
cart,7,0.1,2,1.9953202589705094e-12,-26.940216547658128,,,,,False,8
cart,7,0.1,3,7.154925415080355e-11,-23.360635034148086,1.9953202589705094e-12,-26.940216547658128,35.85853139571669,1.995320258970507e-13,False,8
cart,8,0.1,2,1.99531917842779e-12,-26.940217089196764,,,,,False,8
cart,8,0.1,3,7.154925415079593e-11,-23.360635034148192,1.99531917842779e-12,-26.940217089196764,35.85855081449831,1.995319178427788e-13,False,8
cart,9,0.1,2,1.9958800668324176e-12,-26.939936026601863,,,,,False,8
cart,9,0.1,3,7.154925415104249e-11,-23.360635034144746,1.9958800668324176e-12,-26.939936026601863,35.848473733492156,1.9958800668324155e-13,False,8
cart,0,0.5,2,1.9958791425985023e-12,-26.93993648967284,,,,,False,8
cart,0,0.5,3,7.154925415103233e-11,-23.360635034144888,1.9958791425985023e-12,-26.93993648967284,35.8484903338786,9.97939571299253e-13,False,8
cart,1,0.5,2,1.936364477478244e-12,-26.970208881633198,,,,,False,8
cart,1,0.5,3,7.151007688888388e-11,-23.361182740650197,1.936364477478244e-12,-26.970208881633198,36.93007061460481,9.681822387391235e-13,False,8
cart,2,0.5,2,1.9955047647919927e-12,-26.940124082656272,,,,,False,8
cart,2,0.5,3,7.154925415088693e-11,-23.36063503414692,1.9955047647919927e-12,-26.940124082656272,35.855215889872895,9.97752382395998e-13,False,8
cart,3,0.5,2,1.9949927790260667e-12,-26.940380685129078,,,,,False,8
cart,3,0.5,3,7.154925412445278e-11,-23.360635034516374,1.9949927790260667e-12,-26.940380685129078,35.86441759422424,9.97496389513035e-13,False,8
cart,4,0.5,2,1.996556939975626e-12,-26.93959694891646,,,,,False,8
cart,4,0.5,3,7.156477735692446e-11,-23.36041809935814,1.996556939975626e-12,-26.93959694891646,35.84409536439173,9.982784699878146e-13,False,8
cart,5,0.5,2,1.9965572372643312e-12,-26.93959680001578,,,,,False,8
cart,5,0.5,3,7.156477735692878e-11,-23.36041809935808,1.9965572372643312e-12,-26.93959680001578,35.844090027184166,9.982786186321672e-13,False,8
cart,6,0.5,2,1.995504826575116e-12,-26.940124051695122,,,,,False,8
cart,6,0.5,3,7.15492541508854e-11,-23.36063503414694,1.995504826575116e-12,-26.940124051695122,35.85521477975343,9.977524132875598e-13,False,8
cart,7,0.5,2,1.9953202589705094e-12,-26.940216547658128,,,,,False,8
cart,7,0.5,3,7.154925415080355e-11,-23.360635034148086,1.9953202589705094e-12,-26.940216547658128,35.85853139571669,9.976601294852563e-13,False,8
cart,8,0.5,2,1.99531917842779e-12,-26.940217089196764,,,,,False,8
cart,8,0.5,3,7.154925415079593e-11,-23.360635034148192,1.99531917842779e-12,-26.940217089196764,35.85855081449831,9.976595892138968e-13,False,8
cart,9,0.5,2,1.9958800668324176e-12,-26.939936026601863,,,,,False,8
cart,9,0.5,3,7.154925415104249e-11,-23.360635034144746,1.9958800668324176e-12,-26.939936026601863,35.848473733492156,9.979400334162104e-13,False,8
cart,0,1,2,1.9958791425985023e-12,-26.93993648967284,,,,,False,8
cart,0,1,3,7.154925415103233e-11,-23.360635034144888,1.9958791425985023e-12,-26.93993648967284,35.8484903338786,1.9958791425985023e-12,False,8
cart,1,1,2,1.936364477478244e-12,-26.970208881633198,,,,,False,8
cart,1,1,3,7.151007688888388e-11,-23.361182740650197,1.936364477478244e-12,-26.970208881633198,36.93007061460481,1.936364477478244e-12,False,8
cart,2,1,2,1.9955047647919927e-12,-26.940124082656272,,,,,False,8
cart,2,1,3,7.154925415088693e-11,-23.36063503414692,1.9955047647919927e-12,-26.940124082656272,35.855215889872895,1.9955047647919927e-12,False,8
cart,3,1,2,1.9949927790260667e-12,-26.940380685129078,,,,,False,8
cart,3,1,3,7.154925412445278e-11,-23.360635034516374,1.9949927790260667e-12,-26.940380685129078,35.86441759422424,1.9949927790260667e-12,False,8
cart,4,1,2,1.996556939975626e-12,-26.93959694891646,,,,,False,8
cart,4,1,3,7.156477735692446e-11,-23.36041809935814,1.996556939975626e-12,-26.93959694891646,35.84409536439173,1.996556939975626e-12,False,8
cart,5,1,2,1.9965572372643312e-12,-26.93959680001578,,,,,False,8
cart,5,1,3,7.156477735692878e-11,-23.36041809935808,1.9965572372643312e-12,-26.93959680001578,35.844090027184166,1.9965572372643312e-12,False,8
cart,6,1,2,1.995504826575116e-12,-26.940124051695122,,,,,False,8
cart,6,1,3,7.15492541508854e-11,-23.36063503414694,1.995504826575116e-12,-26.940124051695122,35.85521477975343,1.995504826575116e-12,False,8
cart,7,1,2,1.9953202589705094e-12,-26.940216547658128,,,,,False,8
cart,7,1,3,7.154925415080355e-11,-23.360635034148086,1.9953202589705094e-12,-26.940216547658128,35.85853139571669,1.9953202589705094e-12,False,8
cart,8,1,2,1.99531917842779e-12,-26.940217089196764,,,,,False,8
cart,8,1,3,7.154925415079593e-11,-23.360635034148192,1.99531917842779e-12,-26.940217089196764,35.85855081449831,1.99531917842779e-12,False,8
cart,9,1,2,1.9958800668324176e-12,-26.939936026601863,,,,,False,8
cart,9,1,3,7.154925415104249e-11,-23.360635034144746,1.9958800668324176e-12,-26.939936026601863,35.848473733492156,1.9958800668324176e-12,False,8
cart,0,2,2,1.9958791425985023e-12,-26.93993648967284,,,,,False,8
cart,0,2,3,7.154925415103233e-11,-23.360635034144888,1.9958791425985023e-12,-26.93993648967284,35.8484903338786,3.991758285196998e-12,False,8
cart,1,2,2,1.936364477478244e-12,-26.970208881633198,,,,,False,8
cart,1,2,3,7.151007688888388e-11,-23.361182740650197,1.936364477478244e-12,-26.970208881633198,36.93007061460481,3.872728954956481e-12,False,8
cart,2,2,2,1.9955047647919927e-12,-26.940124082656272,,,,,False,8
cart,2,2,3,7.154925415088693e-11,-23.36063503414692,1.9955047647919927e-12,-26.940124082656272,35.855215889872895,3.991009529583978e-12,False,8
cart,3,2,2,1.9949927790260667e-12,-26.940380685129078,,,,,False,8
cart,3,2,3,7.154925412445278e-11,-23.360635034516374,1.9949927790260667e-12,-26.940380685129078,35.86441759422424,3.989985558052127e-12,False,8
cart,4,2,2,1.996556939975626e-12,-26.93959694891646,,,,,False,8
cart,4,2,3,7.156477735692446e-11,-23.36041809935814,1.996556939975626e-12,-26.93959694891646,35.84409536439173,3.9931138799512454e-12,False,8
cart,5,2,2,1.9965572372643312e-12,-26.93959680001578,,,,,False,8
cart,5,2,3,7.156477735692878e-11,-23.36041809935808,1.9965572372643312e-12,-26.93959680001578,35.844090027184166,3.993114474528655e-12,False,8
cart,6,2,2,1.995504826575116e-12,-26.940124051695122,,,,,False,8
cart,6,2,3,7.15492541508854e-11,-23.36063503414694,1.995504826575116e-12,-26.940124051695122,35.85521477975343,3.9910096531502255e-12,False,8
cart,7,2,2,1.9953202589705094e-12,-26.940216547658128,,,,,False,8
cart,7,2,3,7.154925415080355e-11,-23.360635034148086,1.9953202589705094e-12,-26.940216547658128,35.85853139571669,3.9906405179410114e-12,False,8
cart,8,2,2,1.99531917842779e-12,-26.940217089196764,,,,,False,8
cart,8,2,3,7.154925415079593e-11,-23.360635034148192,1.99531917842779e-12,-26.940217089196764,35.85855081449831,3.9906383568555735e-12,False,8
cart,9,2,2,1.9958800668324176e-12,-26.939936026601863,,,,,False,8
cart,9,2,3,7.154925415104249e-11,-23.360635034144746,1.9958800668324176e-12,-26.939936026601863,35.848473733492156,3.991760133664829e-12,False,8
cart,0,5,2,1.9958791425985023e-12,-26.93993648967284,,,,,False,8
cart,0,5,3,7.154925415103233e-11,-23.360635034144888,1.9958791425985023e-12,-26.93993648967284,35.8484903338786,9.979395712992504e-12,False,8
cart,1,5,2,1.936364477478244e-12,-26.970208881633198,,,,,False,8
cart,1,5,3,7.151007688888388e-11,-23.361182740650197,1.936364477478244e-12,-26.970208881633198,36.93007061460481,9.681822387391211e-12,False,8
cart,2,5,2,1.9955047647919927e-12,-26.940124082656272,,,,,False,8
cart,2,5,3,7.154925415088693e-11,-23.36063503414692,1.9955047647919927e-12,-26.940124082656272,35.855215889872895,9.977523823959956e-12,False,8
cart,3,5,2,1.9949927790260667e-12,-26.940380685129078,,,,,False,8
cart,3,5,3,7.154925412445278e-11,-23.360635034516374,1.9949927790260667e-12,-26.940380685129078,35.86441759422424,9.974963895130326e-12,False,8
cart,4,5,2,1.996556939975626e-12,-26.93959694891646,,,,,False,8
cart,4,5,3,7.156477735692446e-11,-23.36041809935814,1.996556939975626e-12,-26.93959694891646,35.84409536439173,9.982784699878122e-12,False,8
cart,5,5,2,1.9965572372643312e-12,-26.93959680001578,,,,,False,8
cart,5,5,3,7.156477735692878e-11,-23.36041809935808,1.9965572372643312e-12,-26.93959680001578,35.844090027184166,9.982786186321648e-12,False,8
cart,6,5,2,1.995504826575116e-12,-26.940124051695122,,,,,False,8
cart,6,5,3,7.15492541508854e-11,-23.36063503414694,1.995504826575116e-12,-26.940124051695122,35.85521477975343,9.977524132875573e-12,False,8
cart,7,5,2,1.9953202589705094e-12,-26.940216547658128,,,,,False,8
cart,7,5,3,7.154925415080355e-11,-23.360635034148086,1.9953202589705094e-12,-26.940216547658128,35.85853139571669,9.976601294852539e-12,False,8
cart,8,5,2,1.99531917842779e-12,-26.940217089196764,,,,,False,8
cart,8,5,3,7.154925415079593e-11,-23.360635034148192,1.99531917842779e-12,-26.940217089196764,35.85855081449831,9.976595892138943e-12,False,8
cart,9,5,2,1.9958800668324176e-12,-26.939936026601863,,,,,False,8
cart,9,5,3,7.154925415104249e-11,-23.360635034144746,1.9958800668324176e-12,-26.939936026601863,35.848473733492156,9.979400334162081e-12,False,8
cart,0,10,2,1.9958791425985023e-12,-26.93993648967284,,,,,False,8
cart,0,10,3,7.154925415103233e-11,-23.360635034144888,1.9958791425985023e-12,-26.93993648967284,35.8484903338786,1.9958791425985047e-11,False,8
cart,1,10,2,1.936364477478244e-12,-26.970208881633198,,,,,False,8
cart,1,10,3,7.151007688888388e-11,-23.361182740650197,1.936364477478244e-12,-26.970208881633198,36.93007061460481,1.9363644774782458e-11,False,8
cart,2,10,2,1.9955047647919927e-12,-26.940124082656272,,,,,False,8
cart,2,10,3,7.154925415088693e-11,-23.36063503414692,1.9955047647919927e-12,-26.940124082656272,35.855215889872895,1.9955047647919948e-11,False,8
cart,3,10,2,1.9949927790260667e-12,-26.940380685129078,,,,,False,8
cart,3,10,3,7.154925412445278e-11,-23.360635034516374,1.9949927790260667e-12,-26.940380685129078,35.86441759422424,1.9949927790260688e-11,False,8
cart,4,10,2,1.996556939975626e-12,-26.93959694891646,,,,,False,8
cart,4,10,3,7.156477735692446e-11,-23.36041809935814,1.996556939975626e-12,-26.93959694891646,35.84409536439173,1.996556939975628e-11,False,8
cart,5,10,2,1.9965572372643312e-12,-26.93959680001578,,,,,False,8
cart,5,10,3,7.156477735692878e-11,-23.36041809935808,1.9965572372643312e-12,-26.93959680001578,35.844090027184166,1.9965572372643334e-11,False,8
cart,6,10,2,1.995504826575116e-12,-26.940124051695122,,,,,False,8
cart,6,10,3,7.15492541508854e-11,-23.36063503414694,1.995504826575116e-12,-26.940124051695122,35.85521477975343,1.9955048265751184e-11,False,8
cart,7,10,2,1.9953202589705094e-12,-26.940216547658128,,,,,False,8
cart,7,10,3,7.154925415080355e-11,-23.360635034148086,1.9953202589705094e-12,-26.940216547658128,35.85853139571669,1.9953202589705114e-11,False,8
cart,8,10,2,1.99531917842779e-12,-26.940217089196764,,,,,False,8
cart,8,10,3,7.154925415079593e-11,-23.360635034148192,1.99531917842779e-12,-26.940217089196764,35.85855081449831,1.9953191784277924e-11,False,8
cart,9,10,2,1.9958800668324176e-12,-26.939936026601863,,,,,False,8
cart,9,10,3,7.154925415104249e-11,-23.360635034144746,1.9958800668324176e-12,-26.939936026601863,35.848473733492156,1.9958800668324198e-11,False,8
cart,0,20,2,1.9958791425985023e-12,-26.93993648967284,,,,,False,8
cart,0,20,3,7.154925415103233e-11,-23.360635034144888,1.9958791425985023e-12,-26.93993648967284,35.8484903338786,3.991758285197003e-11,False,8
cart,1,20,2,1.936364477478244e-12,-26.970208881633198,,,,,False,8
cart,1,20,3,7.151007688888388e-11,-23.361182740650197,1.936364477478244e-12,-26.970208881633198,36.93007061460481,3.872728954956485e-11,False,8
cart,2,20,2,1.9955047647919927e-12,-26.940124082656272,,,,,False,8
cart,2,20,3,7.154925415088693e-11,-23.36063503414692,1.9955047647919927e-12,-26.940124082656272,35.855215889872895,3.991009529583983e-11,False,8
cart,3,20,2,1.9949927790260667e-12,-26.940380685129078,,,,,False,8
cart,3,20,3,7.154925412445278e-11,-23.360635034516374,1.9949927790260667e-12,-26.940380685129078,35.86441759422424,3.989985558052131e-11,False,8
cart,4,20,2,1.996556939975626e-12,-26.93959694891646,,,,,False,8
cart,4,20,3,7.156477735692446e-11,-23.36041809935814,1.996556939975626e-12,-26.93959694891646,35.84409536439173,3.9931138799512496e-11,False,8
cart,5,20,2,1.9965572372643312e-12,-26.93959680001578,,,,,False,8
cart,5,20,3,7.156477735692878e-11,-23.36041809935808,1.9965572372643312e-12,-26.93959680001578,35.844090027184166,3.99311447452866e-11,False,8
cart,6,20,2,1.995504826575116e-12,-26.940124051695122,,,,,False,8
cart,6,20,3,7.15492541508854e-11,-23.36063503414694,1.995504826575116e-12,-26.940124051695122,35.85521477975343,3.9910096531502297e-11,False,8
cart,7,20,2,1.9953202589705094e-12,-26.940216547658128,,,,,False,8
cart,7,20,3,7.154925415080355e-11,-23.360635034148086,1.9953202589705094e-12,-26.940216547658128,35.85853139571669,3.990640517941016e-11,False,8
cart,8,20,2,1.99531917842779e-12,-26.940217089196764,,,,,False,8
cart,8,20,3,7.154925415079593e-11,-23.360635034148192,1.99531917842779e-12,-26.940217089196764,35.85855081449831,3.9906383568555777e-11,False,8
cart,9,20,2,1.9958800668324176e-12,-26.939936026601863,,,,,False,8
cart,9,20,3,7.154925415104249e-11,-23.360635034144746,1.9958800668324176e-12,-26.939936026601863,35.848473733492156,3.991760133664833e-11,False,8
cart,0,35,2,1.9958791425985023e-12,-26.93993648967284,,,,,False,8
cart,0,35,3,7.154925415103233e-11,-23.360635034144888,1.9958791425985023e-12,-26.93993648967284,35.8484903338786,6.985576999094766e-11,False,8
cart,1,35,2,1.936364477478244e-12,-26.970208881633198,,,,,False,8
cart,1,35,3,7.151007688888388e-11,-23.361182740650197,1.936364477478244e-12,-26.970208881633198,36.93007061460481,6.77727567117386e-11,False,8
cart,2,35,2,1.9955047647919927e-12,-26.940124082656272,,,,,False,8
cart,2,35,3,7.154925415088693e-11,-23.36063503414692,1.9955047647919927e-12,-26.940124082656272,35.855215889872895,6.984266676771982e-11,False,8
cart,3,35,2,1.9949927790260667e-12,-26.940380685129078,,,,,False,8
cart,3,35,3,7.154925412445278e-11,-23.360635034516374,1.9949927790260667e-12,-26.940380685129078,35.86441759422424,6.982474726591241e-11,False,8
cart,4,35,2,1.996556939975626e-12,-26.93959694891646,,,,,False,8
cart,4,35,3,7.156477735692446e-11,-23.36041809935814,1.996556939975626e-12,-26.93959694891646,35.84409536439173,6.987949289914699e-11,False,8
cart,5,35,2,1.9965572372643312e-12,-26.93959680001578,,,,,False,8
cart,5,35,3,7.156477735692878e-11,-23.36041809935808,1.9965572372643312e-12,-26.93959680001578,35.844090027184166,6.987950330425167e-11,False,8
cart,6,35,2,1.995504826575116e-12,-26.940124051695122,,,,,False,8
cart,6,35,3,7.15492541508854e-11,-23.36063503414694,1.995504826575116e-12,-26.940124051695122,35.85521477975343,6.984266893012915e-11,False,8
cart,7,35,2,1.9953202589705094e-12,-26.940216547658128,,,,,False,8
cart,7,35,3,7.154925415080355e-11,-23.360635034148086,1.9953202589705094e-12,-26.940216547658128,35.85853139571669,6.983620906396791e-11,False,8
cart,8,35,2,1.99531917842779e-12,-26.940217089196764,,,,,False,8
cart,8,35,3,7.154925415079593e-11,-23.360635034148192,1.99531917842779e-12,-26.940217089196764,35.85855081449831,6.983617124497274e-11,False,8
cart,9,35,2,1.9958800668324176e-12,-26.939936026601863,,,,,False,8
cart,9,35,3,7.154925415104249e-11,-23.360635034144746,1.9958800668324176e-12,-26.939936026601863,35.848473733492156,6.98558023391347e-11,False,8
cart,0,36,2,1.9958791425985023e-12,-26.93993648967284,,,,,False,8
cart,0,36,3,7.154925415103233e-11,-23.360635034144888,1.9958791425985023e-12,-26.93993648967284,35.8484903338786,7.185164913354601e-11,True,16
cart,1,36,2,1.936364477478244e-12,-26.970208881633198,,,,,False,8
cart,1,36,3,7.151007688888388e-11,-23.361182740650197,1.936364477478244e-12,-26.970208881633198,36.93007061460481,6.97091211892167e-11,False,8
cart,2,36,2,1.9955047647919927e-12,-26.940124082656272,,,,,False,8
cart,2,36,3,7.154925415088693e-11,-23.36063503414692,1.9955047647919927e-12,-26.940124082656272,35.855215889872895,7.183817153251166e-11,True,16
cart,3,36,2,1.9949927790260667e-12,-26.940380685129078,,,,,False,8
cart,3,36,3,7.154925412445278e-11,-23.360635034516374,1.9949927790260667e-12,-26.940380685129078,35.86441759422424,7.181974004493833e-11,True,16
cart,4,36,2,1.996556939975626e-12,-26.93959694891646,,,,,False,8
cart,4,36,3,7.156477735692446e-11,-23.36041809935814,1.996556939975626e-12,-26.93959694891646,35.84409536439173,7.187604983912247e-11,True,16
cart,5,36,2,1.9965572372643312e-12,-26.93959680001578,,,,,False,8
cart,5,36,3,7.156477735692878e-11,-23.36041809935808,1.9965572372643312e-12,-26.93959680001578,35.844090027184166,7.187606054151584e-11,True,16
cart,6,36,2,1.995504826575116e-12,-26.940124051695122,,,,,False,8
cart,6,36,3,7.15492541508854e-11,-23.36063503414694,1.995504826575116e-12,-26.940124051695122,35.85521477975343,7.183817375670411e-11,True,16
cart,7,36,2,1.9953202589705094e-12,-26.940216547658128,,,,,False,8
cart,7,36,3,7.154925415080355e-11,-23.360635034148086,1.9953202589705094e-12,-26.940216547658128,35.85853139571669,7.183152932293826e-11,True,16
cart,8,36,2,1.99531917842779e-12,-26.940217089196764,,,,,False,8
cart,8,36,3,7.154925415079593e-11,-23.360635034148192,1.99531917842779e-12,-26.940217089196764,35.85855081449831,7.183149042340038e-11,True,16
cart,9,36,2,1.9958800668324176e-12,-26.939936026601863,,,,,False,8
cart,9,36,3,7.154925415104249e-11,-23.360635034144746,1.9958800668324176e-12,-26.939936026601863,35.848473733492156,7.185168240596696e-11,True,16
cart,0,37,2,1.9958791425985023e-12,-26.93993648967284,,,,,False,8
cart,0,37,3,7.154925415103233e-11,-23.360635034144888,1.9958791425985023e-12,-26.93993648967284,35.8484903338786,7.384752827614469e-11,True,16
cart,1,37,2,1.936364477478244e-12,-26.970208881633198,,,,,False,8
cart,1,37,3,7.151007688888388e-11,-23.361182740650197,1.936364477478244e-12,-26.970208881633198,36.93007061460481,7.16454856666951e-11,True,16
cart,2,37,2,1.9955047647919927e-12,-26.940124082656272,,,,,False,8
cart,2,37,3,7.154925415088693e-11,-23.36063503414692,1.9955047647919927e-12,-26.940124082656272,35.855215889872895,7.383367629730382e-11,True,16
cart,3,37,2,1.9949927790260667e-12,-26.940380685129078,,,,,False,8
cart,3,37,3,7.154925412445278e-11,-23.360635034516374,1.9949927790260667e-12,-26.940380685129078,35.86441759422424,7.381473282396455e-11,True,16
cart,4,37,2,1.996556939975626e-12,-26.93959694891646,,,,,False,8
cart,4,37,3,7.156477735692446e-11,-23.36041809935814,1.996556939975626e-12,-26.93959694891646,35.84409536439173,7.387260677909825e-11,True,16
cart,5,37,2,1.9965572372643312e-12,-26.93959680001578,,,,,False,8
cart,5,37,3,7.156477735692878e-11,-23.36041809935808,1.9965572372643312e-12,-26.93959680001578,35.844090027184166,7.387261777878034e-11,True,16
cart,6,37,2,1.995504826575116e-12,-26.940124051695122,,,,,False,8
cart,6,37,3,7.15492541508854e-11,-23.36063503414694,1.995504826575116e-12,-26.940124051695122,35.85521477975343,7.383367858327939e-11,True,16
cart,7,37,2,1.9953202589705094e-12,-26.940216547658128,,,,,False,8
cart,7,37,3,7.154925415080355e-11,-23.360635034148086,1.9953202589705094e-12,-26.940216547658128,35.85853139571669,7.382684958190894e-11,True,16
cart,8,37,2,1.99531917842779e-12,-26.940217089196764,,,,,False,8
cart,8,37,3,7.154925415079593e-11,-23.360635034148192,1.99531917842779e-12,-26.940217089196764,35.85855081449831,7.382680960182833e-11,True,16
cart,9,37,2,1.9958800668324176e-12,-26.939936026601863,,,,,False,8
cart,9,37,3,7.154925415104249e-11,-23.360635034144746,1.9958800668324176e-12,-26.939936026601863,35.848473733492156,7.384756247279954e-11,True,16
cart,0,40,2,1.9958791425985023e-12,-26.93993648967284,,,,,False,8
cart,0,40,3,7.154925415103233e-11,-23.360635034144888,1.9958791425985023e-12,-26.93993648967284,35.8484903338786,7.98351657039402e-11,True,16
cart,1,40,2,1.936364477478244e-12,-26.970208881633198,,,,,False,8
cart,1,40,3,7.151007688888388e-11,-23.361182740650197,1.936364477478244e-12,-26.970208881633198,36.93007061460481,7.745457909912984e-11,True,16
cart,2,40,2,1.9955047647919927e-12,-26.940124082656272,,,,,False,8
cart,2,40,3,7.154925415088693e-11,-23.36063503414692,1.9955047647919927e-12,-26.940124082656272,35.855215889872895,7.98201905916798e-11,True,16
cart,3,40,2,1.9949927790260667e-12,-26.940380685129078,,,,,False,8
cart,3,40,3,7.154925412445278e-11,-23.360635034516374,1.9949927790260667e-12,-26.940380685129078,35.86441759422424,7.979971116104277e-11,True,16
cart,4,40,2,1.996556939975626e-12,-26.93959694891646,,,,,False,8
cart,4,40,3,7.156477735692446e-11,-23.36041809935814,1.996556939975626e-12,-26.93959694891646,35.84409536439173,7.986227759902515e-11,True,16
cart,5,40,2,1.9965572372643312e-12,-26.93959680001578,,,,,False,8
cart,5,40,3,7.156477735692878e-11,-23.36041809935808,1.9965572372643312e-12,-26.93959680001578,35.844090027184166,7.986228949057335e-11,True,16
cart,6,40,2,1.995504826575116e-12,-26.940124051695122,,,,,False,8
cart,6,40,3,7.15492541508854e-11,-23.36063503414694,1.995504826575116e-12,-26.940124051695122,35.85521477975343,7.982019306300475e-11,True,16
cart,7,40,2,1.9953202589705094e-12,-26.940216547658128,,,,,False,8
cart,7,40,3,7.154925415080355e-11,-23.360635034148086,1.9953202589705094e-12,-26.940216547658128,35.85853139571669,7.981281035882047e-11,True,16
cart,8,40,2,1.99531917842779e-12,-26.940217089196764,,,,,False,8
cart,8,40,3,7.154925415079593e-11,-23.360635034148192,1.99531917842779e-12,-26.940217089196764,35.85855081449831,7.981276713711171e-11,True,16
cart,9,40,2,1.9958800668324176e-12,-26.939936026601863,,,,,False,8
cart,9,40,3,7.154925415104249e-11,-23.360635034144746,1.9958800668324176e-12,-26.939936026601863,35.848473733492156,7.98352026732968e-11,True,16
cart,0,50,2,1.9958791425985023e-12,-26.93993648967284,,,,,False,8
cart,0,50,3,7.154925415103233e-11,-23.360635034144888,1.9958791425985023e-12,-26.93993648967284,35.8484903338786,9.979395712992516e-11,True,16
cart,1,50,2,1.936364477478244e-12,-26.970208881633198,,,,,False,8
cart,1,50,3,7.151007688888388e-11,-23.361182740650197,1.936364477478244e-12,-26.970208881633198,36.93007061460481,9.681822387391222e-11,True,16
cart,2,50,2,1.9955047647919927e-12,-26.940124082656272,,,,,False,8
cart,2,50,3,7.154925415088693e-11,-23.36063503414692,1.9955047647919927e-12,-26.940124082656272,35.855215889872895,9.977523823959967e-11,True,16
cart,3,50,2,1.9949927790260667e-12,-26.940380685129078,,,,,False,8
cart,3,50,3,7.154925412445278e-11,-23.360635034516374,1.9949927790260667e-12,-26.940380685129078,35.86441759422424,9.974963895130337e-11,True,16
cart,4,50,2,1.996556939975626e-12,-26.93959694891646,,,,,False,8
cart,4,50,3,7.156477735692446e-11,-23.36041809935814,1.996556939975626e-12,-26.93959694891646,35.84409536439173,9.982784699878133e-11,True,16
cart,5,50,2,1.9965572372643312e-12,-26.93959680001578,,,,,False,8
cart,5,50,3,7.156477735692878e-11,-23.36041809935808,1.9965572372643312e-12,-26.93959680001578,35.844090027184166,9.982786186321659e-11,True,16
cart,6,50,2,1.995504826575116e-12,-26.940124051695122,,,,,False,8
cart,6,50,3,7.15492541508854e-11,-23.36063503414694,1.995504826575116e-12,-26.940124051695122,35.85521477975343,9.977524132875584e-11,True,16
cart,7,50,2,1.9953202589705094e-12,-26.940216547658128,,,,,False,8
cart,7,50,3,7.154925415080355e-11,-23.360635034148086,1.9953202589705094e-12,-26.940216547658128,35.85853139571669,9.97660129485255e-11,True,16
cart,8,50,2,1.99531917842779e-12,-26.940217089196764,,,,,False,8
cart,8,50,3,7.154925415079593e-11,-23.360635034148192,1.99531917842779e-12,-26.940217089196764,35.85855081449831,9.976595892138954e-11,True,16
cart,9,50,2,1.9958800668324176e-12,-26.939936026601863,,,,,False,8
cart,9,50,3,7.154925415104249e-11,-23.360635034144746,1.9958800668324176e-12,-26.939936026601863,35.848473733492156,9.979400334162092e-11,True,16
cart,0,80,2,1.9958791425985023e-12,-26.93993648967284,,,,,False,8
cart,0,80,3,7.154925415103233e-11,-23.360635034144888,1.9958791425985023e-12,-26.93993648967284,35.8484903338786,1.5967033140788014e-10,True,16
cart,1,80,2,1.936364477478244e-12,-26.970208881633198,,,,,False,8
cart,1,80,3,7.151007688888388e-11,-23.361182740650197,1.936364477478244e-12,-26.970208881633198,36.93007061460481,1.5490915819825943e-10,True,16
cart,2,80,2,1.9955047647919927e-12,-26.940124082656272,,,,,False,8
cart,2,80,3,7.154925415088693e-11,-23.36063503414692,1.9955047647919927e-12,-26.940124082656272,35.855215889872895,1.5964038118335935e-10,True,16
cart,3,80,2,1.9949927790260667e-12,-26.940380685129078,,,,,False,8
cart,3,80,3,7.154925412445278e-11,-23.360635034516374,1.9949927790260667e-12,-26.940380685129078,35.86441759422424,1.5959942232208527e-10,True,16
cart,4,80,2,1.996556939975626e-12,-26.93959694891646,,,,,False,8
cart,4,80,3,7.156477735692446e-11,-23.36041809935814,1.996556939975626e-12,-26.93959694891646,35.84409536439173,1.5972455519805e-10,True,16
cart,5,80,2,1.9965572372643312e-12,-26.93959680001578,,,,,False,8
cart,5,80,3,7.156477735692878e-11,-23.36041809935808,1.9965572372643312e-12,-26.93959680001578,35.844090027184166,1.5972457898114641e-10,True,16
cart,6,80,2,1.995504826575116e-12,-26.940124051695122,,,,,False,8
cart,6,80,3,7.15492541508854e-11,-23.36063503414694,1.995504826575116e-12,-26.940124051695122,35.85521477975343,1.596403861260092e-10,True,16
cart,7,80,2,1.9953202589705094e-12,-26.940216547658128,,,,,False,8
cart,7,80,3,7.154925415080355e-11,-23.360635034148086,1.9953202589705094e-12,-26.940216547658128,35.85853139571669,1.5962562071764068e-10,True,16
cart,8,80,2,1.99531917842779e-12,-26.940217089196764,,,,,False,8
cart,8,80,3,7.154925415079593e-11,-23.360635034148192,1.99531917842779e-12,-26.940217089196764,35.85855081449831,1.5962553427422313e-10,True,16
cart,9,80,2,1.9958800668324176e-12,-26.939936026601863,,,,,False,8
cart,9,80,3,7.154925415104249e-11,-23.360635034144746,1.9958800668324176e-12,-26.939936026601863,35.848473733492156,1.5967040534659335e-10,True,16
cart,0,100,2,1.9958791425985023e-12,-26.93993648967284,,,,,False,8
cart,0,100,3,7.154925415103233e-11,-23.360635034144888,1.9958791425985023e-12,-26.93993648967284,35.8484903338786,1.9958791425985068e-10,True,16
cart,1,100,2,1.936364477478244e-12,-26.970208881633198,,,,,False,8
cart,1,100,3,7.151007688888388e-11,-23.361182740650197,1.936364477478244e-12,-26.970208881633198,36.93007061460481,1.936364477478248e-10,True,16
cart,2,100,2,1.9955047647919927e-12,-26.940124082656272,,,,,False,8
cart,2,100,3,7.154925415088693e-11,-23.36063503414692,1.9955047647919927e-12,-26.940124082656272,35.855215889872895,1.99550476479199e-10,True,16
cart,3,100,2,1.9949927790260667e-12,-26.940380685129078,,,,,False,8
cart,3,100,3,7.154925412445278e-11,-23.360635034516374,1.9949927790260667e-12,-26.940380685129078,35.86441759422424,1.994992779026071e-10,True,16
cart,4,100,2,1.996556939975626e-12,-26.93959694891646,,,,,False,8
cart,4,100,3,7.156477735692446e-11,-23.36041809935814,1.996556939975626e-12,-26.93959694891646,35.84409536439173,1.9965569399756304e-10,True,16
cart,5,100,2,1.9965572372643312e-12,-26.93959680001578,,,,,False,8
cart,5,100,3,7.156477735692878e-11,-23.36041809935808,1.9965572372643312e-12,-26.93959680001578,35.844090027184166,1.9965572372643284e-10,True,16
cart,6,100,2,1.995504826575116e-12,-26.940124051695122,,,,,False,8
cart,6,100,3,7.15492541508854e-11,-23.36063503414694,1.995504826575116e-12,-26.940124051695122,35.85521477975343,1.9955048265751204e-10,True,16
cart,7,100,2,1.9953202589705094e-12,-26.940216547658128,,,,,False,8
cart,7,100,3,7.154925415080355e-11,-23.360635034148086,1.9953202589705094e-12,-26.940216547658128,35.85853139571669,1.9953202589705065e-10,True,16
cart,8,100,2,1.99531917842779e-12,-26.940217089196764,,,,,False,8
cart,8,100,3,7.154925415079593e-11,-23.360635034148192,1.99531917842779e-12,-26.940217089196764,35.85855081449831,1.9953191784277945e-10,True,16
cart,9,100,2,1.9958800668324176e-12,-26.939936026601863,,,,,False,8
cart,9,100,3,7.154925415104249e-11,-23.360635034144746,1.9958800668324176e-12,-26.939936026601863,35.848473733492156,1.9958800668324222e-10,True,16
cart,0,500,2,1.9958791425985023e-12,-26.93993648967284,,,,,False,8
cart,0,500,3,7.154925415103233e-11,-23.360635034144888,1.9958791425985023e-12,-26.93993648967284,35.8484903338786,9.979395712992492e-10,True,16
cart,1,500,2,1.936364477478244e-12,-26.970208881633198,,,,,False,8
cart,1,500,3,7.151007688888388e-11,-23.361182740650197,1.936364477478244e-12,-26.970208881633198,36.93007061460481,9.681822387391198e-10,True,16
cart,2,500,2,1.9955047647919927e-12,-26.940124082656272,,,,,False,8
cart,2,500,3,7.154925415088693e-11,-23.36063503414692,1.9955047647919927e-12,-26.940124082656272,35.855215889872895,9.977523823959978e-10,True,16
cart,3,500,2,1.9949927790260667e-12,-26.940380685129078,,,,,False,8
cart,3,500,3,7.154925412445278e-11,-23.360635034516374,1.9949927790260667e-12,-26.940380685129078,35.86441759422424,9.974963895130313e-10,True,16
cart,4,500,2,1.996556939975626e-12,-26.93959694891646,,,,,False,8
cart,4,500,3,7.156477735692446e-11,-23.36041809935814,1.996556939975626e-12,-26.93959694891646,35.84409536439173,9.982784699878109e-10,True,16
cart,5,500,2,1.9965572372643312e-12,-26.93959680001578,,,,,False,8
cart,5,500,3,7.156477735692878e-11,-23.36041809935808,1.9965572372643312e-12,-26.93959680001578,35.844090027184166,9.98278618632167e-10,True,16
cart,6,500,2,1.995504826575116e-12,-26.940124051695122,,,,,False,8
cart,6,500,3,7.15492541508854e-11,-23.36063503414694,1.995504826575116e-12,-26.940124051695122,35.85521477975343,9.97752413287556e-10,True,16
cart,7,500,2,1.9953202589705094e-12,-26.940216547658128,,,,,False,8
cart,7,500,3,7.154925415080355e-11,-23.360635034148086,1.9953202589705094e-12,-26.940216547658128,35.85853139571669,9.97660129485256e-10,True,16
cart,8,500,2,1.99531917842779e-12,-26.940217089196764,,,,,False,8
cart,8,500,3,7.154925415079593e-11,-23.360635034148192,1.99531917842779e-12,-26.940217089196764,35.85855081449831,9.97659589213893e-10,True,16
cart,9,500,2,1.9958800668324176e-12,-26.939936026601863,,,,,False,8
cart,9,500,3,7.154925415104249e-11,-23.360635034144746,1.9958800668324176e-12,-26.939936026601863,35.848473733492156,9.979400334162068e-10,True,16
cart,0,1000,2,1.9958791425985023e-12,-26.93993648967284,,,,,False,8
cart,0,1000,3,7.154925415103233e-11,-23.360635034144888,1.9958791425985023e-12,-26.93993648967284,35.8484903338786,1.995879142598502e-09,True,16
cart,1,1000,2,1.936364477478244e-12,-26.970208881633198,,,,,False,8
cart,1,1000,3,7.151007688888388e-11,-23.361182740650197,1.936364477478244e-12,-26.970208881633198,36.93007061460481,1.9363644774782434e-09,True,16
cart,2,1000,2,1.9955047647919927e-12,-26.940124082656272,,,,,False,8
cart,2,1000,3,7.154925415088693e-11,-23.36063503414692,1.9955047647919927e-12,-26.940124082656272,35.855215889872895,1.9955047647919922e-09,True,16
cart,3,1000,2,1.9949927790260667e-12,-26.940380685129078,,,,,False,8
cart,3,1000,3,7.154925412445278e-11,-23.360635034516374,1.9949927790260667e-12,-26.940380685129078,35.86441759422424,1.9949927790260663e-09,True,16
cart,4,1000,2,1.996556939975626e-12,-26.93959694891646,,,,,False,8
cart,4,1000,3,7.156477735692446e-11,-23.36041809935814,1.996556939975626e-12,-26.93959694891646,35.84409536439173,1.9965569399756255e-09,True,16
cart,5,1000,2,1.9965572372643312e-12,-26.93959680001578,,,,,False,8
cart,5,1000,3,7.156477735692878e-11,-23.36041809935808,1.9965572372643312e-12,-26.93959680001578,35.844090027184166,1.9965572372643306e-09,True,16
cart,6,1000,2,1.995504826575116e-12,-26.940124051695122,,,,,False,8
cart,6,1000,3,7.15492541508854e-11,-23.36063503414694,1.995504826575116e-12,-26.940124051695122,35.85521477975343,1.9955048265751155e-09,True,16
cart,7,1000,2,1.9953202589705094e-12,-26.940216547658128,,,,,False,8
cart,7,1000,3,7.154925415080355e-11,-23.360635034148086,1.9953202589705094e-12,-26.940216547658128,35.85853139571669,1.995320258970509e-09,True,16
cart,8,1000,2,1.99531917842779e-12,-26.940217089196764,,,,,False,8
cart,8,1000,3,7.154925415079593e-11,-23.360635034148192,1.99531917842779e-12,-26.940217089196764,35.85855081449831,1.9953191784277896e-09,True,16
cart,9,1000,2,1.9958800668324176e-12,-26.939936026601863,,,,,False,8
cart,9,1000,3,7.154925415104249e-11,-23.360635034144746,1.9958800668324176e-12,-26.939936026601863,35.848473733492156,1.9958800668324174e-09,True,16
cart,0,5000,2,1.9958791425985023e-12,-26.93993648967284,,,,,False,8
cart,0,5000,3,7.154925415103233e-11,-23.360635034144888,1.9958791425985023e-12,-26.93993648967284,35.8484903338786,9.979395712992537e-09,True,16
cart,1,5000,2,1.936364477478244e-12,-26.970208881633198,,,,,False,8
cart,1,5000,3,7.151007688888388e-11,-23.361182740650197,1.936364477478244e-12,-26.970208881633198,36.93007061460481,9.681822387391243e-09,True,16
cart,2,5000,2,1.9955047647919927e-12,-26.940124082656272,,,,,False,8
cart,2,5000,3,7.154925415088693e-11,-23.36063503414692,1.9955047647919927e-12,-26.940124082656272,35.855215889872895,9.977523823959954e-09,True,16
cart,3,5000,2,1.9949927790260667e-12,-26.940380685129078,,,,,False,8
cart,3,5000,3,7.154925412445278e-11,-23.360635034516374,1.9949927790260667e-12,-26.940380685129078,35.86441759422424,9.97496389513036e-09,True,16
cart,4,5000,2,1.996556939975626e-12,-26.93959694891646,,,,,False,8
cart,4,5000,3,7.156477735692446e-11,-23.36041809935814,1.996556939975626e-12,-26.93959694891646,35.84409536439173,9.982784699878155e-09,True,16
cart,5,5000,2,1.9965572372643312e-12,-26.93959680001578,,,,,False,8
cart,5,5000,3,7.156477735692878e-11,-23.36041809935808,1.9965572372643312e-12,-26.93959680001578,35.844090027184166,9.982786186321646e-09,True,16
cart,6,5000,2,1.995504826575116e-12,-26.940124051695122,,,,,False,8
cart,6,5000,3,7.15492541508854e-11,-23.36063503414694,1.995504826575116e-12,-26.940124051695122,35.85521477975343,9.977524132875606e-09,True,16
cart,7,5000,2,1.9953202589705094e-12,-26.940216547658128,,,,,False,8
cart,7,5000,3,7.154925415080355e-11,-23.360635034148086,1.9953202589705094e-12,-26.940216547658128,35.85853139571669,9.976601294852537e-09,True,16
cart,8,5000,2,1.99531917842779e-12,-26.940217089196764,,,,,False,8
cart,8,5000,3,7.154925415079593e-11,-23.360635034148192,1.99531917842779e-12,-26.940217089196764,35.85855081449831,9.976595892138976e-09,True,16
cart,9,5000,2,1.9958800668324176e-12,-26.939936026601863,,,,,False,8
cart,9,5000,3,7.154925415104249e-11,-23.360635034144746,1.9958800668324176e-12,-26.939936026601863,35.848473733492156,9.979400334162114e-09,True,16
cart,0,10000,2,1.9958791425985023e-12,-26.93993648967284,,,,,False,8
cart,0,10000,3,7.154925415103233e-11,-23.360635034144888,1.9958791425985023e-12,-26.93993648967284,35.8484903338786,1.9958791425985042e-08,True,16
cart,1,10000,2,1.936364477478244e-12,-26.970208881633198,,,,,False,8
cart,1,10000,3,7.151007688888388e-11,-23.361182740650197,1.936364477478244e-12,-26.970208881633198,36.93007061460481,1.9363644774782453e-08,True,16
cart,2,10000,2,1.9955047647919927e-12,-26.940124082656272,,,,,False,8
cart,2,10000,3,7.154925415088693e-11,-23.36063503414692,1.9955047647919927e-12,-26.940124082656272,35.855215889872895,1.9955047647919944e-08,True,16
cart,3,10000,2,1.9949927790260667e-12,-26.940380685129078,,,,,False,8
cart,3,10000,3,7.154925412445278e-11,-23.360635034516374,1.9949927790260667e-12,-26.940380685129078,35.86441759422424,1.9949927790260683e-08,True,16
cart,4,10000,2,1.996556939975626e-12,-26.93959694891646,,,,,False,8
cart,4,10000,3,7.156477735692446e-11,-23.36041809935814,1.996556939975626e-12,-26.93959694891646,35.84409536439173,1.9965569399756276e-08,True,16
cart,5,10000,2,1.9965572372643312e-12,-26.93959680001578,,,,,False,8
cart,5,10000,3,7.156477735692878e-11,-23.36041809935808,1.9965572372643312e-12,-26.93959680001578,35.844090027184166,1.9965572372643328e-08,True,16
cart,6,10000,2,1.995504826575116e-12,-26.940124051695122,,,,,False,8
cart,6,10000,3,7.15492541508854e-11,-23.36063503414694,1.995504826575116e-12,-26.940124051695122,35.85521477975343,1.995504826575118e-08,True,16
cart,7,10000,2,1.9953202589705094e-12,-26.940216547658128,,,,,False,8
cart,7,10000,3,7.154925415080355e-11,-23.360635034148086,1.9953202589705094e-12,-26.940216547658128,35.85853139571669,1.995320258970511e-08,True,16
cart,8,10000,2,1.99531917842779e-12,-26.940217089196764,,,,,False,8
cart,8,10000,3,7.154925415079593e-11,-23.360635034148192,1.99531917842779e-12,-26.940217089196764,35.85855081449831,1.995319178427792e-08,True,16
cart,9,10000,2,1.9958800668324176e-12,-26.939936026601863,,,,,False,8
cart,9,10000,3,7.154925415104249e-11,-23.360635034144746,1.9958800668324176e-12,-26.939936026601863,35.848473733492156,1.9958800668324195e-08,True,16
cart,0,13000,2,1.9958791425985023e-12,-26.93993648967284,,,,,False,8
cart,0,13000,3,7.154925415103233e-11,-23.360635034144888,1.9958791425985023e-12,-26.93993648967284,35.8484903338786,2.5946428853780515e-08,True,16
cart,1,13000,2,1.936364477478244e-12,-26.970208881633198,,,,,False,8
cart,1,13000,3,7.151007688888388e-11,-23.361182740650197,1.936364477478244e-12,-26.970208881633198,36.93007061460481,2.517273820721715e-08,True,16
cart,2,13000,2,1.9955047647919927e-12,-26.940124082656272,,,,,False,8
cart,2,13000,3,7.154925415088693e-11,-23.36063503414692,1.9955047647919927e-12,-26.940124082656272,35.855215889872895,2.5941561942295888e-08,True,16
cart,3,13000,2,1.9949927790260667e-12,-26.940380685129078,,,,,False,8
cart,3,13000,3,7.154925412445278e-11,-23.360635034516374,1.9949927790260667e-12,-26.940380685129078,35.86441759422424,2.593490612733885e-08,True,16
cart,4,13000,2,1.996556939975626e-12,-26.93959694891646,,,,,False,8
cart,4,13000,3,7.156477735692446e-11,-23.36041809935814,1.996556939975626e-12,-26.93959694891646,35.84409536439173,2.595524021968312e-08,True,16
cart,5,13000,2,1.9965572372643312e-12,-26.93959680001578,,,,,False,8
cart,5,13000,3,7.156477735692878e-11,-23.36041809935808,1.9965572372643312e-12,-26.93959680001578,35.844090027184166,2.5955244084436286e-08,True,16
cart,6,13000,2,1.995504826575116e-12,-26.940124051695122,,,,,False,8
cart,6,13000,3,7.15492541508854e-11,-23.36063503414694,1.995504826575116e-12,-26.940124051695122,35.85521477975343,2.594156274547649e-08,True,16
cart,7,13000,2,1.9953202589705094e-12,-26.940216547658128,,,,,False,8
cart,7,13000,3,7.154925415080355e-11,-23.360635034148086,1.9953202589705094e-12,-26.940216547658128,35.85853139571669,2.5939163366616602e-08,True,16
cart,8,13000,2,1.99531917842779e-12,-26.940217089196764,,,,,False,8
cart,8,13000,3,7.154925415079593e-11,-23.360635034148192,1.99531917842779e-12,-26.940217089196764,35.85855081449831,2.5939149319561254e-08,True,16
cart,9,13000,2,1.9958800668324176e-12,-26.939936026601863,,,,,False,8
cart,9,13000,3,7.154925415104249e-11,-23.360635034144746,1.9958800668324176e-12,-26.939936026601863,35.848473733492156,2.594644086882141e-08,True,16
cart,0,13750,2,1.9958791425985023e-12,-26.93993648967284,,,,,False,8
cart,0,13750,3,7.154925415103233e-11,-23.360635034144888,1.9958791425985023e-12,-26.93993648967284,35.8484903338786,2.7443338210729427e-08,True,16
cart,1,13750,2,1.936364477478244e-12,-26.970208881633198,,,,,False,8
cart,1,13750,3,7.151007688888388e-11,-23.361182740650197,1.936364477478244e-12,-26.970208881633198,36.93007061460481,2.662501156532587e-08,True,16
cart,2,13750,2,1.9955047647919927e-12,-26.940124082656272,,,,,False,8
cart,2,13750,3,7.154925415088693e-11,-23.36063503414692,1.9955047647919927e-12,-26.940124082656272,35.855215889872895,2.7438190515889918e-08,True,16
cart,3,13750,2,1.9949927790260667e-12,-26.940380685129078,,,,,False,8
cart,3,13750,3,7.154925412445278e-11,-23.360635034516374,1.9949927790260667e-12,-26.940380685129078,35.86441759422424,2.7431150711608437e-08,True,16
cart,4,13750,2,1.996556939975626e-12,-26.93959694891646,,,,,False,8
cart,4,13750,3,7.156477735692446e-11,-23.36041809935814,1.996556939975626e-12,-26.93959694891646,35.84409536439173,2.7452657924664878e-08,True,16
cart,5,13750,2,1.9965572372643312e-12,-26.93959680001578,,,,,False,8
cart,5,13750,3,7.156477735692878e-11,-23.36041809935808,1.9965572372643312e-12,-26.93959680001578,35.844090027184166,2.745266201238457e-08,True,16
cart,6,13750,2,1.995504826575116e-12,-26.940124051695122,,,,,False,8
cart,6,13750,3,7.15492541508854e-11,-23.36063503414694,1.995504826575116e-12,-26.940124051695122,35.85521477975343,2.7438191365407868e-08,True,16
cart,7,13750,2,1.9953202589705094e-12,-26.940216547658128,,,,,False,8
cart,7,13750,3,7.154925415080355e-11,-23.360635034148086,1.9953202589705094e-12,-26.940216547658128,35.85853139571669,2.7435653560844523e-08,True,16
cart,8,13750,2,1.99531917842779e-12,-26.940217089196764,,,,,False,8
cart,8,13750,3,7.154925415079593e-11,-23.360635034148192,1.99531917842779e-12,-26.940217089196764,35.85855081449831,2.7435638703382134e-08,True,16
cart,9,13750,2,1.9958800668324176e-12,-26.939936026601863,,,,,False,8
cart,9,13750,3,7.154925415104249e-11,-23.360635034144746,1.9958800668324176e-12,-26.939936026601863,35.848473733492156,2.7443350918945762e-08,True,16
cart,0,14000,2,1.9958791425985023e-12,-26.93993648967284,,,,,False,8
cart,0,14000,3,7.154925415103233e-11,-23.360635034144888,1.9958791425985023e-12,-26.93993648967284,35.8484903338786,2.7942307996379035e-08,True,16
cart,1,14000,2,1.936364477478244e-12,-26.970208881633198,,,,,False,8
cart,1,14000,3,7.151007688888388e-11,-23.361182740650197,1.936364477478244e-12,-26.970208881633198,36.93007061460481,2.710910268469541e-08,True,16
cart,2,14000,2,1.9955047647919927e-12,-26.940124082656272,,,,,False,8
cart,2,14000,3,7.154925415088693e-11,-23.36063503414692,1.9955047647919927e-12,-26.940124082656272,35.855215889872895,2.7937066707087896e-08,True,16
cart,3,14000,2,1.9949927790260667e-12,-26.940380685129078,,,,,False,8
cart,3,14000,3,7.154925412445278e-11,-23.360635034516374,1.9949927790260667e-12,-26.940380685129078,35.86441759422424,2.7929898906364935e-08,True,16
cart,4,14000,2,1.996556939975626e-12,-26.93959694891646,,,,,False,8
cart,4,14000,3,7.156477735692446e-11,-23.36041809935814,1.996556939975626e-12,-26.93959694891646,35.84409536439173,2.7951797159658765e-08,True,16
cart,5,14000,2,1.9965572372643312e-12,-26.93959680001578,,,,,False,8
cart,5,14000,3,7.156477735692878e-11,-23.36041809935808,1.9965572372643312e-12,-26.93959680001578,35.844090027184166,2.7951801321700636e-08,True,16
cart,6,14000,2,1.995504826575116e-12,-26.940124051695122,,,,,False,8
cart,6,14000,3,7.15492541508854e-11,-23.36063503414694,1.995504826575116e-12,-26.940124051695122,35.85521477975343,2.7937067572051624e-08,True,16
cart,7,14000,2,1.9953202589705094e-12,-26.940216547658128,,,,,False,8
cart,7,14000,3,7.154925415080355e-11,-23.360635034148086,1.9953202589705094e-12,-26.940216547658128,35.85853139571669,2.793448362558713e-08,True,16
cart,8,14000,2,1.99531917842779e-12,-26.940217089196764,,,,,False,8
cart,8,14000,3,7.154925415079593e-11,-23.360635034148192,1.99531917842779e-12,-26.940217089196764,35.85855081449831,2.793446849798906e-08,True,16
cart,9,14000,2,1.9958800668324176e-12,-26.939936026601863,,,,,False,8
cart,9,14000,3,7.154925415104249e-11,-23.360635034144746,1.9958800668324176e-12,-26.939936026601863,35.848473733492156,2.7942320935653848e-08,True,16
cart,0,15000,2,1.9958791425985023e-12,-26.93993648967284,,,,,False,8
cart,0,15000,3,7.154925415103233e-11,-23.360635034144888,1.9958791425985023e-12,-26.93993648967284,35.8484903338786,2.993818713897754e-08,True,16
cart,1,15000,2,1.936364477478244e-12,-26.970208881633198,,,,,False,8
cart,1,15000,3,7.151007688888388e-11,-23.361182740650197,1.936364477478244e-12,-26.970208881633198,36.93007061460481,2.9045467162173662e-08,True,16
cart,2,15000,2,1.9955047647919927e-12,-26.940124082656272,,,,,False,8
cart,2,15000,3,7.154925415088693e-11,-23.36063503414692,1.9955047647919927e-12,-26.940124082656272,35.855215889872895,2.99325714718799e-08,True,16
cart,3,15000,2,1.9949927790260667e-12,-26.940380685129078,,,,,False,8
cart,3,15000,3,7.154925412445278e-11,-23.360635034516374,1.9949927790260667e-12,-26.940380685129078,35.86441759422424,2.992489168539101e-08,True,16
cart,4,15000,2,1.996556939975626e-12,-26.93959694891646,,,,,False,8
cart,4,15000,3,7.156477735692446e-11,-23.36041809935814,1.996556939975626e-12,-26.93959694891646,35.84409536439173,2.994835409963439e-08,True,16
cart,5,15000,2,1.9965572372643312e-12,-26.93959680001578,,,,,False,8
cart,5,15000,3,7.156477735692878e-11,-23.36041809935808,1.9965572372643312e-12,-26.93959680001578,35.844090027184166,2.994835855896497e-08,True,16
cart,6,15000,2,1.995504826575116e-12,-26.940124051695122,,,,,False,8
cart,6,15000,3,7.15492541508854e-11,-23.36063503414694,1.995504826575116e-12,-26.940124051695122,35.85521477975343,2.9932572398626745e-08,True,16
cart,7,15000,2,1.9953202589705094e-12,-26.940216547658128,,,,,False,8
cart,7,15000,3,7.154925415080355e-11,-23.360635034148086,1.9953202589705094e-12,-26.940216547658128,35.85853139571669,2.992980388455764e-08,True,16
cart,8,15000,2,1.99531917842779e-12,-26.940217089196764,,,,,False,8
cart,8,15000,3,7.154925415079593e-11,-23.360635034148192,1.99531917842779e-12,-26.940217089196764,35.85855081449831,2.992978767641686e-08,True,16
cart,9,15000,2,1.9958800668324176e-12,-26.939936026601863,,,,,False,8
cart,9,15000,3,7.154925415104249e-11,-23.360635034144746,1.9958800668324176e-12,-26.939936026601863,35.848473733492156,2.9938201002486274e-08,True,16
cart,0,20000,2,1.9958791425985023e-12,-26.93993648967284,,,,,False,8
cart,0,20000,3,7.154925415103233e-11,-23.360635034144888,1.9958791425985023e-12,-26.93993648967284,35.8484903338786,3.991758285197002e-08,True,16
cart,1,20000,2,1.936364477478244e-12,-26.970208881633198,,,,,False,8
cart,1,20000,3,7.151007688888388e-11,-23.361182740650197,1.936364477478244e-12,-26.970208881633198,36.93007061460481,3.872728954956484e-08,True,16
cart,2,20000,2,1.9955047647919927e-12,-26.940124082656272,,,,,False,8
cart,2,20000,3,7.154925415088693e-11,-23.36063503414692,1.9955047647919927e-12,-26.940124082656272,35.855215889872895,3.991009529583982e-08,True,16
cart,3,20000,2,1.9949927790260667e-12,-26.940380685129078,,,,,False,8
cart,3,20000,3,7.154925412445278e-11,-23.360635034516374,1.9949927790260667e-12,-26.940380685129078,35.86441759422424,3.98998555805213e-08,True,16
cart,4,20000,2,1.996556939975626e-12,-26.93959694891646,,,,,False,8
cart,4,20000,3,7.156477735692446e-11,-23.36041809935814,1.996556939975626e-12,-26.93959694891646,35.84409536439173,3.9931138799512486e-08,True,16
cart,5,20000,2,1.9965572372643312e-12,-26.93959680001578,,,,,False,8
cart,5,20000,3,7.156477735692878e-11,-23.36041809935808,1.9965572372643312e-12,-26.93959680001578,35.844090027184166,3.993114474528659e-08,True,16
cart,6,20000,2,1.995504826575116e-12,-26.940124051695122,,,,,False,8
cart,6,20000,3,7.15492541508854e-11,-23.36063503414694,1.995504826575116e-12,-26.940124051695122,35.85521477975343,3.991009653150229e-08,True,16
cart,7,20000,2,1.9953202589705094e-12,-26.940216547658128,,,,,False,8
cart,7,20000,3,7.154925415080355e-11,-23.360635034148086,1.9953202589705094e-12,-26.940216547658128,35.85853139571669,3.9906405179410155e-08,True,16
cart,8,20000,2,1.99531917842779e-12,-26.940217089196764,,,,,False,8
cart,8,20000,3,7.154925415079593e-11,-23.360635034148192,1.99531917842779e-12,-26.940217089196764,35.85855081449831,3.990638356855577e-08,True,16
cart,9,20000,2,1.9958800668324176e-12,-26.939936026601863,,,,,False,8
cart,9,20000,3,7.154925415104249e-11,-23.360635034144746,1.9958800668324176e-12,-26.939936026601863,35.848473733492156,3.9917601336648324e-08,True,16
aisle,0,0.1,2,4.744865523569378e-07,-14.561032559957805,,,,,False,8
aisle,0,0.1,3,0.006509335761758317,-5.034517861491501,4.744865523569378e-07,-14.561032559957805,13718.693879571947,4.744865523569373e-08,False,8
aisle,1,0.1,2,4.743609171915269e-07,-14.561297376316972,,,,,False,8
aisle,1,0.1,3,0.006511557456032006,-5.034176610817206,4.743609171915269e-07,-14.561297376316972,13727.010847740054,4.743609171915264e-08,False,8
aisle,2,0.1,2,4.744295012954305e-07,-14.561152804654597,,,,,False,8
aisle,2,0.1,3,0.0065093315072353814,-5.034518515094954,4.744295012954305e-07,-14.561152804654597,13720.334611278686,4.7442950129542996e-08,False,8
aisle,3,0.1,2,4.742191722417236e-07,-14.561596233424426,,,,,False,8
aisle,3,0.1,3,0.006509315862963818,-5.034520918458547,4.742191722417236e-07,-14.561596233424426,13726.38696194642,4.742191722417239e-08,False,8
aisle,4,0.1,2,4.7180837374711547e-07,-14.566692921620133,,,,,False,8
aisle,4,0.1,3,0.00650944102409602,-5.03450169064236,4.7180837374711547e-07,-14.566692921620133,13796.789939097212,4.718083737471158e-08,False,8
aisle,5,0.1,2,4.7449685264674527e-07,-14.561010851907373,,,,,False,8
aisle,5,0.1,3,0.006509394945778087,-5.034508769357852,4.7449685264674527e-07,-14.561010851907373,13718.520806763312,4.7449685264674476e-08,False,8
aisle,6,0.1,2,4.7439068109335636e-07,-14.561234633019584,,,,,False,8
aisle,6,0.1,3,0.00651102508070345,-5.034258372683925,4.7439068109335636e-07,-14.561234633019584,13725.02736709983,4.743906810933558e-08,False,8
aisle,7,0.1,2,4.7273379752646235e-07,-14.564733402810692,,,,,False,8
aisle,7,0.1,3,0.0065092999473415425,-5.034523363514536,4.7273379752646235e-07,-14.564733402810692,13769.482912795482,4.727337975264618e-08,False,8
aisle,8,0.1,2,4.713992082393395e-07,-14.567560526039895,,,,,False,8
aisle,8,0.1,3,0.006509335210491888,-5.034517946180089,4.713992082393395e-07,-14.567560526039895,13808.54082212833,4.71399208239339e-08,False,8
aisle,9,0.1,2,4.7424393069529716e-07,-14.561544025903643,,,,,False,8
aisle,9,0.1,3,0.006509317661460883,-5.034520642162719,4.7424393069529716e-07,-14.561544025903643,13725.674152365991,4.7424393069529664e-08,False,8
aisle,0,0.5,2,4.744865523569378e-07,-14.561032559957805,,,,,False,8
aisle,0,0.5,3,0.006509335761758317,-5.034517861491501,4.744865523569378e-07,-14.561032559957805,13718.693879571947,2.3724327617846889e-07,False,8
aisle,1,0.5,2,4.743609171915269e-07,-14.561297376316972,,,,,False,8
aisle,1,0.5,3,0.006511557456032006,-5.034176610817206,4.743609171915269e-07,-14.561297376316972,13727.010847740054,2.3718045859576346e-07,False,8
aisle,2,0.5,2,4.744295012954305e-07,-14.561152804654597,,,,,False,8
aisle,2,0.5,3,0.0065093315072353814,-5.034518515094954,4.744295012954305e-07,-14.561152804654597,13720.334611278686,2.3721475064771523e-07,False,8
aisle,3,0.5,2,4.742191722417236e-07,-14.561596233424426,,,,,False,8
aisle,3,0.5,3,0.006509315862963818,-5.034520918458547,4.742191722417236e-07,-14.561596233424426,13726.38696194642,2.3710958612086177e-07,False,8
aisle,4,0.5,2,4.7180837374711547e-07,-14.566692921620133,,,,,False,8
aisle,4,0.5,3,0.00650944102409602,-5.03450169064236,4.7180837374711547e-07,-14.566692921620133,13796.789939097212,2.359041868735577e-07,False,8
aisle,5,0.5,2,4.7449685264674527e-07,-14.561010851907373,,,,,False,8
aisle,5,0.5,3,0.006509394945778087,-5.034508769357852,4.7449685264674527e-07,-14.561010851907373,13718.520806763312,2.372484263233726e-07,False,8
aisle,6,0.5,2,4.7439068109335636e-07,-14.561234633019584,,,,,False,8
aisle,6,0.5,3,0.00651102508070345,-5.034258372683925,4.7439068109335636e-07,-14.561234633019584,13725.02736709983,2.3719534054667818e-07,False,8
aisle,7,0.5,2,4.7273379752646235e-07,-14.564733402810692,,,,,False,8
aisle,7,0.5,3,0.0065092999473415425,-5.034523363514536,4.7273379752646235e-07,-14.564733402810692,13769.482912795482,2.3636689876323115e-07,False,8
aisle,8,0.5,2,4.713992082393395e-07,-14.567560526039895,,,,,False,8
aisle,8,0.5,3,0.006509335210491888,-5.034517946180089,4.713992082393395e-07,-14.567560526039895,13808.54082212833,2.3569960411966973e-07,False,8
aisle,9,0.5,2,4.7424393069529716e-07,-14.561544025903643,,,,,False,8
aisle,9,0.5,3,0.006509317661460883,-5.034520642162719,4.7424393069529716e-07,-14.561544025903643,13725.674152365991,2.3712196534764858e-07,False,8
aisle,0,1,2,4.744865523569378e-07,-14.561032559957805,,,,,False,8
aisle,0,1,3,0.006509335761758317,-5.034517861491501,4.744865523569378e-07,-14.561032559957805,13718.693879571947,4.744865523569378e-07,False,8
aisle,1,1,2,4.743609171915269e-07,-14.561297376316972,,,,,False,8
aisle,1,1,3,0.006511557456032006,-5.034176610817206,4.743609171915269e-07,-14.561297376316972,13727.010847740054,4.743609171915269e-07,False,8
aisle,2,1,2,4.744295012954305e-07,-14.561152804654597,,,,,False,8
aisle,2,1,3,0.0065093315072353814,-5.034518515094954,4.744295012954305e-07,-14.561152804654597,13720.334611278686,4.744295012954305e-07,False,8
aisle,3,1,2,4.742191722417236e-07,-14.561596233424426,,,,,False,8
aisle,3,1,3,0.006509315862963818,-5.034520918458547,4.742191722417236e-07,-14.561596233424426,13726.38696194642,4.742191722417236e-07,False,8
aisle,4,1,2,4.7180837374711547e-07,-14.566692921620133,,,,,False,8
aisle,4,1,3,0.00650944102409602,-5.03450169064236,4.7180837374711547e-07,-14.566692921620133,13796.789939097212,4.7180837374711547e-07,False,8
aisle,5,1,2,4.7449685264674527e-07,-14.561010851907373,,,,,False,8
aisle,5,1,3,0.006509394945778087,-5.034508769357852,4.7449685264674527e-07,-14.561010851907373,13718.520806763312,4.7449685264674527e-07,False,8
aisle,6,1,2,4.7439068109335636e-07,-14.561234633019584,,,,,False,8
aisle,6,1,3,0.00651102508070345,-5.034258372683925,4.7439068109335636e-07,-14.561234633019584,13725.02736709983,4.7439068109335636e-07,False,8
aisle,7,1,2,4.7273379752646235e-07,-14.564733402810692,,,,,False,8
aisle,7,1,3,0.0065092999473415425,-5.034523363514536,4.7273379752646235e-07,-14.564733402810692,13769.482912795482,4.7273379752646235e-07,False,8
aisle,8,1,2,4.713992082393395e-07,-14.567560526039895,,,,,False,8
aisle,8,1,3,0.006509335210491888,-5.034517946180089,4.713992082393395e-07,-14.567560526039895,13808.54082212833,4.713992082393395e-07,False,8
aisle,9,1,2,4.7424393069529716e-07,-14.561544025903643,,,,,False,8
aisle,9,1,3,0.006509317661460883,-5.034520642162719,4.7424393069529716e-07,-14.561544025903643,13725.674152365991,4.7424393069529716e-07,False,8
aisle,0,2,2,4.744865523569378e-07,-14.561032559957805,,,,,False,8
aisle,0,2,3,0.006509335761758317,-5.034517861491501,4.744865523569378e-07,-14.561032559957805,13718.693879571947,9.489731047138758e-07,False,8
aisle,1,2,2,4.743609171915269e-07,-14.561297376316972,,,,,False,8
aisle,1,2,3,0.006511557456032006,-5.034176610817206,4.743609171915269e-07,-14.561297376316972,13727.010847740054,9.487218343830539e-07,False,8
aisle,2,2,2,4.744295012954305e-07,-14.561152804654597,,,,,False,8
aisle,2,2,3,0.0065093315072353814,-5.034518515094954,4.744295012954305e-07,-14.561152804654597,13720.334611278686,9.488590025908611e-07,False,8
aisle,3,2,2,4.742191722417236e-07,-14.561596233424426,,,,,False,8
aisle,3,2,3,0.006509315862963818,-5.034520918458547,4.742191722417236e-07,-14.561596233424426,13726.38696194642,9.484383444834473e-07,False,8
aisle,4,2,2,4.7180837374711547e-07,-14.566692921620133,,,,,False,8
aisle,4,2,3,0.00650944102409602,-5.03450169064236,4.7180837374711547e-07,-14.566692921620133,13796.789939097212,9.43616747494231e-07,False,8
aisle,5,2,2,4.7449685264674527e-07,-14.561010851907373,,,,,False,8
aisle,5,2,3,0.006509394945778087,-5.034508769357852,4.7449685264674527e-07,-14.561010851907373,13718.520806763312,9.489937052934906e-07,False,8
aisle,6,2,2,4.7439068109335636e-07,-14.561234633019584,,,,,False,8
aisle,6,2,3,0.00651102508070345,-5.034258372683925,4.7439068109335636e-07,-14.561234633019584,13725.02736709983,9.487813621867128e-07,False,8
aisle,7,2,2,4.7273379752646235e-07,-14.564733402810692,,,,,False,8
aisle,7,2,3,0.0065092999473415425,-5.034523363514536,4.7273379752646235e-07,-14.564733402810692,13769.482912795482,9.454675950529248e-07,False,8
aisle,8,2,2,4.713992082393395e-07,-14.567560526039895,,,,,False,8
aisle,8,2,3,0.006509335210491888,-5.034517946180089,4.713992082393395e-07,-14.567560526039895,13808.54082212833,9.427984164786791e-07,False,8
aisle,9,2,2,4.7424393069529716e-07,-14.561544025903643,,,,,False,8
aisle,9,2,3,0.006509317661460883,-5.034520642162719,4.7424393069529716e-07,-14.561544025903643,13725.674152365991,9.484878613905944e-07,False,8
aisle,0,5,2,4.744865523569378e-07,-14.561032559957805,,,,,False,8
aisle,0,5,3,0.006509335761758317,-5.034517861491501,4.744865523569378e-07,-14.561032559957805,13718.693879571947,2.372432761784687e-06,False,8
aisle,1,5,2,4.743609171915269e-07,-14.561297376316972,,,,,False,8
aisle,1,5,3,0.006511557456032006,-5.034176610817206,4.743609171915269e-07,-14.561297376316972,13727.010847740054,2.371804585957633e-06,False,8
aisle,2,5,2,4.744295012954305e-07,-14.561152804654597,,,,,False,8
aisle,2,5,3,0.0065093315072353814,-5.034518515094954,4.744295012954305e-07,-14.561152804654597,13720.334611278686,2.372147506477151e-06,False,8
aisle,3,5,2,4.742191722417236e-07,-14.561596233424426,,,,,False,8
aisle,3,5,3,0.006509315862963818,-5.034520918458547,4.742191722417236e-07,-14.561596233424426,13726.38696194642,2.371095861208616e-06,False,8
aisle,4,5,2,4.7180837374711547e-07,-14.566692921620133,,,,,False,8
aisle,4,5,3,0.00650944102409602,-5.03450169064236,4.7180837374711547e-07,-14.566692921620133,13796.789939097212,2.3590418687355757e-06,False,8
aisle,5,5,2,4.7449685264674527e-07,-14.561010851907373,,,,,False,8
aisle,5,5,3,0.006509394945778087,-5.034508769357852,4.7449685264674527e-07,-14.561010851907373,13718.520806763312,2.3724842632337247e-06,False,8
aisle,6,5,2,4.7439068109335636e-07,-14.561234633019584,,,,,False,8
aisle,6,5,3,0.00651102508070345,-5.034258372683925,4.7439068109335636e-07,-14.561234633019584,13725.02736709983,2.37195340546678e-06,False,8
aisle,7,5,2,4.7273379752646235e-07,-14.564733402810692,,,,,False,8
aisle,7,5,3,0.0065092999473415425,-5.034523363514536,4.7273379752646235e-07,-14.564733402810692,13769.482912795482,2.36366898763231e-06,False,8
aisle,8,5,2,4.713992082393395e-07,-14.567560526039895,,,,,False,8
aisle,8,5,3,0.006509335210491888,-5.034517946180089,4.713992082393395e-07,-14.567560526039895,13808.54082212833,2.356996041196696e-06,False,8
aisle,9,5,2,4.7424393069529716e-07,-14.561544025903643,,,,,False,8
aisle,9,5,3,0.006509317661460883,-5.034520642162719,4.7424393069529716e-07,-14.561544025903643,13725.674152365991,2.3712196534764843e-06,False,8
aisle,0,10,2,4.744865523569378e-07,-14.561032559957805,,,,,False,8
aisle,0,10,3,0.006509335761758317,-5.034517861491501,4.744865523569378e-07,-14.561032559957805,13718.693879571947,4.744865523569384e-06,False,8
aisle,1,10,2,4.743609171915269e-07,-14.561297376316972,,,,,False,8
aisle,1,10,3,0.006511557456032006,-5.034176610817206,4.743609171915269e-07,-14.561297376316972,13727.010847740054,4.743609171915274e-06,False,8
aisle,2,10,2,4.744295012954305e-07,-14.561152804654597,,,,,False,8
aisle,2,10,3,0.0065093315072353814,-5.034518515094954,4.744295012954305e-07,-14.561152804654597,13720.334611278686,4.74429501295431e-06,False,8
aisle,3,10,2,4.742191722417236e-07,-14.561596233424426,,,,,False,8
aisle,3,10,3,0.006509315862963818,-5.034520918458547,4.742191722417236e-07,-14.561596233424426,13726.38696194642,4.742191722417233e-06,False,8
aisle,4,10,2,4.7180837374711547e-07,-14.566692921620133,,,,,False,8
aisle,4,10,3,0.00650944102409602,-5.03450169064236,4.7180837374711547e-07,-14.566692921620133,13796.789939097212,4.7180837374711515e-06,False,8
aisle,5,10,2,4.7449685264674527e-07,-14.561010851907373,,,,,False,8
aisle,5,10,3,0.006509394945778087,-5.034508769357852,4.7449685264674527e-07,-14.561010851907373,13718.520806763312,4.744968526467458e-06,False,8
aisle,6,10,2,4.7439068109335636e-07,-14.561234633019584,,,,,False,8
aisle,6,10,3,0.00651102508070345,-5.034258372683925,4.7439068109335636e-07,-14.561234633019584,13725.02736709983,4.743906810933569e-06,False,8
aisle,7,10,2,4.7273379752646235e-07,-14.564733402810692,,,,,False,8
aisle,7,10,3,0.0065092999473415425,-5.034523363514536,4.7273379752646235e-07,-14.564733402810692,13769.482912795482,4.727337975264629e-06,False,8
aisle,8,10,2,4.713992082393395e-07,-14.567560526039895,,,,,False,8
aisle,8,10,3,0.006509335210491888,-5.034517946180089,4.713992082393395e-07,-14.567560526039895,13808.54082212833,4.7139920823934e-06,False,8
aisle,9,10,2,4.7424393069529716e-07,-14.561544025903643,,,,,False,8
aisle,9,10,3,0.006509317661460883,-5.034520642162719,4.7424393069529716e-07,-14.561544025903643,13725.674152365991,4.742439306952977e-06,False,8
aisle,0,20,2,4.744865523569378e-07,-14.561032559957805,,,,,False,8
aisle,0,20,3,0.006509335761758317,-5.034517861491501,4.744865523569378e-07,-14.561032559957805,13718.693879571947,9.48973104713875e-06,False,8
aisle,1,20,2,4.743609171915269e-07,-14.561297376316972,,,,,False,8
aisle,1,20,3,0.006511557456032006,-5.034176610817206,4.743609171915269e-07,-14.561297376316972,13727.010847740054,9.487218343830533e-06,False,8
aisle,2,20,2,4.744295012954305e-07,-14.561152804654597,,,,,False,8
aisle,2,20,3,0.0065093315072353814,-5.034518515094954,4.744295012954305e-07,-14.561152804654597,13720.334611278686,9.488590025908605e-06,False,8
aisle,3,20,2,4.742191722417236e-07,-14.561596233424426,,,,,False,8
aisle,3,20,3,0.006509315862963818,-5.034520918458547,4.742191722417236e-07,-14.561596233424426,13726.38696194642,9.484383444834465e-06,False,8
aisle,4,20,2,4.7180837374711547e-07,-14.566692921620133,,,,,False,8
aisle,4,20,3,0.00650944102409602,-5.03450169064236,4.7180837374711547e-07,-14.566692921620133,13796.789939097212,9.436167474942305e-06,False,8
aisle,5,20,2,4.7449685264674527e-07,-14.561010851907373,,,,,False,8
aisle,5,20,3,0.006509394945778087,-5.034508769357852,4.7449685264674527e-07,-14.561010851907373,13718.520806763312,9.4899370529349e-06,False,8
aisle,6,20,2,4.7439068109335636e-07,-14.561234633019584,,,,,False,8
aisle,6,20,3,0.00651102508070345,-5.034258372683925,4.7439068109335636e-07,-14.561234633019584,13725.02736709983,9.487813621867122e-06,False,8
aisle,7,20,2,4.7273379752646235e-07,-14.564733402810692,,,,,False,8
aisle,7,20,3,0.0065092999473415425,-5.034523363514536,4.7273379752646235e-07,-14.564733402810692,13769.482912795482,9.454675950529241e-06,False,8
aisle,8,20,2,4.713992082393395e-07,-14.567560526039895,,,,,False,8
aisle,8,20,3,0.006509335210491888,-5.034517946180089,4.713992082393395e-07,-14.567560526039895,13808.54082212833,9.427984164786785e-06,False,8
aisle,9,20,2,4.7424393069529716e-07,-14.561544025903643,,,,,False,8
aisle,9,20,3,0.006509317661460883,-5.034520642162719,4.7424393069529716e-07,-14.561544025903643,13725.674152365991,9.484878613905939e-06,False,8
aisle,0,35,2,4.744865523569378e-07,-14.561032559957805,,,,,False,8
aisle,0,35,3,0.006509335761758317,-5.034517861491501,4.744865523569378e-07,-14.561032559957805,13718.693879571947,1.6607029332492814e-05,False,8
aisle,1,35,2,4.743609171915269e-07,-14.561297376316972,,,,,False,8
aisle,1,35,3,0.006511557456032006,-5.034176610817206,4.743609171915269e-07,-14.561297376316972,13727.010847740054,1.6602632101703432e-05,False,8
aisle,2,35,2,4.744295012954305e-07,-14.561152804654597,,,,,False,8
aisle,2,35,3,0.0065093315072353814,-5.034518515094954,4.744295012954305e-07,-14.561152804654597,13720.334611278686,1.6605032545340058e-05,False,8
aisle,3,35,2,4.742191722417236e-07,-14.561596233424426,,,,,False,8
aisle,3,35,3,0.006509315862963818,-5.034520918458547,4.742191722417236e-07,-14.561596233424426,13726.38696194642,1.6597671028460317e-05,False,8
aisle,4,35,2,4.7180837374711547e-07,-14.566692921620133,,,,,False,8
aisle,4,35,3,0.00650944102409602,-5.03450169064236,4.7180837374711547e-07,-14.566692921620133,13796.789939097212,1.651329308114903e-05,False,8
aisle,5,35,2,4.7449685264674527e-07,-14.561010851907373,,,,,False,8
aisle,5,35,3,0.006509394945778087,-5.034508769357852,4.7449685264674527e-07,-14.561010851907373,13718.520806763312,1.6607389842636073e-05,False,8
aisle,6,35,2,4.7439068109335636e-07,-14.561234633019584,,,,,False,8
aisle,6,35,3,0.00651102508070345,-5.034258372683925,4.7439068109335636e-07,-14.561234633019584,13725.02736709983,1.6603673838267462e-05,False,8
aisle,7,35,2,4.7273379752646235e-07,-14.564733402810692,,,,,False,8
aisle,7,35,3,0.0065092999473415425,-5.034523363514536,4.7273379752646235e-07,-14.564733402810692,13769.482912795482,1.6545682913426172e-05,False,8
aisle,8,35,2,4.713992082393395e-07,-14.567560526039895,,,,,False,8
aisle,8,35,3,0.006509335210491888,-5.034517946180089,4.713992082393395e-07,-14.567560526039895,13808.54082212833,1.6498972288376872e-05,False,8
aisle,9,35,2,4.7424393069529716e-07,-14.561544025903643,,,,,False,8
aisle,9,35,3,0.006509317661460883,-5.034520642162719,4.7424393069529716e-07,-14.561544025903643,13725.674152365991,1.659853757433539e-05,False,8
aisle,0,36,2,4.744865523569378e-07,-14.561032559957805,,,,,False,8
aisle,0,36,3,0.006509335761758317,-5.034517861491501,4.744865523569378e-07,-14.561032559957805,13718.693879571947,1.7081515884849746e-05,False,8
aisle,1,36,2,4.743609171915269e-07,-14.561297376316972,,,,,False,8
aisle,1,36,3,0.006511557456032006,-5.034176610817206,4.743609171915269e-07,-14.561297376316972,13727.010847740054,1.7076993018894954e-05,False,8
aisle,2,36,2,4.744295012954305e-07,-14.561152804654597,,,,,False,8
aisle,2,36,3,0.0065093315072353814,-5.034518515094954,4.744295012954305e-07,-14.561152804654597,13720.334611278686,1.7079462046635483e-05,False,8
aisle,3,36,2,4.742191722417236e-07,-14.561596233424426,,,,,False,8
aisle,3,36,3,0.006509315862963818,-5.034520918458547,4.742191722417236e-07,-14.561596233424426,13726.38696194642,1.7071890200702062e-05,False,8
aisle,4,36,2,4.7180837374711547e-07,-14.566692921620133,,,,,False,8
aisle,4,36,3,0.00650944102409602,-5.03450169064236,4.7180837374711547e-07,-14.566692921620133,13796.789939097212,1.698510145489617e-05,False,8
aisle,5,36,2,4.7449685264674527e-07,-14.561010851907373,,,,,False,8
aisle,5,36,3,0.006509394945778087,-5.034508769357852,4.7449685264674527e-07,-14.561010851907373,13718.520806763312,1.7081886695282812e-05,False,8
aisle,6,36,2,4.7439068109335636e-07,-14.561234633019584,,,,,False,8
aisle,6,36,3,0.00651102508070345,-5.034258372683925,4.7439068109335636e-07,-14.561234633019584,13725.02736709983,1.7078064519360813e-05,False,8
aisle,7,36,2,4.7273379752646235e-07,-14.564733402810692,,,,,False,8
aisle,7,36,3,0.0065092999473415425,-5.034523363514536,4.7273379752646235e-07,-14.564733402810692,13769.482912795482,1.701841671095263e-05,False,8
aisle,8,36,2,4.713992082393395e-07,-14.567560526039895,,,,,False,8
aisle,8,36,3,0.006509335210491888,-5.034517946180089,4.713992082393395e-07,-14.567560526039895,13808.54082212833,1.6970371496616206e-05,False,8
aisle,9,36,2,4.7424393069529716e-07,-14.561544025903643,,,,,False,8
aisle,9,36,3,0.006509317661460883,-5.034520642162719,4.7424393069529716e-07,-14.561544025903643,13725.674152365991,1.707278150503068e-05,False,8
aisle,0,37,2,4.744865523569378e-07,-14.561032559957805,,,,,False,8
aisle,0,37,3,0.006509335761758317,-5.034517861491501,4.744865523569378e-07,-14.561032559957805,13718.693879571947,1.755600243720669e-05,False,8
aisle,1,37,2,4.743609171915269e-07,-14.561297376316972,,,,,False,8
aisle,1,37,3,0.006511557456032006,-5.034176610817206,4.743609171915269e-07,-14.561297376316972,13727.010847740054,1.755135393608649e-05,False,8
aisle,2,37,2,4.744295012954305e-07,-14.561152804654597,,,,,False,8
aisle,2,37,3,0.0065093315072353814,-5.034518515094954,4.744295012954305e-07,-14.561152804654597,13720.334611278686,1.755389154793092e-05,False,8
aisle,3,37,2,4.742191722417236e-07,-14.561596233424426,,,,,False,8
aisle,3,37,3,0.006509315862963818,-5.034520918458547,4.742191722417236e-07,-14.561596233424426,13726.38696194642,1.7546109372943764e-05,False,8
aisle,4,37,2,4.7180837374711547e-07,-14.566692921620133,,,,,False,8
aisle,4,37,3,0.00650944102409602,-5.03450169064236,4.7180837374711547e-07,-14.566692921620133,13796.789939097212,1.7456909828643262e-05,False,8
aisle,5,37,2,4.7449685264674527e-07,-14.561010851907373,,,,,False,8
aisle,5,37,3,0.006509394945778087,-5.034508769357852,4.7449685264674527e-07,-14.561010851907373,13718.520806763312,1.7556383547929564e-05,False,8
aisle,6,37,2,4.7439068109335636e-07,-14.561234633019584,,,,,False,8
aisle,6,37,3,0.00651102508070345,-5.034258372683925,4.7439068109335636e-07,-14.561234633019584,13725.02736709983,1.7552455200454178e-05,False,8
aisle,7,37,2,4.7273379752646235e-07,-14.564733402810692,,,,,False,8
aisle,7,37,3,0.0065092999473415425,-5.034523363514536,4.7273379752646235e-07,-14.564733402810692,13769.482912795482,1.74911505084791e-05,False,8
aisle,8,37,2,4.713992082393395e-07,-14.567560526039895,,,,,False,8
aisle,8,37,3,0.006509335210491888,-5.034517946180089,4.713992082393395e-07,-14.567560526039895,13808.54082212833,1.7441770704855554e-05,False,8
aisle,9,37,2,4.7424393069529716e-07,-14.561544025903643,,,,,False,8
aisle,9,37,3,0.006509317661460883,-5.034520642162719,4.7424393069529716e-07,-14.561544025903643,13725.674152365991,1.7547025435725988e-05,False,8
aisle,0,40,2,4.744865523569378e-07,-14.561032559957805,,,,,False,8
aisle,0,40,3,0.006509335761758317,-5.034517861491501,4.744865523569378e-07,-14.561032559957805,13718.693879571947,1.8979462094277504e-05,False,8
aisle,1,40,2,4.743609171915269e-07,-14.561297376316972,,,,,False,8
aisle,1,40,3,0.006511557456032006,-5.034176610817206,4.743609171915269e-07,-14.561297376316972,13727.010847740054,1.8974436687661067e-05,False,8
aisle,2,40,2,4.744295012954305e-07,-14.561152804654597,,,,,False,8
aisle,2,40,3,0.0065093315072353814,-5.034518515094954,4.744295012954305e-07,-14.561152804654597,13720.334611278686,1.897718005181721e-05,False,8
aisle,3,40,2,4.742191722417236e-07,-14.561596233424426,,,,,False,8
aisle,3,40,3,0.006509315862963818,-5.034520918458547,4.742191722417236e-07,-14.561596233424426,13726.38696194642,1.8968766889668934e-05,False,8
aisle,4,40,2,4.7180837374711547e-07,-14.566692921620133,,,,,False,8
aisle,4,40,3,0.00650944102409602,-5.03450169064236,4.7180837374711547e-07,-14.566692921620133,13796.789939097212,1.887233494988461e-05,False,8
aisle,5,40,2,4.7449685264674527e-07,-14.561010851907373,,,,,False,8
aisle,5,40,3,0.006509394945778087,-5.034508769357852,4.7449685264674527e-07,-14.561010851907373,13718.520806763312,1.89798741058698e-05,False,8
aisle,6,40,2,4.7439068109335636e-07,-14.561234633019584,,,,,False,8
aisle,6,40,3,0.00651102508070345,-5.034258372683925,4.7439068109335636e-07,-14.561234633019584,13725.02736709983,1.8975627243734244e-05,False,8
aisle,7,40,2,4.7273379752646235e-07,-14.564733402810692,,,,,False,8
aisle,7,40,3,0.0065092999473415425,-5.034523363514536,4.7273379752646235e-07,-14.564733402810692,13769.482912795482,1.8909351901058486e-05,False,8
aisle,8,40,2,4.713992082393395e-07,-14.567560526039895,,,,,False,8
aisle,8,40,3,0.006509335210491888,-5.034517946180089,4.713992082393395e-07,-14.567560526039895,13808.54082212833,1.8855968329573574e-05,False,8
aisle,9,40,2,4.7424393069529716e-07,-14.561544025903643,,,,,False,8
aisle,9,40,3,0.006509317661460883,-5.034520642162719,4.7424393069529716e-07,-14.561544025903643,13725.674152365991,1.8969757227811878e-05,False,8
aisle,0,50,2,4.744865523569378e-07,-14.561032559957805,,,,,False,8
aisle,0,50,3,0.006509335761758317,-5.034517861491501,4.744865523569378e-07,-14.561032559957805,13718.693879571947,2.37243276178469e-05,False,8
aisle,1,50,2,4.743609171915269e-07,-14.561297376316972,,,,,False,8
aisle,1,50,3,0.006511557456032006,-5.034176610817206,4.743609171915269e-07,-14.561297376316972,13727.010847740054,2.3718045859576355e-05,False,8
aisle,2,50,2,4.744295012954305e-07,-14.561152804654597,,,,,False,8
aisle,2,50,3,0.0065093315072353814,-5.034518515094954,4.744295012954305e-07,-14.561152804654597,13720.334611278686,2.3721475064771533e-05,False,8
aisle,3,50,2,4.742191722417236e-07,-14.561596233424426,,,,,False,8
aisle,3,50,3,0.006509315862963818,-5.034520918458547,4.742191722417236e-07,-14.561596233424426,13726.38696194642,2.3710958612086186e-05,False,8
aisle,4,50,2,4.7180837374711547e-07,-14.566692921620133,,,,,False,8
aisle,4,50,3,0.00650944102409602,-5.03450169064236,4.7180837374711547e-07,-14.566692921620133,13796.789939097212,2.359041868735578e-05,False,8
aisle,5,50,2,4.7449685264674527e-07,-14.561010851907373,,,,,False,8
aisle,5,50,3,0.006509394945778087,-5.034508769357852,4.7449685264674527e-07,-14.561010851907373,13718.520806763312,2.3724842632337273e-05,False,8
aisle,6,50,2,4.7439068109335636e-07,-14.561234633019584,,,,,False,8
aisle,6,50,3,0.00651102508070345,-5.034258372683925,4.7439068109335636e-07,-14.561234633019584,13725.02736709983,2.3719534054667827e-05,False,8
aisle,7,50,2,4.7273379752646235e-07,-14.564733402810692,,,,,False,8
aisle,7,50,3,0.0065092999473415425,-5.034523363514536,4.7273379752646235e-07,-14.564733402810692,13769.482912795482,2.3636689876323126e-05,False,8
aisle,8,50,2,4.713992082393395e-07,-14.567560526039895,,,,,False,8
aisle,8,50,3,0.006509335210491888,-5.034517946180089,4.713992082393395e-07,-14.567560526039895,13808.54082212833,2.3569960411966987e-05,False,8
aisle,9,50,2,4.7424393069529716e-07,-14.561544025903643,,,,,False,8
aisle,9,50,3,0.006509317661460883,-5.034520642162719,4.7424393069529716e-07,-14.561544025903643,13725.674152365991,2.3712196534764868e-05,False,8
aisle,0,80,2,4.744865523569378e-07,-14.561032559957805,,,,,False,8
aisle,0,80,3,0.006509335761758317,-5.034517861491501,4.744865523569378e-07,-14.561032559957805,13718.693879571947,3.795892418855501e-05,False,8
aisle,1,80,2,4.743609171915269e-07,-14.561297376316972,,,,,False,8
aisle,1,80,3,0.006511557456032006,-5.034176610817206,4.743609171915269e-07,-14.561297376316972,13727.010847740054,3.794887337532214e-05,False,8
aisle,2,80,2,4.744295012954305e-07,-14.561152804654597,,,,,False,8
aisle,2,80,3,0.0065093315072353814,-5.034518515094954,4.744295012954305e-07,-14.561152804654597,13720.334611278686,3.795436010363443e-05,False,8
aisle,3,80,2,4.742191722417236e-07,-14.561596233424426,,,,,False,8
aisle,3,80,3,0.006509315862963818,-5.034520918458547,4.742191722417236e-07,-14.561596233424426,13726.38696194642,3.793753377933787e-05,False,8
aisle,4,80,2,4.7180837374711547e-07,-14.566692921620133,,,,,False,8
aisle,4,80,3,0.00650944102409602,-5.03450169064236,4.7180837374711547e-07,-14.566692921620133,13796.789939097212,3.7744669899769225e-05,False,8
aisle,5,80,2,4.7449685264674527e-07,-14.561010851907373,,,,,False,8
aisle,5,80,3,0.006509394945778087,-5.034508769357852,4.7449685264674527e-07,-14.561010851907373,13718.520806763312,3.795974821173961e-05,False,8
aisle,6,80,2,4.7439068109335636e-07,-14.561234633019584,,,,,False,8
aisle,6,80,3,0.00651102508070345,-5.034258372683925,4.7439068109335636e-07,-14.561234633019584,13725.02736709983,3.7951254487468496e-05,False,8
aisle,7,80,2,4.7273379752646235e-07,-14.564733402810692,,,,,False,8
aisle,7,80,3,0.0065092999473415425,-5.034523363514536,4.7273379752646235e-07,-14.564733402810692,13769.482912795482,3.781870380211697e-05,False,8
aisle,8,80,2,4.713992082393395e-07,-14.567560526039895,,,,,False,8
aisle,8,80,3,0.006509335210491888,-5.034517946180089,4.713992082393395e-07,-14.567560526039895,13808.54082212833,3.771193665914715e-05,False,8
aisle,9,80,2,4.7424393069529716e-07,-14.561544025903643,,,,,False,8
aisle,9,80,3,0.006509317661460883,-5.034520642162719,4.7424393069529716e-07,-14.561544025903643,13725.674152365991,3.793951445562376e-05,False,8
aisle,0,100,2,4.744865523569378e-07,-14.561032559957805,,,,,False,8
aisle,0,100,3,0.006509335761758317,-5.034517861491501,4.744865523569378e-07,-14.561032559957805,13718.693879571947,4.7448655235693804e-05,False,8
aisle,1,100,2,4.743609171915269e-07,-14.561297376316972,,,,,False,8
aisle,1,100,3,0.006511557456032006,-5.034176610817206,4.743609171915269e-07,-14.561297376316972,13727.010847740054,4.743609171915272e-05,False,8
aisle,2,100,2,4.744295012954305e-07,-14.561152804654597,,,,,False,8
aisle,2,100,3,0.0065093315072353814,-5.034518515094954,4.744295012954305e-07,-14.561152804654597,13720.334611278686,4.7442950129543074e-05,False,8
aisle,3,100,2,4.742191722417236e-07,-14.561596233424426,,,,,False,8
aisle,3,100,3,0.006509315862963818,-5.034520918458547,4.742191722417236e-07,-14.561596233424426,13726.38696194642,4.742191722417238e-05,False,8
aisle,4,100,2,4.7180837374711547e-07,-14.566692921620133,,,,,False,8
aisle,4,100,3,0.00650944102409602,-5.03450169064236,4.7180837374711547e-07,-14.566692921620133,13796.789939097212,4.718083737471157e-05,False,8
aisle,5,100,2,4.7449685264674527e-07,-14.561010851907373,,,,,False,8
aisle,5,100,3,0.006509394945778087,-5.034508769357852,4.7449685264674527e-07,-14.561010851907373,13718.520806763312,4.7449685264674546e-05,False,8
aisle,6,100,2,4.7439068109335636e-07,-14.561234633019584,,,,,False,8
aisle,6,100,3,0.00651102508070345,-5.034258372683925,4.7439068109335636e-07,-14.561234633019584,13725.02736709983,4.743906810933566e-05,False,8
aisle,7,100,2,4.7273379752646235e-07,-14.564733402810692,,,,,False,8
aisle,7,100,3,0.0065092999473415425,-5.034523363514536,4.7273379752646235e-07,-14.564733402810692,13769.482912795482,4.727337975264625e-05,False,8
aisle,8,100,2,4.713992082393395e-07,-14.567560526039895,,,,,False,8
aisle,8,100,3,0.006509335210491888,-5.034517946180089,4.713992082393395e-07,-14.567560526039895,13808.54082212833,4.713992082393397e-05,False,8
aisle,9,100,2,4.7424393069529716e-07,-14.561544025903643,,,,,False,8
aisle,9,100,3,0.006509317661460883,-5.034520642162719,4.7424393069529716e-07,-14.561544025903643,13725.674152365991,4.7424393069529737e-05,False,8
aisle,0,500,2,4.744865523569378e-07,-14.561032559957805,,,,,False,8
aisle,0,500,3,0.006509335761758317,-5.034517861491501,4.744865523569378e-07,-14.561032559957805,13718.693879571947,0.00023724327617846884,False,8
aisle,1,500,2,4.743609171915269e-07,-14.561297376316972,,,,,False,8
aisle,1,500,3,0.006511557456032006,-5.034176610817206,4.743609171915269e-07,-14.561297376316972,13727.010847740054,0.0002371804585957634,False,8
aisle,2,500,2,4.744295012954305e-07,-14.561152804654597,,,,,False,8
aisle,2,500,3,0.0065093315072353814,-5.034518515094954,4.744295012954305e-07,-14.561152804654597,13720.334611278686,0.00023721475064771518,False,8
aisle,3,500,2,4.742191722417236e-07,-14.561596233424426,,,,,False,8
aisle,3,500,3,0.006509315862963818,-5.034520918458547,4.742191722417236e-07,-14.561596233424426,13726.38696194642,0.00023710958612086172,False,8
aisle,4,500,2,4.7180837374711547e-07,-14.566692921620133,,,,,False,8
aisle,4,500,3,0.00650944102409602,-5.03450169064236,4.7180837374711547e-07,-14.566692921620133,13796.789939097212,0.00023590418687355767,False,8
aisle,5,500,2,4.7449685264674527e-07,-14.561010851907373,,,,,False,8
aisle,5,500,3,0.006509394945778087,-5.034508769357852,4.7449685264674527e-07,-14.561010851907373,13718.520806763312,0.00023724842632337256,False,8
aisle,6,500,2,4.7439068109335636e-07,-14.561234633019584,,,,,False,8
aisle,6,500,3,0.00651102508070345,-5.034258372683925,4.7439068109335636e-07,-14.561234633019584,13725.02736709983,0.00023719534054667812,False,8
aisle,7,500,2,4.7273379752646235e-07,-14.564733402810692,,,,,False,8
aisle,7,500,3,0.0065092999473415425,-5.034523363514536,4.7273379752646235e-07,-14.564733402810692,13769.482912795482,0.0002363668987632311,False,8
aisle,8,500,2,4.713992082393395e-07,-14.567560526039895,,,,,False,8
aisle,8,500,3,0.006509335210491888,-5.034517946180089,4.713992082393395e-07,-14.567560526039895,13808.54082212833,0.0002356996041196697,False,8
aisle,9,500,2,4.7424393069529716e-07,-14.561544025903643,,,,,False,8
aisle,9,500,3,0.006509317661460883,-5.034520642162719,4.7424393069529716e-07,-14.561544025903643,13725.674152365991,0.00023712196534764852,False,8
aisle,0,1000,2,4.744865523569378e-07,-14.561032559957805,,,,,False,8
aisle,0,1000,3,0.006509335761758317,-5.034517861491501,4.744865523569378e-07,-14.561032559957805,13718.693879571947,0.00047448655235693773,False,8
aisle,1,1000,2,4.743609171915269e-07,-14.561297376316972,,,,,False,8
aisle,1,1000,3,0.006511557456032006,-5.034176610817206,4.743609171915269e-07,-14.561297376316972,13727.010847740054,0.00047436091719152683,False,8
aisle,2,1000,2,4.744295012954305e-07,-14.561152804654597,,,,,False,8
aisle,2,1000,3,0.0065093315072353814,-5.034518515094954,4.744295012954305e-07,-14.561152804654597,13720.334611278686,0.0004744295012954304,False,8
aisle,3,1000,2,4.742191722417236e-07,-14.561596233424426,,,,,False,8
aisle,3,1000,3,0.006509315862963818,-5.034520918458547,4.742191722417236e-07,-14.561596233424426,13726.38696194642,0.0004742191722417235,False,8
aisle,4,1000,2,4.7180837374711547e-07,-14.566692921620133,,,,,False,8
aisle,4,1000,3,0.00650944102409602,-5.03450169064236,4.7180837374711547e-07,-14.566692921620133,13796.789939097212,0.00047180837374711533,False,8
aisle,5,1000,2,4.7449685264674527e-07,-14.561010851907373,,,,,False,8
aisle,5,1000,3,0.006509394945778087,-5.034508769357852,4.7449685264674527e-07,-14.561010851907373,13718.520806763312,0.0004744968526467452,False,8
aisle,6,1000,2,4.7439068109335636e-07,-14.561234633019584,,,,,False,8
aisle,6,1000,3,0.00651102508070345,-5.034258372683925,4.7439068109335636e-07,-14.561234633019584,13725.02736709983,0.0004743906810933563,False,8
aisle,7,1000,2,4.7273379752646235e-07,-14.564733402810692,,,,,False,8
aisle,7,1000,3,0.0065092999473415425,-5.034523363514536,4.7273379752646235e-07,-14.564733402810692,13769.482912795482,0.0004727337975264622,False,8
aisle,8,1000,2,4.713992082393395e-07,-14.567560526039895,,,,,False,8
aisle,8,1000,3,0.006509335210491888,-5.034517946180089,4.713992082393395e-07,-14.567560526039895,13808.54082212833,0.0004713992082393394,False,8
aisle,9,1000,2,4.7424393069529716e-07,-14.561544025903643,,,,,False,8
aisle,9,1000,3,0.006509317661460883,-5.034520642162719,4.7424393069529716e-07,-14.561544025903643,13725.674152365991,0.0004742439306952971,False,8
aisle,0,5000,2,4.744865523569378e-07,-14.561032559957805,,,,,False,8
aisle,0,5000,3,0.006509335761758317,-5.034517861491501,4.744865523569378e-07,-14.561032559957805,13718.693879571947,0.002372432761784691,False,8
aisle,1,5000,2,4.743609171915269e-07,-14.561297376316972,,,,,False,8
aisle,1,5000,3,0.006511557456032006,-5.034176610817206,4.743609171915269e-07,-14.561297376316972,13727.010847740054,0.0023718045859576365,False,8
aisle,2,5000,2,4.744295012954305e-07,-14.561152804654597,,,,,False,8
aisle,2,5000,3,0.0065093315072353814,-5.034518515094954,4.744295012954305e-07,-14.561152804654597,13720.334611278686,0.0023721475064771543,False,8
aisle,3,5000,2,4.742191722417236e-07,-14.561596233424426,,,,,False,8
aisle,3,5000,3,0.006509315862963818,-5.034520918458547,4.742191722417236e-07,-14.561596233424426,13726.38696194642,0.0023710958612086198,False,8
aisle,4,5000,2,4.7180837374711547e-07,-14.566692921620133,,,,,False,8
aisle,4,5000,3,0.00650944102409602,-5.03450169064236,4.7180837374711547e-07,-14.566692921620133,13796.789939097212,0.0023590418687355792,False,8
aisle,5,5000,2,4.7449685264674527e-07,-14.561010851907373,,,,,False,8
aisle,5,5000,3,0.006509394945778087,-5.034508769357852,4.7449685264674527e-07,-14.561010851907373,13718.520806763312,0.002372484263233728,False,8
aisle,6,5000,2,4.7439068109335636e-07,-14.561234633019584,,,,,False,8
aisle,6,5000,3,0.00651102508070345,-5.034258372683925,4.7439068109335636e-07,-14.561234633019584,13725.02736709983,0.002371953405466784,False,8
aisle,7,5000,2,4.7273379752646235e-07,-14.564733402810692,,,,,False,8
aisle,7,5000,3,0.0065092999473415425,-5.034523363514536,4.7273379752646235e-07,-14.564733402810692,13769.482912795482,0.002363668987632314,False,8
aisle,8,5000,2,4.713992082393395e-07,-14.567560526039895,,,,,False,8
aisle,8,5000,3,0.006509335210491888,-5.034517946180089,4.713992082393395e-07,-14.567560526039895,13808.54082212833,0.0023569960411966994,False,8
aisle,9,5000,2,4.7424393069529716e-07,-14.561544025903643,,,,,False,8
aisle,9,5000,3,0.006509317661460883,-5.034520642162719,4.7424393069529716e-07,-14.561544025903643,13725.674152365991,0.0023712196534764877,False,8
aisle,0,10000,2,4.744865523569378e-07,-14.561032559957805,,,,,False,8
aisle,0,10000,3,0.006509335761758317,-5.034517861491501,4.744865523569378e-07,-14.561032559957805,13718.693879571947,0.004744865523569382,False,8
aisle,1,10000,2,4.743609171915269e-07,-14.561297376316972,,,,,False,8
aisle,1,10000,3,0.006511557456032006,-5.034176610817206,4.743609171915269e-07,-14.561297376316972,13727.010847740054,0.004743609171915274,False,8
aisle,2,10000,2,4.744295012954305e-07,-14.561152804654597,,,,,False,8
aisle,2,10000,3,0.0065093315072353814,-5.034518515094954,4.744295012954305e-07,-14.561152804654597,13720.334611278686,0.0047442950129543094,False,8
aisle,3,10000,2,4.742191722417236e-07,-14.561596233424426,,,,,False,8
aisle,3,10000,3,0.006509315862963818,-5.034520918458547,4.742191722417236e-07,-14.561596233424426,13726.38696194642,0.00474219172241724,False,8
aisle,4,10000,2,4.7180837374711547e-07,-14.566692921620133,,,,,False,8
aisle,4,10000,3,0.00650944102409602,-5.03450169064236,4.7180837374711547e-07,-14.566692921620133,13796.789939097212,0.0047180837374711584,False,8
aisle,5,10000,2,4.7449685264674527e-07,-14.561010851907373,,,,,False,8
aisle,5,10000,3,0.006509394945778087,-5.034508769357852,4.7449685264674527e-07,-14.561010851907373,13718.520806763312,0.004744968526467457,False,8
aisle,6,10000,2,4.7439068109335636e-07,-14.561234633019584,,,,,False,8
aisle,6,10000,3,0.00651102508070345,-5.034258372683925,4.7439068109335636e-07,-14.561234633019584,13725.02736709983,0.004743906810933568,False,8
aisle,7,10000,2,4.7273379752646235e-07,-14.564733402810692,,,,,False,8
aisle,7,10000,3,0.0065092999473415425,-5.034523363514536,4.7273379752646235e-07,-14.564733402810692,13769.482912795482,0.004727337975264628,False,8
aisle,8,10000,2,4.713992082393395e-07,-14.567560526039895,,,,,False,8
aisle,8,10000,3,0.006509335210491888,-5.034517946180089,4.713992082393395e-07,-14.567560526039895,13808.54082212833,0.0047139920823934,False,8
aisle,9,10000,2,4.7424393069529716e-07,-14.561544025903643,,,,,False,8
aisle,9,10000,3,0.006509317661460883,-5.034520642162719,4.7424393069529716e-07,-14.561544025903643,13725.674152365991,0.004742439306952976,False,8
aisle,0,13000,2,4.744865523569378e-07,-14.561032559957805,,,,,False,8
aisle,0,13000,3,0.006509335761758317,-5.034517861491501,4.744865523569378e-07,-14.561032559957805,13718.693879571947,0.006168325180640187,False,8
aisle,1,13000,2,4.743609171915269e-07,-14.561297376316972,,,,,False,8
aisle,1,13000,3,0.006511557456032006,-5.034176610817206,4.743609171915269e-07,-14.561297376316972,13727.010847740054,0.006166691923489846,False,8
aisle,2,13000,2,4.744295012954305e-07,-14.561152804654597,,,,,False,8
aisle,2,13000,3,0.0065093315072353814,-5.034518515094954,4.744295012954305e-07,-14.561152804654597,13720.334611278686,0.006167583516840593,False,8
aisle,3,13000,2,4.742191722417236e-07,-14.561596233424426,,,,,False,8
aisle,3,13000,3,0.006509315862963818,-5.034520918458547,4.742191722417236e-07,-14.561596233424426,13726.38696194642,0.006164849239142402,False,8
aisle,4,13000,2,4.7180837374711547e-07,-14.566692921620133,,,,,False,8
aisle,4,13000,3,0.00650944102409602,-5.03450169064236,4.7180837374711547e-07,-14.566692921620133,13796.789939097212,0.006133508858712497,False,8
aisle,5,13000,2,4.7449685264674527e-07,-14.561010851907373,,,,,False,8
aisle,5,13000,3,0.006509394945778087,-5.034508769357852,4.7449685264674527e-07,-14.561010851907373,13718.520806763312,0.006168459084407684,False,8
aisle,6,13000,2,4.7439068109335636e-07,-14.561234633019584,,,,,False,8
aisle,6,13000,3,0.00651102508070345,-5.034258372683925,4.7439068109335636e-07,-14.561234633019584,13725.02736709983,0.006167078854213629,False,8
aisle,7,13000,2,4.7273379752646235e-07,-14.564733402810692,,,,,False,8
aisle,7,13000,3,0.0065092999473415425,-5.034523363514536,4.7273379752646235e-07,-14.564733402810692,13769.482912795482,0.006145539367844006,False,8
aisle,8,13000,2,4.713992082393395e-07,-14.567560526039895,,,,,False,8
aisle,8,13000,3,0.006509335210491888,-5.034517946180089,4.713992082393395e-07,-14.567560526039895,13808.54082212833,0.006128189707111409,False,8
aisle,9,13000,2,4.7424393069529716e-07,-14.561544025903643,,,,,False,8
aisle,9,13000,3,0.006509317661460883,-5.034520642162719,4.7424393069529716e-07,-14.561544025903643,13725.674152365991,0.006165171099038859,False,8
aisle,0,13750,2,4.744865523569378e-07,-14.561032559957805,,,,,False,8
aisle,0,13750,3,0.006509335761758317,-5.034517861491501,4.744865523569378e-07,-14.561032559957805,13718.693879571947,0.0065241900949079,True,16
aisle,1,13750,2,4.743609171915269e-07,-14.561297376316972,,,,,False,8
aisle,1,13750,3,0.006511557456032006,-5.034176610817206,4.743609171915269e-07,-14.561297376316972,13727.010847740054,0.0065224626113835,True,16
aisle,2,13750,2,4.744295012954305e-07,-14.561152804654597,,,,,False,8
aisle,2,13750,3,0.0065093315072353814,-5.034518515094954,4.744295012954305e-07,-14.561152804654597,13720.334611278686,0.0065234056428121745,True,16
aisle,3,13750,2,4.742191722417236e-07,-14.561596233424426,,,,,False,8
aisle,3,13750,3,0.006509315862963818,-5.034520918458547,4.742191722417236e-07,-14.561596233424426,13726.38696194642,0.006520513618323704,True,16
aisle,4,13750,2,4.7180837374711547e-07,-14.566692921620133,,,,,False,8
aisle,4,13750,3,0.00650944102409602,-5.03450169064236,4.7180837374711547e-07,-14.566692921620133,13796.789939097212,0.006487365139022843,False,8
aisle,5,13750,2,4.7449685264674527e-07,-14.561010851907373,,,,,False,8
aisle,5,13750,3,0.006509394945778087,-5.034508769357852,4.7449685264674527e-07,-14.561010851907373,13718.520806763312,0.0065243317238927526,True,16
aisle,6,13750,2,4.7439068109335636e-07,-14.561234633019584,,,,,False,8
aisle,6,13750,3,0.00651102508070345,-5.034258372683925,4.7439068109335636e-07,-14.561234633019584,13725.02736709983,0.006522871865033655,True,16
aisle,7,13750,2,4.7273379752646235e-07,-14.564733402810692,,,,,False,8
aisle,7,13750,3,0.0065092999473415425,-5.034523363514536,4.7273379752646235e-07,-14.564733402810692,13769.482912795482,0.0065000897159888625,False,8
aisle,8,13750,2,4.713992082393395e-07,-14.567560526039895,,,,,False,8
aisle,8,13750,3,0.006509335210491888,-5.034517946180089,4.713992082393395e-07,-14.567560526039895,13808.54082212833,0.006481739113290923,False,8
aisle,9,13750,2,4.7424393069529716e-07,-14.561544025903643,,,,,False,8
aisle,9,13750,3,0.006509317661460883,-5.034520642162719,4.7424393069529716e-07,-14.561544025903643,13725.674152365991,0.006520854047060341,True,16
aisle,0,14000,2,4.744865523569378e-07,-14.561032559957805,,,,,False,8
aisle,0,14000,3,0.006509335761758317,-5.034517861491501,4.744865523569378e-07,-14.561032559957805,13718.693879571947,0.006642811732997129,True,16
aisle,1,14000,2,4.743609171915269e-07,-14.561297376316972,,,,,False,8
aisle,1,14000,3,0.006511557456032006,-5.034176610817206,4.743609171915269e-07,-14.561297376316972,13727.010847740054,0.0066410528406813775,True,16
aisle,2,14000,2,4.744295012954305e-07,-14.561152804654597,,,,,False,8
aisle,2,14000,3,0.0065093315072353814,-5.034518515094954,4.744295012954305e-07,-14.561152804654597,13720.334611278686,0.006642013018136027,True,16
aisle,3,14000,2,4.742191722417236e-07,-14.561596233424426,,,,,False,8
aisle,3,14000,3,0.006509315862963818,-5.034520918458547,4.742191722417236e-07,-14.561596233424426,13726.38696194642,0.0066390684113841305,True,16
aisle,4,14000,2,4.7180837374711547e-07,-14.566692921620133,,,,,False,8
aisle,4,14000,3,0.00650944102409602,-5.03450169064236,4.7180837374711547e-07,-14.566692921620133,13796.789939097212,0.006605317232459617,True,16
aisle,5,14000,2,4.7449685264674527e-07,-14.561010851907373,,,,,False,8
aisle,5,14000,3,0.006509394945778087,-5.034508769357852,4.7449685264674527e-07,-14.561010851907373,13718.520806763312,0.006642955937054434,True,16
aisle,6,14000,2,4.7439068109335636e-07,-14.561234633019584,,,,,False,8
aisle,6,14000,3,0.00651102508070345,-5.034258372683925,4.7439068109335636e-07,-14.561234633019584,13725.02736709983,0.006641469535306989,True,16
aisle,7,14000,2,4.7273379752646235e-07,-14.564733402810692,,,,,False,8
aisle,7,14000,3,0.0065092999473415425,-5.034523363514536,4.7273379752646235e-07,-14.564733402810692,13769.482912795482,0.0066182731653704726,True,16
aisle,8,14000,2,4.713992082393395e-07,-14.567560526039895,,,,,False,8
aisle,8,14000,3,0.006509335210491888,-5.034517946180089,4.713992082393395e-07,-14.567560526039895,13808.54082212833,0.0065995889153507535,True,16
aisle,9,14000,2,4.7424393069529716e-07,-14.561544025903643,,,,,False,8
aisle,9,14000,3,0.006509317661460883,-5.034520642162719,4.7424393069529716e-07,-14.561544025903643,13725.674152365991,0.0066394150297341605,True,16
aisle,0,15000,2,4.744865523569378e-07,-14.561032559957805,,,,,False,8
aisle,0,15000,3,0.006509335761758317,-5.034517861491501,4.744865523569378e-07,-14.561032559957805,13718.693879571947,0.007117298285354069,True,16
aisle,1,15000,2,4.743609171915269e-07,-14.561297376316972,,,,,False,8
aisle,1,15000,3,0.006511557456032006,-5.034176610817206,4.743609171915269e-07,-14.561297376316972,13727.010847740054,0.007115413757872905,True,16
aisle,2,15000,2,4.744295012954305e-07,-14.561152804654597,,,,,False,8
aisle,2,15000,3,0.0065093315072353814,-5.034518515094954,4.744295012954305e-07,-14.561152804654597,13720.334611278686,0.007116442519431459,True,16
aisle,3,15000,2,4.742191722417236e-07,-14.561596233424426,,,,,False,8
aisle,3,15000,3,0.006509315862963818,-5.034520918458547,4.742191722417236e-07,-14.561596233424426,13726.38696194642,0.007113287583625855,True,16
aisle,4,15000,2,4.7180837374711547e-07,-14.566692921620133,,,,,False,8
aisle,4,15000,3,0.00650944102409602,-5.03450169064236,4.7180837374711547e-07,-14.566692921620133,13796.789939097212,0.007077125606206733,True,16
aisle,5,15000,2,4.7449685264674527e-07,-14.561010851907373,,,,,False,8
aisle,5,15000,3,0.006509394945778087,-5.034508769357852,4.7449685264674527e-07,-14.561010851907373,13718.520806763312,0.00711745278970118,True,16
aisle,6,15000,2,4.7439068109335636e-07,-14.561234633019584,,,,,False,8
aisle,6,15000,3,0.00651102508070345,-5.034258372683925,4.7439068109335636e-07,-14.561234633019584,13725.02736709983,0.007115860216400347,True,16
aisle,7,15000,2,4.7273379752646235e-07,-14.564733402810692,,,,,False,8
aisle,7,15000,3,0.0065092999473415425,-5.034523363514536,4.7273379752646235e-07,-14.564733402810692,13769.482912795482,0.007091006962896937,True,16
aisle,8,15000,2,4.713992082393395e-07,-14.567560526039895,,,,,False,8
aisle,8,15000,3,0.006509335210491888,-5.034517946180089,4.713992082393395e-07,-14.567560526039895,13808.54082212833,0.007070988123590094,True,16
aisle,9,15000,2,4.7424393069529716e-07,-14.561544025903643,,,,,False,8
aisle,9,15000,3,0.006509317661460883,-5.034520642162719,4.7424393069529716e-07,-14.561544025903643,13725.674152365991,0.007113658960429459,True,16
aisle,0,20000,2,4.744865523569378e-07,-14.561032559957805,,,,,False,8
aisle,0,20000,3,0.006509335761758317,-5.034517861491501,4.744865523569378e-07,-14.561032559957805,13718.693879571947,0.009489731047138749,True,16
aisle,1,20000,2,4.743609171915269e-07,-14.561297376316972,,,,,False,8
aisle,1,20000,3,0.006511557456032006,-5.034176610817206,4.743609171915269e-07,-14.561297376316972,13727.010847740054,0.00948721834383053,True,16
aisle,2,20000,2,4.744295012954305e-07,-14.561152804654597,,,,,False,8
aisle,2,20000,3,0.0065093315072353814,-5.034518515094954,4.744295012954305e-07,-14.561152804654597,13720.334611278686,0.009488590025908603,True,16
aisle,3,20000,2,4.742191722417236e-07,-14.561596233424426,,,,,False,8
aisle,3,20000,3,0.006509315862963818,-5.034520918458547,4.742191722417236e-07,-14.561596233424426,13726.38696194642,0.009484383444834463,True,16
aisle,4,20000,2,4.7180837374711547e-07,-14.566692921620133,,,,,False,8
aisle,4,20000,3,0.00650944102409602,-5.03450169064236,4.7180837374711547e-07,-14.566692921620133,13796.789939097212,0.009436167474942301,True,16
aisle,5,20000,2,4.7449685264674527e-07,-14.561010851907373,,,,,False,8
aisle,5,20000,3,0.006509394945778087,-5.034508769357852,4.7449685264674527e-07,-14.561010851907373,13718.520806763312,0.009489937052934898,True,16
aisle,6,20000,2,4.7439068109335636e-07,-14.561234633019584,,,,,False,8
aisle,6,20000,3,0.00651102508070345,-5.034258372683925,4.7439068109335636e-07,-14.561234633019584,13725.02736709983,0.00948781362186712,True,16
aisle,7,20000,2,4.7273379752646235e-07,-14.564733402810692,,,,,False,8
aisle,7,20000,3,0.0065092999473415425,-5.034523363514536,4.7273379752646235e-07,-14.564733402810692,13769.482912795482,0.00945467595052924,True,16
aisle,8,20000,2,4.713992082393395e-07,-14.567560526039895,,,,,False,8
aisle,8,20000,3,0.006509335210491888,-5.034517946180089,4.713992082393395e-07,-14.567560526039895,13808.54082212833,0.009427984164786784,True,16
aisle,9,20000,2,4.7424393069529716e-07,-14.561544025903643,,,,,False,8
aisle,9,20000,3,0.006509317661460883,-5.034520642162719,4.7424393069529716e-07,-14.561544025903643,13725.674152365991,0.009484878613905935,True,16
