domain,rho,n_runs_ok,n_runs_failed,complete,accuracy_mean,accuracy_sd,accuracy_ci_lo,accuracy_ci_hi,violation_f1_mean,violation_f1_sd,violation_f1_ci_lo,violation_f1_ci_hi,P_intended_mean,P_intended_sd,P_intended_ci_lo,P_intended_ci_hi,n_refinements_mean,n_refinements_sd,n_refinements_ci_lo,n_refinements_ci_hi,n_hypotheses_mean,n_hypotheses_sd,n_hypotheses_ci_lo,n_hypotheses_ci_hi,refinement_rate,refinement_points,n_refined,intended_abstraction_rate_among_refined,intended_norm_rate_among_refined,map_intended_rate,map_counts,mean_hyps_before_refinement,mean_hyps_after_refinement,unseen_accuracy_mean,unseen_accuracy_sd,unseen_accuracy_ci_lo,unseen_accuracy_ci_hi
cart,0.1,10,0,True,0.8,0.0,0.8,0.8,0.8,0.0,0.8,0.8,0.0,0.0,0.0,0.0,0.0,0.0,0.0,0.0,8.0,0.0,8.0,8.0,0.0,[],0,,,0.0,"{""[g0_visit_upper_left_service_counter] OBLIGED: after start, eventually (at(0,1) \u2227 INTERACT) (before "": 1, ""[g0_must_check_counter_0_1] OBLIGED: after start, eventually (at(0,1) \u2227 INTERACT) (before exit)"": 1, ""[g0_must_visit_service_01] OBLIGED: after start, eventually (at(0,1) \u2227 INTERACT) (before exit)"": 1, ""[g0_service_desk_before_exit] OBLIGED: after start, eventually (at(0,1) \u2227 INTERACT) (before exit)"": 1, ""[g0_must_interact_0_1] OBLIGED: after start, eventually (at(0,1) \u2227 INTERACT) (before exit)"": 2, ""[g0_must_visit_service_desk] OBLIGED: after start, eventually (at(0,1) \u2227 INTERACT) (before exit)"": 1, ""[g0_courtesy_desk_checkin] OBLIGED: after start, eventually (at(0,1) \u2227 INTERACT) (before exit)"": 1, ""[g0_check_service_desk] OBLIGED: after start, eventually (at(0,1) \u2227 INTERACT) (before exit)"": 1, ""[g0_must_visit_service_0_1] OBLIGED: after start, eventually (at(0,1) \u2227 INTERACT) (before exit)"": 1}",,,,,,
cart,0.5,10,0,True,0.8,0.0,0.8,0.8,0.8,0.0,0.8,0.8,0.0,0.0,0.0,0.0,0.0,0.0,0.0,0.0,8.0,0.0,8.0,8.0,0.0,[],0,,,0.0,"{""[g0_visit_upper_left_service_counter] OBLIGED: after start, eventually (at(0,1) \u2227 INTERACT) (before "": 1, ""[g0_must_check_counter_0_1] OBLIGED: after start, eventually (at(0,1) \u2227 INTERACT) (before exit)"": 1, ""[g0_must_visit_service_01] OBLIGED: after start, eventually (at(0,1) \u2227 INTERACT) (before exit)"": 1, ""[g0_service_desk_before_exit] OBLIGED: after start, eventually (at(0,1) \u2227 INTERACT) (before exit)"": 1, ""[g0_must_interact_0_1] OBLIGED: after start, eventually (at(0,1) \u2227 INTERACT) (before exit)"": 2, ""[g0_must_visit_service_desk] OBLIGED: after start, eventually (at(0,1) \u2227 INTERACT) (before exit)"": 1, ""[g0_courtesy_desk_checkin] OBLIGED: after start, eventually (at(0,1) \u2227 INTERACT) (before exit)"": 1, ""[g0_check_service_desk] OBLIGED: after start, eventually (at(0,1) \u2227 INTERACT) (before exit)"": 1, ""[g0_must_visit_service_0_1] OBLIGED: after start, eventually (at(0,1) \u2227 INTERACT) (before exit)"": 1}",,,,,,
cart,1,10,0,True,0.8,0.0,0.8,0.8,0.8,0.0,0.8,0.8,0.0,0.0,0.0,0.0,0.0,0.0,0.0,0.0,8.0,0.0,8.0,8.0,0.0,[],0,,,0.0,"{""[g0_visit_upper_left_service_counter] OBLIGED: after start, eventually (at(0,1) \u2227 INTERACT) (before "": 1, ""[g0_must_check_counter_0_1] OBLIGED: after start, eventually (at(0,1) \u2227 INTERACT) (before exit)"": 1, ""[g0_must_visit_service_01] OBLIGED: after start, eventually (at(0,1) \u2227 INTERACT) (before exit)"": 1, ""[g0_service_desk_before_exit] OBLIGED: after start, eventually (at(0,1) \u2227 INTERACT) (before exit)"": 1, ""[g0_must_interact_0_1] OBLIGED: after start, eventually (at(0,1) \u2227 INTERACT) (before exit)"": 2, ""[g0_must_visit_service_desk] OBLIGED: after start, eventually (at(0,1) \u2227 INTERACT) (before exit)"": 1, ""[g0_courtesy_desk_checkin] OBLIGED: after start, eventually (at(0,1) \u2227 INTERACT) (before exit)"": 1, ""[g0_check_service_desk] OBLIGED: after start, eventually (at(0,1) \u2227 INTERACT) (before exit)"": 1, ""[g0_must_visit_service_0_1] OBLIGED: after start, eventually (at(0,1) \u2227 INTERACT) (before exit)"": 1}",,,,,,
cart,2,10,0,True,0.8,0.0,0.8,0.8,0.8,0.0,0.8,0.8,0.0,0.0,0.0,0.0,0.0,0.0,0.0,0.0,8.0,0.0,8.0,8.0,0.0,[],0,,,0.0,"{""[g0_visit_upper_left_service_counter] OBLIGED: after start, eventually (at(0,1) \u2227 INTERACT) (before "": 1, ""[g0_must_check_counter_0_1] OBLIGED: after start, eventually (at(0,1) \u2227 INTERACT) (before exit)"": 1, ""[g0_must_visit_service_01] OBLIGED: after start, eventually (at(0,1) \u2227 INTERACT) (before exit)"": 1, ""[g0_service_desk_before_exit] OBLIGED: after start, eventually (at(0,1) \u2227 INTERACT) (before exit)"": 1, ""[g0_must_interact_0_1] OBLIGED: after start, eventually (at(0,1) \u2227 INTERACT) (before exit)"": 2, ""[g0_must_visit_service_desk] OBLIGED: after start, eventually (at(0,1) \u2227 INTERACT) (before exit)"": 1, ""[g0_courtesy_desk_checkin] OBLIGED: after start, eventually (at(0,1) \u2227 INTERACT) (before exit)"": 1, ""[g0_check_service_desk] OBLIGED: after start, eventually (at(0,1) \u2227 INTERACT) (before exit)"": 1, ""[g0_must_visit_service_0_1] OBLIGED: after start, eventually (at(0,1) \u2227 INTERACT) (before exit)"": 1}",,,,,,
cart,5,10,0,True,0.8,0.0,0.8,0.8,0.8,0.0,0.8,0.8,0.0,0.0,0.0,0.0,0.0,0.0,0.0,0.0,8.0,0.0,8.0,8.0,0.0,[],0,,,0.0,"{""[g0_visit_upper_left_service_counter] OBLIGED: after start, eventually (at(0,1) \u2227 INTERACT) (before "": 1, ""[g0_must_check_counter_0_1] OBLIGED: after start, eventually (at(0,1) \u2227 INTERACT) (before exit)"": 1, ""[g0_must_visit_service_01] OBLIGED: after start, eventually (at(0,1) \u2227 INTERACT) (before exit)"": 1, ""[g0_service_desk_before_exit] OBLIGED: after start, eventually (at(0,1) \u2227 INTERACT) (before exit)"": 1, ""[g0_must_interact_0_1] OBLIGED: after start, eventually (at(0,1) \u2227 INTERACT) (before exit)"": 2, ""[g0_must_visit_service_desk] OBLIGED: after start, eventually (at(0,1) \u2227 INTERACT) (before exit)"": 1, ""[g0_courtesy_desk_checkin] OBLIGED: after start, eventually (at(0,1) \u2227 INTERACT) (before exit)"": 1, ""[g0_check_service_desk] OBLIGED: after start, eventually (at(0,1) \u2227 INTERACT) (before exit)"": 1, ""[g0_must_visit_service_0_1] OBLIGED: after start, eventually (at(0,1) \u2227 INTERACT) (before exit)"": 1}",,,,,,
cart,10,10,0,True,0.8,0.0,0.8,0.8,0.8,0.0,0.8,0.8,0.0,0.0,0.0,0.0,0.0,0.0,0.0,0.0,8.0,0.0,8.0,8.0,0.0,[],0,,,0.0,"{""[g0_visit_upper_left_service_counter] OBLIGED: after start, eventually (at(0,1) \u2227 INTERACT) (before "": 1, ""[g0_must_check_counter_0_1] OBLIGED: after start, eventually (at(0,1) \u2227 INTERACT) (before exit)"": 1, ""[g0_must_visit_service_01] OBLIGED: after start, eventually (at(0,1) \u2227 INTERACT) (before exit)"": 1, ""[g0_service_desk_before_exit] OBLIGED: after start, eventually (at(0,1) \u2227 INTERACT) (before exit)"": 1, ""[g0_must_interact_0_1] OBLIGED: after start, eventually (at(0,1) \u2227 INTERACT) (before exit)"": 2, ""[g0_must_visit_service_desk] OBLIGED: after start, eventually (at(0,1) \u2227 INTERACT) (before exit)"": 1, ""[g0_courtesy_desk_checkin] OBLIGED: after start, eventually (at(0,1) \u2227 INTERACT) (before exit)"": 1, ""[g0_check_service_desk] OBLIGED: after start, eventually (at(0,1) \u2227 INTERACT) (before exit)"": 1, ""[g0_must_visit_service_0_1] OBLIGED: after start, eventually (at(0,1) \u2227 INTERACT) (before exit)"": 1}",,,,,,
cart,20,10,0,True,0.8,0.0,0.8,0.8,0.8,0.0,0.8,0.8,0.0,0.0,0.0,0.0,0.0,0.0,0.0,0.0,8.0,0.0,8.0,8.0,0.0,[],0,,,0.0,"{""[g0_visit_upper_left_service_counter] OBLIGED: after start, eventually (at(0,1) \u2227 INTERACT) (before "": 1, ""[g0_must_check_counter_0_1] OBLIGED: after start, eventually (at(0,1) \u2227 INTERACT) (before exit)"": 1, ""[g0_must_visit_service_01] OBLIGED: after start, eventually (at(0,1) \u2227 INTERACT) (before exit)"": 1, ""[g0_service_desk_before_exit] OBLIGED: after start, eventually (at(0,1) \u2227 INTERACT) (before exit)"": 1, ""[g0_must_interact_0_1] OBLIGED: after start, eventually (at(0,1) \u2227 INTERACT) (before exit)"": 2, ""[g0_must_visit_service_desk] OBLIGED: after start, eventually (at(0,1) \u2227 INTERACT) (before exit)"": 1, ""[g0_courtesy_desk_checkin] OBLIGED: after start, eventually (at(0,1) \u2227 INTERACT) (before exit)"": 1, ""[g0_check_service_desk] OBLIGED: after start, eventually (at(0,1) \u2227 INTERACT) (before exit)"": 1, ""[g0_must_visit_service_0_1] OBLIGED: after start, eventually (at(0,1) \u2227 INTERACT) (before exit)"": 1}",,,,,,
cart,35,10,0,True,0.8,0.0,0.8,0.8,0.8,0.0,0.8,0.8,0.0,0.0,0.0,0.0,0.0,0.0,0.0,0.0,8.0,0.0,8.0,8.0,0.0,[],0,,,0.0,"{""[g0_visit_upper_left_service_counter] OBLIGED: after start, eventually (at(0,1) \u2227 INTERACT) (before "": 1, ""[g0_must_check_counter_0_1] OBLIGED: after start, eventually (at(0,1) \u2227 INTERACT) (before exit)"": 1, ""[g0_must_visit_service_01] OBLIGED: after start, eventually (at(0,1) \u2227 INTERACT) (before exit)"": 1, ""[g0_service_desk_before_exit] OBLIGED: after start, eventually (at(0,1) \u2227 INTERACT) (before exit)"": 1, ""[g0_must_interact_0_1] OBLIGED: after start, eventually (at(0,1) \u2227 INTERACT) (before exit)"": 2, ""[g0_must_visit_service_desk] OBLIGED: after start, eventually (at(0,1) \u2227 INTERACT) (before exit)"": 1, ""[g0_courtesy_desk_checkin] OBLIGED: after start, eventually (at(0,1) \u2227 INTERACT) (before exit)"": 1, ""[g0_check_service_desk] OBLIGED: after start, eventually (at(0,1) \u2227 INTERACT) (before exit)"": 1, ""[g0_must_visit_service_0_1] OBLIGED: after start, eventually (at(0,1) \u2227 INTERACT) (before exit)"": 1}",,,,,,
cart,36,10,0,True,0.9,0.10540925533894596,0.8400000000000001,0.96,0.9,0.10540925533894596,0.8400000000000001,0.96,0.27685247834990195,0.38429217035185687,0.054983399731247995,0.5086883564310517,0.9,0.31622776601683794,0.7,1.0,15.2,2.5298221281347035,13.6,16.0,0.9,[3],9,0.4444444444444444,0.4444444444444444,0.3,"{""[g1_return_cart_after_use] OBLIGED: after take_cart, eventually return_cart_at_point (before exit)  "": 1, ""[g0_must_check_counter_0_1] OBLIGED: after start, eventually (at(0,1) \u2227 INTERACT) (before exit)"": 1, ""[g0_must_visit_service_01] OBLIGED: after start, eventually (at(0,1) \u2227 INTERACT) (before exit)"": 1, ""[g1_exit_only_after_cart_returned] FORBIDDEN: (exit_attempt \u2227 \u00accart_returned_for_exit)  where cart_p"": 1, ""[g1_return_cart_after_item_pickup] OBLIGED: after item_collected, eventually cart_returned (before e"": 1, ""[g0_must_visit_service_desk] OBLIGED: after start, eventually (at(0,1) \u2227 INTERACT) (before exit)"": 1, ""[g1_borrowed_cart_return_bay] OBLIGED: after take_cart, eventually return_cart_to_front_bay (before "": 1, ""[g1_return_cart_to_bay] OBLIGED: after take_cart, eventually return_cart_to_bay (before exit)  where"": 1, ""[g0_must_visit_service_0_1] OBLIGED: after start, eventually (at(0,1) \u2227 INTERACT) (before exit)"": 1, ""[g1_exit_only_after_cart_is_parked] FORBIDDEN: exit_before_cart_return  where cart_parked_in_return_"": 1}",8.0,16.0,,,,
cart,37,10,0,True,0.9200000000000002,0.10327955589886444,0.86,0.9800000000000001,0.9200000000000002,0.10327955589886444,0.86,0.9800000000000001,0.30374662048690143,0.37197768615646687,0.10000000000000023,0.5256476601813413,1.0,0.0,1.0,1.0,16.0,0.0,16.0,16.0,1.0,[3],10,0.5,0.5,0.3,"{""[g1_return_cart_after_use] OBLIGED: after take_cart, eventually return_cart_at_point (before exit)  "": 1, ""[g1_no_exit_until_cart_returned] FORBIDDEN: (EXIT \u2227 \u00accart_parked_at_register)  where cart_parked_at_"": 1, ""[g0_must_visit_service_01] OBLIGED: after start, eventually (at(0,1) \u2227 INTERACT) (before exit)"": 1, ""[g1_exit_only_after_cart_returned] FORBIDDEN: (exit_attempt \u2227 \u00accart_returned_for_exit)  where cart_p"": 1, ""[g1_return_cart_after_item_pickup] OBLIGED: after item_collected, eventually cart_returned (before e"": 1, ""[g0_must_visit_service_desk] OBLIGED: after start, eventually (at(0,1) \u2227 INTERACT) (before exit)"": 1, ""[g1_borrowed_cart_return_bay] OBLIGED: after take_cart, eventually return_cart_to_front_bay (before "": 1, ""[g1_return_cart_to_bay] OBLIGED: after take_cart, eventually return_cart_to_bay (before exit)  where"": 1, ""[g0_must_visit_service_0_1] OBLIGED: after start, eventually (at(0,1) \u2227 INTERACT) (before exit)"": 1, ""[g1_exit_only_after_cart_is_parked] FORBIDDEN: exit_before_cart_return  where cart_parked_in_return_"": 1}",8.0,16.0,,,,
cart,40,10,0,True,0.9200000000000002,0.10327955589886444,0.86,0.9800000000000001,0.9200000000000002,0.10327955589886444,0.86,0.9800000000000001,0.30374662048690143,0.37197768615646687,0.10000000000000023,0.5256476601813413,1.0,0.0,1.0,1.0,16.0,0.0,16.0,16.0,1.0,[3],10,0.5,0.5,0.3,"{""[g1_return_cart_after_use] OBLIGED: after take_cart, eventually return_cart_at_point (before exit)  "": 1, ""[g1_no_exit_until_cart_returned] FORBIDDEN: (EXIT \u2227 \u00accart_parked_at_register)  where cart_parked_at_"": 1, ""[g0_must_visit_service_01] OBLIGED: after start, eventually (at(0,1) \u2227 INTERACT) (before exit)"": 1, ""[g1_exit_only_after_cart_returned] FORBIDDEN: (exit_attempt \u2227 \u00accart_returned_for_exit)  where cart_p"": 1, ""[g1_return_cart_after_item_pickup] OBLIGED: after item_collected, eventually cart_returned (before e"": 1, ""[g0_must_visit_service_desk] OBLIGED: after start, eventually (at(0,1) \u2227 INTERACT) (before exit)"": 1, ""[g1_borrowed_cart_return_bay] OBLIGED: after take_cart, eventually return_cart_to_front_bay (before "": 1, ""[g1_return_cart_to_bay] OBLIGED: after take_cart, eventually return_cart_to_bay (before exit)  where"": 1, ""[g0_must_visit_service_0_1] OBLIGED: after start, eventually (at(0,1) \u2227 INTERACT) (before exit)"": 1, ""[g1_exit_only_after_cart_is_parked] FORBIDDEN: exit_before_cart_return  where cart_parked_in_return_"": 1}",8.0,16.0,,,,
cart,50,10,0,True,0.9200000000000002,0.10327955589886444,0.86,0.9800000000000001,0.9200000000000002,0.10327955589886444,0.86,0.9800000000000001,0.30374662048690143,0.37197768615646687,0.10000000000000023,0.5256476601813413,1.0,0.0,1.0,1.0,16.0,0.0,16.0,16.0,1.0,[3],10,0.5,0.5,0.3,"{""[g1_return_cart_after_use] OBLIGED: after take_cart, eventually return_cart_at_point (before exit)  "": 1, ""[g1_no_exit_until_cart_returned] FORBIDDEN: (EXIT \u2227 \u00accart_parked_at_register)  where cart_parked_at_"": 1, ""[g0_must_visit_service_01] OBLIGED: after start, eventually (at(0,1) \u2227 INTERACT) (before exit)"": 1, ""[g1_exit_only_after_cart_returned] FORBIDDEN: (exit_attempt \u2227 \u00accart_returned_for_exit)  where cart_p"": 1, ""[g1_return_cart_after_item_pickup] OBLIGED: after item_collected, eventually cart_returned (before e"": 1, ""[g0_must_visit_service_desk] OBLIGED: after start, eventually (at(0,1) \u2227 INTERACT) (before exit)"": 1, ""[g1_borrowed_cart_return_bay] OBLIGED: after take_cart, eventually return_cart_to_front_bay (before "": 1, ""[g1_return_cart_to_bay] OBLIGED: after take_cart, eventually return_cart_to_bay (before exit)  where"": 1, ""[g0_must_visit_service_0_1] OBLIGED: after start, eventually (at(0,1) \u2227 INTERACT) (before exit)"": 1, ""[g1_exit_only_after_cart_is_parked] FORBIDDEN: exit_before_cart_return  where cart_parked_in_return_"": 1}",8.0,16.0,,,,
cart,80,10,0,True,0.9200000000000002,0.10327955589886444,0.86,0.9800000000000001,0.9200000000000002,0.10327955589886444,0.86,0.9800000000000001,0.30374662048690143,0.37197768615646687,0.10000000000000023,0.5256476601813413,1.0,0.0,1.0,1.0,16.0,0.0,16.0,16.0,1.0,[3],10,0.5,0.5,0.3,"{""[g1_return_cart_after_use] OBLIGED: after take_cart, eventually return_cart_at_point (before exit)  "": 1, ""[g1_no_exit_until_cart_returned] FORBIDDEN: (EXIT \u2227 \u00accart_parked_at_register)  where cart_parked_at_"": 1, ""[g0_must_visit_service_01] OBLIGED: after start, eventually (at(0,1) \u2227 INTERACT) (before exit)"": 1, ""[g1_exit_only_after_cart_returned] FORBIDDEN: (exit_attempt \u2227 \u00accart_returned_for_exit)  where cart_p"": 1, ""[g1_return_cart_after_item_pickup] OBLIGED: after item_collected, eventually cart_returned (before e"": 1, ""[g0_must_visit_service_desk] OBLIGED: after start, eventually (at(0,1) \u2227 INTERACT) (before exit)"": 1, ""[g1_borrowed_cart_return_bay] OBLIGED: after take_cart, eventually return_cart_to_front_bay (before "": 1, ""[g1_return_cart_to_bay] OBLIGED: after take_cart, eventually return_cart_to_bay (before exit)  where"": 1, ""[g0_must_visit_service_0_1] OBLIGED: after start, eventually (at(0,1) \u2227 INTERACT) (before exit)"": 1, ""[g1_exit_only_after_cart_is_parked] FORBIDDEN: exit_before_cart_return  where cart_parked_in_return_"": 1}",8.0,16.0,,,,
cart,100,10,0,True,0.9200000000000002,0.10327955589886444,0.86,0.9800000000000001,0.9200000000000002,0.10327955589886444,0.86,0.9800000000000001,0.30374662048690143,0.37197768615646687,0.10000000000000023,0.5256476601813413,1.0,0.0,1.0,1.0,16.0,0.0,16.0,16.0,1.0,[3],10,0.5,0.5,0.3,"{""[g1_return_cart_after_use] OBLIGED: after take_cart, eventually return_cart_at_point (before exit)  "": 1, ""[g1_no_exit_until_cart_returned] FORBIDDEN: (EXIT \u2227 \u00accart_parked_at_register)  where cart_parked_at_"": 1, ""[g0_must_visit_service_01] OBLIGED: after start, eventually (at(0,1) \u2227 INTERACT) (before exit)"": 1, ""[g1_exit_only_after_cart_returned] FORBIDDEN: (exit_attempt \u2227 \u00accart_returned_for_exit)  where cart_p"": 1, ""[g1_return_cart_after_item_pickup] OBLIGED: after item_collected, eventually cart_returned (before e"": 1, ""[g0_must_visit_service_desk] OBLIGED: after start, eventually (at(0,1) \u2227 INTERACT) (before exit)"": 1, ""[g1_borrowed_cart_return_bay] OBLIGED: after take_cart, eventually return_cart_to_front_bay (before "": 1, ""[g1_return_cart_to_bay] OBLIGED: after take_cart, eventually return_cart_to_bay (before exit)  where"": 1, ""[g0_must_visit_service_0_1] OBLIGED: after start, eventually (at(0,1) \u2227 INTERACT) (before exit)"": 1, ""[g1_exit_only_after_cart_is_parked] FORBIDDEN: exit_before_cart_return  where cart_parked_in_return_"": 1}",8.0,16.0,,,,
cart,500,10,0,True,0.9200000000000002,0.10327955589886444,0.86,0.9800000000000001,0.9200000000000002,0.10327955589886444,0.86,0.9800000000000001,0.30374662048690143,0.37197768615646687,0.10000000000000023,0.5256476601813413,1.0,0.0,1.0,1.0,16.0,0.0,16.0,16.0,1.0,[3],10,0.5,0.5,0.3,"{""[g1_return_cart_after_use] OBLIGED: after take_cart, eventually return_cart_at_point (before exit)  "": 1, ""[g1_no_exit_until_cart_returned] FORBIDDEN: (EXIT \u2227 \u00accart_parked_at_register)  where cart_parked_at_"": 1, ""[g0_must_visit_service_01] OBLIGED: after start, eventually (at(0,1) \u2227 INTERACT) (before exit)"": 1, ""[g1_exit_only_after_cart_returned] FORBIDDEN: (exit_attempt \u2227 \u00accart_returned_for_exit)  where cart_p"": 1, ""[g1_return_cart_after_item_pickup] OBLIGED: after item_collected, eventually cart_returned (before e"": 1, ""[g0_must_visit_service_desk] OBLIGED: after start, eventually (at(0,1) \u2227 INTERACT) (before exit)"": 1, ""[g1_borrowed_cart_return_bay] OBLIGED: after take_cart, eventually return_cart_to_front_bay (before "": 1, ""[g1_return_cart_to_bay] OBLIGED: after take_cart, eventually return_cart_to_bay (before exit)  where"": 1, ""[g0_must_visit_service_0_1] OBLIGED: after start, eventually (at(0,1) \u2227 INTERACT) (before exit)"": 1, ""[g1_exit_only_after_cart_is_parked] FORBIDDEN: exit_before_cart_return  where cart_parked_in_return_"": 1}",8.0,16.0,,,,
cart,1000,10,0,True,0.9200000000000002,0.10327955589886444,0.86,0.9800000000000001,0.9200000000000002,0.10327955589886444,0.86,0.9800000000000001,0.30374662048690143,0.37197768615646687,0.10000000000000023,0.5256476601813413,1.0,0.0,1.0,1.0,16.0,0.0,16.0,16.0,1.0,[3],10,0.5,0.5,0.3,"{""[g1_return_cart_after_use] OBLIGED: after take_cart, eventually return_cart_at_point (before exit)  "": 1, ""[g1_no_exit_until_cart_returned] FORBIDDEN: (EXIT \u2227 \u00accart_parked_at_register)  where cart_parked_at_"": 1, ""[g0_must_visit_service_01] OBLIGED: after start, eventually (at(0,1) \u2227 INTERACT) (before exit)"": 1, ""[g1_exit_only_after_cart_returned] FORBIDDEN: (exit_attempt \u2227 \u00accart_returned_for_exit)  where cart_p"": 1, ""[g1_return_cart_after_item_pickup] OBLIGED: after item_collected, eventually cart_returned (before e"": 1, ""[g0_must_visit_service_desk] OBLIGED: after start, eventually (at(0,1) \u2227 INTERACT) (before exit)"": 1, ""[g1_borrowed_cart_return_bay] OBLIGED: after take_cart, eventually return_cart_to_front_bay (before "": 1, ""[g1_return_cart_to_bay] OBLIGED: after take_cart, eventually return_cart_to_bay (before exit)  where"": 1, ""[g0_must_visit_service_0_1] OBLIGED: after start, eventually (at(0,1) \u2227 INTERACT) (before exit)"": 1, ""[g1_exit_only_after_cart_is_parked] FORBIDDEN: exit_before_cart_return  where cart_parked_in_return_"": 1}",8.0,16.0,,,,
cart,5000,10,0,True,0.9200000000000002,0.10327955589886444,0.86,0.9800000000000001,0.9200000000000002,0.10327955589886444,0.86,0.9800000000000001,0.30374662048690143,0.37197768615646687,0.10000000000000023,0.5256476601813413,1.0,0.0,1.0,1.0,16.0,0.0,16.0,16.0,1.0,[3],10,0.5,0.5,0.3,"{""[g1_return_cart_after_use] OBLIGED: after take_cart, eventually return_cart_at_point (before exit)  "": 1, ""[g1_no_exit_until_cart_returned] FORBIDDEN: (EXIT \u2227 \u00accart_parked_at_register)  where cart_parked_at_"": 1, ""[g0_must_visit_service_01] OBLIGED: after start, eventually (at(0,1) \u2227 INTERACT) (before exit)"": 1, ""[g1_exit_only_after_cart_returned] FORBIDDEN: (exit_attempt \u2227 \u00accart_returned_for_exit)  where cart_p"": 1, ""[g1_return_cart_after_item_pickup] OBLIGED: after item_collected, eventually cart_returned (before e"": 1, ""[g0_must_visit_service_desk] OBLIGED: after start, eventually (at(0,1) \u2227 INTERACT) (before exit)"": 1, ""[g1_borrowed_cart_return_bay] OBLIGED: after take_cart, eventually return_cart_to_front_bay (before "": 1, ""[g1_return_cart_to_bay] OBLIGED: after take_cart, eventually return_cart_to_bay (before exit)  where"": 1, ""[g0_must_visit_service_0_1] OBLIGED: after start, eventually (at(0,1) \u2227 INTERACT) (before exit)"": 1, ""[g1_exit_only_after_cart_is_parked] FORBIDDEN: exit_before_cart_return  where cart_parked_in_return_"": 1}",8.0,16.0,,,,
cart,10000,10,0,True,0.9200000000000002,0.10327955589886444,0.86,0.9800000000000001,0.9200000000000002,0.10327955589886444,0.86,0.9800000000000001,0.30374662048690143,0.37197768615646687,0.10000000000000023,0.5256476601813413,1.0,0.0,1.0,1.0,16.0,0.0,16.0,16.0,1.0,[3],10,0.5,0.5,0.3,"{""[g1_return_cart_after_use] OBLIGED: after take_cart, eventually return_cart_at_point (before exit)  "": 1, ""[g1_no_exit_until_cart_returned] FORBIDDEN: (EXIT \u2227 \u00accart_parked_at_register)  where cart_parked_at_"": 1, ""[g0_must_visit_service_01] OBLIGED: after start, eventually (at(0,1) \u2227 INTERACT) (before exit)"": 1, ""[g1_exit_only_after_cart_returned] FORBIDDEN: (exit_attempt \u2227 \u00accart_returned_for_exit)  where cart_p"": 1, ""[g1_return_cart_after_item_pickup] OBLIGED: after item_collected, eventually cart_returned (before e"": 1, ""[g0_must_visit_service_desk] OBLIGED: after start, eventually (at(0,1) \u2227 INTERACT) (before exit)"": 1, ""[g1_borrowed_cart_return_bay] OBLIGED: after take_cart, eventually return_cart_to_front_bay (before "": 1, ""[g1_return_cart_to_bay] OBLIGED: after take_cart, eventually return_cart_to_bay (before exit)  where"": 1, ""[g0_must_visit_service_0_1] OBLIGED: after start, eventually (at(0,1) \u2227 INTERACT) (before exit)"": 1, ""[g1_exit_only_after_cart_is_parked] FORBIDDEN: exit_before_cart_return  where cart_parked_in_return_"": 1}",8.0,16.0,,,,
cart,13000,10,0,True,0.9200000000000002,0.10327955589886444,0.86,0.9800000000000001,0.9200000000000002,0.10327955589886444,0.86,0.9800000000000001,0.30374662048690143,0.37197768615646687,0.10000000000000023,0.5256476601813413,1.0,0.0,1.0,1.0,16.0,0.0,16.0,16.0,1.0,[3],10,0.5,0.5,0.3,"{""[g1_return_cart_after_use] OBLIGED: after take_cart, eventually return_cart_at_point (before exit)  "": 1, ""[g1_no_exit_until_cart_returned] FORBIDDEN: (EXIT \u2227 \u00accart_parked_at_register)  where cart_parked_at_"": 1, ""[g0_must_visit_service_01] OBLIGED: after start, eventually (at(0,1) \u2227 INTERACT) (before exit)"": 1, ""[g1_exit_only_after_cart_returned] FORBIDDEN: (exit_attempt \u2227 \u00accart_returned_for_exit)  where cart_p"": 1, ""[g1_return_cart_after_item_pickup] OBLIGED: after item_collected, eventually cart_returned (before e"": 1, ""[g0_must_visit_service_desk] OBLIGED: after start, eventually (at(0,1) \u2227 INTERACT) (before exit)"": 1, ""[g1_borrowed_cart_return_bay] OBLIGED: after take_cart, eventually return_cart_to_front_bay (before "": 1, ""[g1_return_cart_to_bay] OBLIGED: after take_cart, eventually return_cart_to_bay (before exit)  where"": 1, ""[g0_must_visit_service_0_1] OBLIGED: after start, eventually (at(0,1) \u2227 INTERACT) (before exit)"": 1, ""[g1_exit_only_after_cart_is_parked] FORBIDDEN: exit_before_cart_return  where cart_parked_in_return_"": 1}",8.0,16.0,,,,
cart,13750,10,0,True,0.9200000000000002,0.10327955589886444,0.86,0.9800000000000001,0.9200000000000002,0.10327955589886444,0.86,0.9800000000000001,0.30374662048690143,0.37197768615646687,0.10000000000000023,0.5256476601813413,1.0,0.0,1.0,1.0,16.0,0.0,16.0,16.0,1.0,[3],10,0.5,0.5,0.3,"{""[g1_return_cart_after_use] OBLIGED: after take_cart, eventually return_cart_at_point (before exit)  "": 1, ""[g1_no_exit_until_cart_returned] FORBIDDEN: (EXIT \u2227 \u00accart_parked_at_register)  where cart_parked_at_"": 1, ""[g0_must_visit_service_01] OBLIGED: after start, eventually (at(0,1) \u2227 INTERACT) (before exit)"": 1, ""[g1_exit_only_after_cart_returned] FORBIDDEN: (exit_attempt \u2227 \u00accart_returned_for_exit)  where cart_p"": 1, ""[g1_return_cart_after_item_pickup] OBLIGED: after item_collected, eventually cart_returned (before e"": 1, ""[g0_must_visit_service_desk] OBLIGED: after start, eventually (at(0,1) \u2227 INTERACT) (before exit)"": 1, ""[g1_borrowed_cart_return_bay] OBLIGED: after take_cart, eventually return_cart_to_front_bay (before "": 1, ""[g1_return_cart_to_bay] OBLIGED: after take_cart, eventually return_cart_to_bay (before exit)  where"": 1, ""[g0_must_visit_service_0_1] OBLIGED: after start, eventually (at(0,1) \u2227 INTERACT) (before exit)"": 1, ""[g1_exit_only_after_cart_is_parked] FORBIDDEN: exit_before_cart_return  where cart_parked_in_return_"": 1}",8.0,16.0,,,,
cart,14000,10,0,True,0.9200000000000002,0.10327955589886444,0.86,0.9800000000000001,0.9200000000000002,0.10327955589886444,0.86,0.9800000000000001,0.30374662048690143,0.37197768615646687,0.10000000000000023,0.5256476601813413,1.0,0.0,1.0,1.0,16.0,0.0,16.0,16.0,1.0,[3],10,0.5,0.5,0.3,"{""[g1_return_cart_after_use] OBLIGED: after take_cart, eventually return_cart_at_point (before exit)  "": 1, ""[g1_no_exit_until_cart_returned] FORBIDDEN: (EXIT \u2227 \u00accart_parked_at_register)  where cart_parked_at_"": 1, ""[g0_must_visit_service_01] OBLIGED: after start, eventually (at(0,1) \u2227 INTERACT) (before exit)"": 1, ""[g1_exit_only_after_cart_returned] FORBIDDEN: (exit_attempt \u2227 \u00accart_returned_for_exit)  where cart_p"": 1, ""[g1_return_cart_after_item_pickup] OBLIGED: after item_collected, eventually cart_returned (before e"": 1, ""[g0_must_visit_service_desk] OBLIGED: after start, eventually (at(0,1) \u2227 INTERACT) (before exit)"": 1, ""[g1_borrowed_cart_return_bay] OBLIGED: after take_cart, eventually return_cart_to_front_bay (before "": 1, ""[g1_return_cart_to_bay] OBLIGED: after take_cart, eventually return_cart_to_bay (before exit)  where"": 1, ""[g0_must_visit_service_0_1] OBLIGED: after start, eventually (at(0,1) \u2227 INTERACT) (before exit)"": 1, ""[g1_exit_only_after_cart_is_parked] FORBIDDEN: exit_before_cart_return  where cart_parked_in_return_"": 1}",8.0,16.0,,,,
cart,15000,10,0,True,0.9200000000000002,0.10327955589886444,0.86,0.9800000000000001,0.9200000000000002,0.10327955589886444,0.86,0.9800000000000001,0.30374662048690143,0.37197768615646687,0.10000000000000023,0.5256476601813413,1.0,0.0,1.0,1.0,16.0,0.0,16.0,16.0,1.0,[3],10,0.5,0.5,0.3,"{""[g1_return_cart_after_use] OBLIGED: after take_cart, eventually return_cart_at_point (before exit)  "": 1, ""[g1_no_exit_until_cart_returned] FORBIDDEN: (EXIT \u2227 \u00accart_parked_at_register)  where cart_parked_at_"": 1, ""[g0_must_visit_service_01] OBLIGED: after start, eventually (at(0,1) \u2227 INTERACT) (before exit)"": 1, ""[g1_exit_only_after_cart_returned] FORBIDDEN: (exit_attempt \u2227 \u00accart_returned_for_exit)  where cart_p"": 1, ""[g1_return_cart_after_item_pickup] OBLIGED: after item_collected, eventually cart_returned (before e"": 1, ""[g0_must_visit_service_desk] OBLIGED: after start, eventually (at(0,1) \u2227 INTERACT) (before exit)"": 1, ""[g1_borrowed_cart_return_bay] OBLIGED: after take_cart, eventually return_cart_to_front_bay (before "": 1, ""[g1_return_cart_to_bay] OBLIGED: after take_cart, eventually return_cart_to_bay (before exit)  where"": 1, ""[g0_must_visit_service_0_1] OBLIGED: after start, eventually (at(0,1) \u2227 INTERACT) (before exit)"": 1, ""[g1_exit_only_after_cart_is_parked] FORBIDDEN: exit_before_cart_return  where cart_parked_in_return_"": 1}",8.0,16.0,,,,
cart,20000,10,0,True,0.9200000000000002,0.10327955589886444,0.86,0.9800000000000001,0.9200000000000002,0.10327955589886444,0.86,0.9800000000000001,0.30374662048690143,0.37197768615646687,0.10000000000000023,0.5256476601813413,1.0,0.0,1.0,1.0,16.0,0.0,16.0,16.0,1.0,[3],10,0.5,0.5,0.3,"{""[g1_return_cart_after_use] OBLIGED: after take_cart, eventually return_cart_at_point (before exit)  "": 1, ""[g1_no_exit_until_cart_returned] FORBIDDEN: (EXIT \u2227 \u00accart_parked_at_register)  where cart_parked_at_"": 1, ""[g0_must_visit_service_01] OBLIGED: after start, eventually (at(0,1) \u2227 INTERACT) (before exit)"": 1, ""[g1_exit_only_after_cart_returned] FORBIDDEN: (exit_attempt \u2227 \u00accart_returned_for_exit)  where cart_p"": 1, ""[g1_return_cart_after_item_pickup] OBLIGED: after item_collected, eventually cart_returned (before e"": 1, ""[g0_must_visit_service_desk] OBLIGED: after start, eventually (at(0,1) \u2227 INTERACT) (before exit)"": 1, ""[g1_borrowed_cart_return_bay] OBLIGED: after take_cart, eventually return_cart_to_front_bay (before "": 1, ""[g1_return_cart_to_bay] OBLIGED: after take_cart, eventually return_cart_to_bay (before exit)  where"": 1, ""[g0_must_visit_service_0_1] OBLIGED: after start, eventually (at(0,1) \u2227 INTERACT) (before exit)"": 1, ""[g1_exit_only_after_cart_is_parked] FORBIDDEN: exit_before_cart_return  where cart_parked_in_return_"": 1}",8.0,16.0,,,,
aisle,0.1,10,0,True,0.5999999999999999,1.1702778228589004e-16,0.5999999999999999,0.5999999999999999,0.33333333333333337,0.0,0.33333333333333337,0.33333333333333337,0.0,0.0,0.0,0.0,0.0,0.0,0.0,0.0,8.0,0.0,8.0,8.0,0.0,[],0,,,0.0,"{""[g0_no_cart_north_from_parking] FORBIDDEN: (at(3,3) \u2227 hasCart \u2227 N)"": 1, ""[g0_no_cart_north_aisle] FORBIDDEN: (hasCart \u2227 (at(3,1) \u2228 at(3,2)))"": 2, ""[g0_no_north_with_cart_from_3_3] FORBIDDEN: (at(3,3) \u2227 hasCart \u2227 N)"": 1, ""[g0_no_cart_north_from_3_3] FORBIDDEN: (at(3,3) \u2227 hasCart \u2227 N)"": 1, ""[g0_no_cart_in_north_aisle] FORBIDDEN: (hasCart \u2227 (at(3,1) \u2228 at(3,2)))"": 1, ""[g0_park_cart_before_north_aisle] FORBIDDEN: (N \u2227 at(3,3) \u2227 hasCart)"": 1, ""[g0_no_cart_into_item_area] FORBIDDEN: (at(3,3) \u2227 hasCart \u2227 N)"": 1, ""[g0_no_cart_north_from_aisle_entry] FORBIDDEN: (at(3,3) \u2227 hasCart \u2227 N)"": 1, ""[g0_park_before_north_from_3_3] FORBIDDEN: (at(3,3) \u2227 hasCart \u2227 N)"": 1}",,,0.4,0.0,0.4,0.4
aisle,0.5,10,0,True,0.5999999999999999,1.1702778228589004e-16,0.5999999999999999,0.5999999999999999,0.33333333333333337,0.0,0.33333333333333337,0.33333333333333337,0.0,0.0,0.0,0.0,0.0,0.0,0.0,0.0,8.0,0.0,8.0,8.0,0.0,[],0,,,0.0,"{""[g0_no_cart_north_from_parking] FORBIDDEN: (at(3,3) \u2227 hasCart \u2227 N)"": 1, ""[g0_no_cart_north_aisle] FORBIDDEN: (hasCart \u2227 (at(3,1) \u2228 at(3,2)))"": 2, ""[g0_no_north_with_cart_from_3_3] FORBIDDEN: (at(3,3) \u2227 hasCart \u2227 N)"": 1, ""[g0_no_cart_north_from_3_3] FORBIDDEN: (at(3,3) \u2227 hasCart \u2227 N)"": 1, ""[g0_no_cart_in_north_aisle] FORBIDDEN: (hasCart \u2227 (at(3,1) \u2228 at(3,2)))"": 1, ""[g0_park_cart_before_north_aisle] FORBIDDEN: (N \u2227 at(3,3) \u2227 hasCart)"": 1, ""[g0_no_cart_into_item_area] FORBIDDEN: (at(3,3) \u2227 hasCart \u2227 N)"": 1, ""[g0_no_cart_north_from_aisle_entry] FORBIDDEN: (at(3,3) \u2227 hasCart \u2227 N)"": 1, ""[g0_park_before_north_from_3_3] FORBIDDEN: (at(3,3) \u2227 hasCart \u2227 N)"": 1}",,,0.4,0.0,0.4,0.4
aisle,1,10,0,True,0.5999999999999999,1.1702778228589004e-16,0.5999999999999999,0.5999999999999999,0.33333333333333337,0.0,0.33333333333333337,0.33333333333333337,0.0,0.0,0.0,0.0,0.0,0.0,0.0,0.0,8.0,0.0,8.0,8.0,0.0,[],0,,,0.0,"{""[g0_no_cart_north_from_parking] FORBIDDEN: (at(3,3) \u2227 hasCart \u2227 N)"": 1, ""[g0_no_cart_north_aisle] FORBIDDEN: (hasCart \u2227 (at(3,1) \u2228 at(3,2)))"": 2, ""[g0_no_north_with_cart_from_3_3] FORBIDDEN: (at(3,3) \u2227 hasCart \u2227 N)"": 1, ""[g0_no_cart_north_from_3_3] FORBIDDEN: (at(3,3) \u2227 hasCart \u2227 N)"": 1, ""[g0_no_cart_in_north_aisle] FORBIDDEN: (hasCart \u2227 (at(3,1) \u2228 at(3,2)))"": 1, ""[g0_park_cart_before_north_aisle] FORBIDDEN: (N \u2227 at(3,3) \u2227 hasCart)"": 1, ""[g0_no_cart_into_item_area] FORBIDDEN: (at(3,3) \u2227 hasCart \u2227 N)"": 1, ""[g0_no_cart_north_from_aisle_entry] FORBIDDEN: (at(3,3) \u2227 hasCart \u2227 N)"": 1, ""[g0_park_before_north_from_3_3] FORBIDDEN: (at(3,3) \u2227 hasCart \u2227 N)"": 1}",,,0.4,0.0,0.4,0.4
aisle,2,10,0,True,0.5999999999999999,1.1702778228589004e-16,0.5999999999999999,0.5999999999999999,0.33333333333333337,0.0,0.33333333333333337,0.33333333333333337,0.0,0.0,0.0,0.0,0.0,0.0,0.0,0.0,8.0,0.0,8.0,8.0,0.0,[],0,,,0.0,"{""[g0_no_cart_north_from_parking] FORBIDDEN: (at(3,3) \u2227 hasCart \u2227 N)"": 1, ""[g0_no_cart_north_aisle] FORBIDDEN: (hasCart \u2227 (at(3,1) \u2228 at(3,2)))"": 2, ""[g0_no_north_with_cart_from_3_3] FORBIDDEN: (at(3,3) \u2227 hasCart \u2227 N)"": 1, ""[g0_no_cart_north_from_3_3] FORBIDDEN: (at(3,3) \u2227 hasCart \u2227 N)"": 1, ""[g0_no_cart_in_north_aisle] FORBIDDEN: (hasCart \u2227 (at(3,1) \u2228 at(3,2)))"": 1, ""[g0_park_cart_before_north_aisle] FORBIDDEN: (N \u2227 at(3,3) \u2227 hasCart)"": 1, ""[g0_no_cart_into_item_area] FORBIDDEN: (at(3,3) \u2227 hasCart \u2227 N)"": 1, ""[g0_no_cart_north_from_aisle_entry] FORBIDDEN: (at(3,3) \u2227 hasCart \u2227 N)"": 1, ""[g0_park_before_north_from_3_3] FORBIDDEN: (at(3,3) \u2227 hasCart \u2227 N)"": 1}",,,0.4,0.0,0.4,0.4
aisle,5,10,0,True,0.5999999999999999,1.1702778228589004e-16,0.5999999999999999,0.5999999999999999,0.33333333333333337,0.0,0.33333333333333337,0.33333333333333337,0.0,0.0,0.0,0.0,0.0,0.0,0.0,0.0,8.0,0.0,8.0,8.0,0.0,[],0,,,0.0,"{""[g0_no_cart_north_from_parking] FORBIDDEN: (at(3,3) \u2227 hasCart \u2227 N)"": 1, ""[g0_no_cart_north_aisle] FORBIDDEN: (hasCart \u2227 (at(3,1) \u2228 at(3,2)))"": 2, ""[g0_no_north_with_cart_from_3_3] FORBIDDEN: (at(3,3) \u2227 hasCart \u2227 N)"": 1, ""[g0_no_cart_north_from_3_3] FORBIDDEN: (at(3,3) \u2227 hasCart \u2227 N)"": 1, ""[g0_no_cart_in_north_aisle] FORBIDDEN: (hasCart \u2227 (at(3,1) \u2228 at(3,2)))"": 1, ""[g0_park_cart_before_north_aisle] FORBIDDEN: (N \u2227 at(3,3) \u2227 hasCart)"": 1, ""[g0_no_cart_into_item_area] FORBIDDEN: (at(3,3) \u2227 hasCart \u2227 N)"": 1, ""[g0_no_cart_north_from_aisle_entry] FORBIDDEN: (at(3,3) \u2227 hasCart \u2227 N)"": 1, ""[g0_park_before_north_from_3_3] FORBIDDEN: (at(3,3) \u2227 hasCart \u2227 N)"": 1}",,,0.4,0.0,0.4,0.4
aisle,10,10,0,True,0.5999999999999999,1.1702778228589004e-16,0.5999999999999999,0.5999999999999999,0.33333333333333337,0.0,0.33333333333333337,0.33333333333333337,0.0,0.0,0.0,0.0,0.0,0.0,0.0,0.0,8.0,0.0,8.0,8.0,0.0,[],0,,,0.0,"{""[g0_no_cart_north_from_parking] FORBIDDEN: (at(3,3) \u2227 hasCart \u2227 N)"": 1, ""[g0_no_cart_north_aisle] FORBIDDEN: (hasCart \u2227 (at(3,1) \u2228 at(3,2)))"": 2, ""[g0_no_north_with_cart_from_3_3] FORBIDDEN: (at(3,3) \u2227 hasCart \u2227 N)"": 1, ""[g0_no_cart_north_from_3_3] FORBIDDEN: (at(3,3) \u2227 hasCart \u2227 N)"": 1, ""[g0_no_cart_in_north_aisle] FORBIDDEN: (hasCart \u2227 (at(3,1) \u2228 at(3,2)))"": 1, ""[g0_park_cart_before_north_aisle] FORBIDDEN: (N \u2227 at(3,3) \u2227 hasCart)"": 1, ""[g0_no_cart_into_item_area] FORBIDDEN: (at(3,3) \u2227 hasCart \u2227 N)"": 1, ""[g0_no_cart_north_from_aisle_entry] FORBIDDEN: (at(3,3) \u2227 hasCart \u2227 N)"": 1, ""[g0_park_before_north_from_3_3] FORBIDDEN: (at(3,3) \u2227 hasCart \u2227 N)"": 1}",,,0.4,0.0,0.4,0.4
aisle,20,10,0,True,0.5999999999999999,1.1702778228589004e-16,0.5999999999999999,0.5999999999999999,0.33333333333333337,0.0,0.33333333333333337,0.33333333333333337,0.0,0.0,0.0,0.0,0.0,0.0,0.0,0.0,8.0,0.0,8.0,8.0,0.0,[],0,,,0.0,"{""[g0_no_cart_north_from_parking] FORBIDDEN: (at(3,3) \u2227 hasCart \u2227 N)"": 1, ""[g0_no_cart_north_aisle] FORBIDDEN: (hasCart \u2227 (at(3,1) \u2228 at(3,2)))"": 2, ""[g0_no_north_with_cart_from_3_3] FORBIDDEN: (at(3,3) \u2227 hasCart \u2227 N)"": 1, ""[g0_no_cart_north_from_3_3] FORBIDDEN: (at(3,3) \u2227 hasCart \u2227 N)"": 1, ""[g0_no_cart_in_north_aisle] FORBIDDEN: (hasCart \u2227 (at(3,1) \u2228 at(3,2)))"": 1, ""[g0_park_cart_before_north_aisle] FORBIDDEN: (N \u2227 at(3,3) \u2227 hasCart)"": 1, ""[g0_no_cart_into_item_area] FORBIDDEN: (at(3,3) \u2227 hasCart \u2227 N)"": 1, ""[g0_no_cart_north_from_aisle_entry] FORBIDDEN: (at(3,3) \u2227 hasCart \u2227 N)"": 1, ""[g0_park_before_north_from_3_3] FORBIDDEN: (at(3,3) \u2227 hasCart \u2227 N)"": 1}",,,0.4,0.0,0.4,0.4
aisle,35,10,0,True,0.5999999999999999,1.1702778228589004e-16,0.5999999999999999,0.5999999999999999,0.33333333333333337,0.0,0.33333333333333337,0.33333333333333337,0.0,0.0,0.0,0.0,0.0,0.0,0.0,0.0,8.0,0.0,8.0,8.0,0.0,[],0,,,0.0,"{""[g0_no_cart_north_from_parking] FORBIDDEN: (at(3,3) \u2227 hasCart \u2227 N)"": 1, ""[g0_no_cart_north_aisle] FORBIDDEN: (hasCart \u2227 (at(3,1) \u2228 at(3,2)))"": 2, ""[g0_no_north_with_cart_from_3_3] FORBIDDEN: (at(3,3) \u2227 hasCart \u2227 N)"": 1, ""[g0_no_cart_north_from_3_3] FORBIDDEN: (at(3,3) \u2227 hasCart \u2227 N)"": 1, ""[g0_no_cart_in_north_aisle] FORBIDDEN: (hasCart \u2227 (at(3,1) \u2228 at(3,2)))"": 1, ""[g0_park_cart_before_north_aisle] FORBIDDEN: (N \u2227 at(3,3) \u2227 hasCart)"": 1, ""[g0_no_cart_into_item_area] FORBIDDEN: (at(3,3) \u2227 hasCart \u2227 N)"": 1, ""[g0_no_cart_north_from_aisle_entry] FORBIDDEN: (at(3,3) \u2227 hasCart \u2227 N)"": 1, ""[g0_park_before_north_from_3_3] FORBIDDEN: (at(3,3) \u2227 hasCart \u2227 N)"": 1}",,,0.4,0.0,0.4,0.4
aisle,36,10,0,True,0.5999999999999999,1.1702778228589004e-16,0.5999999999999999,0.5999999999999999,0.33333333333333337,0.0,0.33333333333333337,0.33333333333333337,0.0,0.0,0.0,0.0,0.0,0.0,0.0,0.0,8.0,0.0,8.0,8.0,0.0,[],0,,,0.0,"{""[g0_no_cart_north_from_parking] FORBIDDEN: (at(3,3) \u2227 hasCart \u2227 N)"": 1, ""[g0_no_cart_north_aisle] FORBIDDEN: (hasCart \u2227 (at(3,1) \u2228 at(3,2)))"": 2, ""[g0_no_north_with_cart_from_3_3] FORBIDDEN: (at(3,3) \u2227 hasCart \u2227 N)"": 1, ""[g0_no_cart_north_from_3_3] FORBIDDEN: (at(3,3) \u2227 hasCart \u2227 N)"": 1, ""[g0_no_cart_in_north_aisle] FORBIDDEN: (hasCart \u2227 (at(3,1) \u2228 at(3,2)))"": 1, ""[g0_park_cart_before_north_aisle] FORBIDDEN: (N \u2227 at(3,3) \u2227 hasCart)"": 1, ""[g0_no_cart_into_item_area] FORBIDDEN: (at(3,3) \u2227 hasCart \u2227 N)"": 1, ""[g0_no_cart_north_from_aisle_entry] FORBIDDEN: (at(3,3) \u2227 hasCart \u2227 N)"": 1, ""[g0_park_before_north_from_3_3] FORBIDDEN: (at(3,3) \u2227 hasCart \u2227 N)"": 1}",,,0.4,0.0,0.4,0.4
aisle,37,10,0,True,0.5999999999999999,1.1702778228589004e-16,0.5999999999999999,0.5999999999999999,0.33333333333333337,0.0,0.33333333333333337,0.33333333333333337,0.0,0.0,0.0,0.0,0.0,0.0,0.0,0.0,8.0,0.0,8.0,8.0,0.0,[],0,,,0.0,"{""[g0_no_cart_north_from_parking] FORBIDDEN: (at(3,3) \u2227 hasCart \u2227 N)"": 1, ""[g0_no_cart_north_aisle] FORBIDDEN: (hasCart \u2227 (at(3,1) \u2228 at(3,2)))"": 2, ""[g0_no_north_with_cart_from_3_3] FORBIDDEN: (at(3,3) \u2227 hasCart \u2227 N)"": 1, ""[g0_no_cart_north_from_3_3] FORBIDDEN: (at(3,3) \u2227 hasCart \u2227 N)"": 1, ""[g0_no_cart_in_north_aisle] FORBIDDEN: (hasCart \u2227 (at(3,1) \u2228 at(3,2)))"": 1, ""[g0_park_cart_before_north_aisle] FORBIDDEN: (N \u2227 at(3,3) \u2227 hasCart)"": 1, ""[g0_no_cart_into_item_area] FORBIDDEN: (at(3,3) \u2227 hasCart \u2227 N)"": 1, ""[g0_no_cart_north_from_aisle_entry] FORBIDDEN: (at(3,3) \u2227 hasCart \u2227 N)"": 1, ""[g0_park_before_north_from_3_3] FORBIDDEN: (at(3,3) \u2227 hasCart \u2227 N)"": 1}",,,0.4,0.0,0.4,0.4
aisle,40,10,0,True,0.5999999999999999,1.1702778228589004e-16,0.5999999999999999,0.5999999999999999,0.33333333333333337,0.0,0.33333333333333337,0.33333333333333337,0.0,0.0,0.0,0.0,0.0,0.0,0.0,0.0,8.0,0.0,8.0,8.0,0.0,[],0,,,0.0,"{""[g0_no_cart_north_from_parking] FORBIDDEN: (at(3,3) \u2227 hasCart \u2227 N)"": 1, ""[g0_no_cart_north_aisle] FORBIDDEN: (hasCart \u2227 (at(3,1) \u2228 at(3,2)))"": 2, ""[g0_no_north_with_cart_from_3_3] FORBIDDEN: (at(3,3) \u2227 hasCart \u2227 N)"": 1, ""[g0_no_cart_north_from_3_3] FORBIDDEN: (at(3,3) \u2227 hasCart \u2227 N)"": 1, ""[g0_no_cart_in_north_aisle] FORBIDDEN: (hasCart \u2227 (at(3,1) \u2228 at(3,2)))"": 1, ""[g0_park_cart_before_north_aisle] FORBIDDEN: (N \u2227 at(3,3) \u2227 hasCart)"": 1, ""[g0_no_cart_into_item_area] FORBIDDEN: (at(3,3) \u2227 hasCart \u2227 N)"": 1, ""[g0_no_cart_north_from_aisle_entry] FORBIDDEN: (at(3,3) \u2227 hasCart \u2227 N)"": 1, ""[g0_park_before_north_from_3_3] FORBIDDEN: (at(3,3) \u2227 hasCart \u2227 N)"": 1}",,,0.4,0.0,0.4,0.4
aisle,50,10,0,True,0.5999999999999999,1.1702778228589004e-16,0.5999999999999999,0.5999999999999999,0.33333333333333337,0.0,0.33333333333333337,0.33333333333333337,0.0,0.0,0.0,0.0,0.0,0.0,0.0,0.0,8.0,0.0,8.0,8.0,0.0,[],0,,,0.0,"{""[g0_no_cart_north_from_parking] FORBIDDEN: (at(3,3) \u2227 hasCart \u2227 N)"": 1, ""[g0_no_cart_north_aisle] FORBIDDEN: (hasCart \u2227 (at(3,1) \u2228 at(3,2)))"": 2, ""[g0_no_north_with_cart_from_3_3] FORBIDDEN: (at(3,3) \u2227 hasCart \u2227 N)"": 1, ""[g0_no_cart_north_from_3_3] FORBIDDEN: (at(3,3) \u2227 hasCart \u2227 N)"": 1, ""[g0_no_cart_in_north_aisle] FORBIDDEN: (hasCart \u2227 (at(3,1) \u2228 at(3,2)))"": 1, ""[g0_park_cart_before_north_aisle] FORBIDDEN: (N \u2227 at(3,3) \u2227 hasCart)"": 1, ""[g0_no_cart_into_item_area] FORBIDDEN: (at(3,3) \u2227 hasCart \u2227 N)"": 1, ""[g0_no_cart_north_from_aisle_entry] FORBIDDEN: (at(3,3) \u2227 hasCart \u2227 N)"": 1, ""[g0_park_before_north_from_3_3] FORBIDDEN: (at(3,3) \u2227 hasCart \u2227 N)"": 1}",,,0.4,0.0,0.4,0.4
aisle,80,10,0,True,0.5999999999999999,1.1702778228589004e-16,0.5999999999999999,0.5999999999999999,0.33333333333333337,0.0,0.33333333333333337,0.33333333333333337,0.0,0.0,0.0,0.0,0.0,0.0,0.0,0.0,8.0,0.0,8.0,8.0,0.0,[],0,,,0.0,"{""[g0_no_cart_north_from_parking] FORBIDDEN: (at(3,3) \u2227 hasCart \u2227 N)"": 1, ""[g0_no_cart_north_aisle] FORBIDDEN: (hasCart \u2227 (at(3,1) \u2228 at(3,2)))"": 2, ""[g0_no_north_with_cart_from_3_3] FORBIDDEN: (at(3,3) \u2227 hasCart \u2227 N)"": 1, ""[g0_no_cart_north_from_3_3] FORBIDDEN: (at(3,3) \u2227 hasCart \u2227 N)"": 1, ""[g0_no_cart_in_north_aisle] FORBIDDEN: (hasCart \u2227 (at(3,1) \u2228 at(3,2)))"": 1, ""[g0_park_cart_before_north_aisle] FORBIDDEN: (N \u2227 at(3,3) \u2227 hasCart)"": 1, ""[g0_no_cart_into_item_area] FORBIDDEN: (at(3,3) \u2227 hasCart \u2227 N)"": 1, ""[g0_no_cart_north_from_aisle_entry] FORBIDDEN: (at(3,3) \u2227 hasCart \u2227 N)"": 1, ""[g0_park_before_north_from_3_3] FORBIDDEN: (at(3,3) \u2227 hasCart \u2227 N)"": 1}",,,0.4,0.0,0.4,0.4
aisle,100,10,0,True,0.5999999999999999,1.1702778228589004e-16,0.5999999999999999,0.5999999999999999,0.33333333333333337,0.0,0.33333333333333337,0.33333333333333337,0.0,0.0,0.0,0.0,0.0,0.0,0.0,0.0,8.0,0.0,8.0,8.0,0.0,[],0,,,0.0,"{""[g0_no_cart_north_from_parking] FORBIDDEN: (at(3,3) \u2227 hasCart \u2227 N)"": 1, ""[g0_no_cart_north_aisle] FORBIDDEN: (hasCart \u2227 (at(3,1) \u2228 at(3,2)))"": 2, ""[g0_no_north_with_cart_from_3_3] FORBIDDEN: (at(3,3) \u2227 hasCart \u2227 N)"": 1, ""[g0_no_cart_north_from_3_3] FORBIDDEN: (at(3,3) \u2227 hasCart \u2227 N)"": 1, ""[g0_no_cart_in_north_aisle] FORBIDDEN: (hasCart \u2227 (at(3,1) \u2228 at(3,2)))"": 1, ""[g0_park_cart_before_north_aisle] FORBIDDEN: (N \u2227 at(3,3) \u2227 hasCart)"": 1, ""[g0_no_cart_into_item_area] FORBIDDEN: (at(3,3) \u2227 hasCart \u2227 N)"": 1, ""[g0_no_cart_north_from_aisle_entry] FORBIDDEN: (at(3,3) \u2227 hasCart \u2227 N)"": 1, ""[g0_park_before_north_from_3_3] FORBIDDEN: (at(3,3) \u2227 hasCart \u2227 N)"": 1}",,,0.4,0.0,0.4,0.4
aisle,500,10,0,True,0.5999999999999999,1.1702778228589004e-16,0.5999999999999999,0.5999999999999999,0.33333333333333337,0.0,0.33333333333333337,0.33333333333333337,0.0,0.0,0.0,0.0,0.0,0.0,0.0,0.0,8.0,0.0,8.0,8.0,0.0,[],0,,,0.0,"{""[g0_no_cart_north_from_parking] FORBIDDEN: (at(3,3) \u2227 hasCart \u2227 N)"": 1, ""[g0_no_cart_north_aisle] FORBIDDEN: (hasCart \u2227 (at(3,1) \u2228 at(3,2)))"": 2, ""[g0_no_north_with_cart_from_3_3] FORBIDDEN: (at(3,3) \u2227 hasCart \u2227 N)"": 1, ""[g0_no_cart_north_from_3_3] FORBIDDEN: (at(3,3) \u2227 hasCart \u2227 N)"": 1, ""[g0_no_cart_in_north_aisle] FORBIDDEN: (hasCart \u2227 (at(3,1) \u2228 at(3,2)))"": 1, ""[g0_park_cart_before_north_aisle] FORBIDDEN: (N \u2227 at(3,3) \u2227 hasCart)"": 1, ""[g0_no_cart_into_item_area] FORBIDDEN: (at(3,3) \u2227 hasCart \u2227 N)"": 1, ""[g0_no_cart_north_from_aisle_entry] FORBIDDEN: (at(3,3) \u2227 hasCart \u2227 N)"": 1, ""[g0_park_before_north_from_3_3] FORBIDDEN: (at(3,3) \u2227 hasCart \u2227 N)"": 1}",,,0.4,0.0,0.4,0.4
aisle,1000,10,0,True,0.5999999999999999,1.1702778228589004e-16,0.5999999999999999,0.5999999999999999,0.33333333333333337,0.0,0.33333333333333337,0.33333333333333337,0.0,0.0,0.0,0.0,0.0,0.0,0.0,0.0,8.0,0.0,8.0,8.0,0.0,[],0,,,0.0,"{""[g0_no_cart_north_from_parking] FORBIDDEN: (at(3,3) \u2227 hasCart \u2227 N)"": 1, ""[g0_no_cart_north_aisle] FORBIDDEN: (hasCart \u2227 (at(3,1) \u2228 at(3,2)))"": 2, ""[g0_no_north_with_cart_from_3_3] FORBIDDEN: (at(3,3) \u2227 hasCart \u2227 N)"": 1, ""[g0_no_cart_north_from_3_3] FORBIDDEN: (at(3,3) \u2227 hasCart \u2227 N)"": 1, ""[g0_no_cart_in_north_aisle] FORBIDDEN: (hasCart \u2227 (at(3,1) \u2228 at(3,2)))"": 1, ""[g0_park_cart_before_north_aisle] FORBIDDEN: (N \u2227 at(3,3) \u2227 hasCart)"": 1, ""[g0_no_cart_into_item_area] FORBIDDEN: (at(3,3) \u2227 hasCart \u2227 N)"": 1, ""[g0_no_cart_north_from_aisle_entry] FORBIDDEN: (at(3,3) \u2227 hasCart \u2227 N)"": 1, ""[g0_park_before_north_from_3_3] FORBIDDEN: (at(3,3) \u2227 hasCart \u2227 N)"": 1}",,,0.4,0.0,0.4,0.4
aisle,5000,10,0,True,0.5999999999999999,1.1702778228589004e-16,0.5999999999999999,0.5999999999999999,0.33333333333333337,0.0,0.33333333333333337,0.33333333333333337,0.0,0.0,0.0,0.0,0.0,0.0,0.0,0.0,8.0,0.0,8.0,8.0,0.0,[],0,,,0.0,"{""[g0_no_cart_north_from_parking] FORBIDDEN: (at(3,3) \u2227 hasCart \u2227 N)"": 1, ""[g0_no_cart_north_aisle] FORBIDDEN: (hasCart \u2227 (at(3,1) \u2228 at(3,2)))"": 2, ""[g0_no_north_with_cart_from_3_3] FORBIDDEN: (at(3,3) \u2227 hasCart \u2227 N)"": 1, ""[g0_no_cart_north_from_3_3] FORBIDDEN: (at(3,3) \u2227 hasCart \u2227 N)"": 1, ""[g0_no_cart_in_north_aisle] FORBIDDEN: (hasCart \u2227 (at(3,1) \u2228 at(3,2)))"": 1, ""[g0_park_cart_before_north_aisle] FORBIDDEN: (N \u2227 at(3,3) \u2227 hasCart)"": 1, ""[g0_no_cart_into_item_area] FORBIDDEN: (at(3,3) \u2227 hasCart \u2227 N)"": 1, ""[g0_no_cart_north_from_aisle_entry] FORBIDDEN: (at(3,3) \u2227 hasCart \u2227 N)"": 1, ""[g0_park_before_north_from_3_3] FORBIDDEN: (at(3,3) \u2227 hasCart \u2227 N)"": 1}",,,0.4,0.0,0.4,0.4
aisle,10000,10,0,True,0.5999999999999999,1.1702778228589004e-16,0.5999999999999999,0.5999999999999999,0.33333333333333337,0.0,0.33333333333333337,0.33333333333333337,0.0,0.0,0.0,0.0,0.0,0.0,0.0,0.0,8.0,0.0,8.0,8.0,0.0,[],0,,,0.0,"{""[g0_no_cart_north_from_parking] FORBIDDEN: (at(3,3) \u2227 hasCart \u2227 N)"": 1, ""[g0_no_cart_north_aisle] FORBIDDEN: (hasCart \u2227 (at(3,1) \u2228 at(3,2)))"": 2, ""[g0_no_north_with_cart_from_3_3] FORBIDDEN: (at(3,3) \u2227 hasCart \u2227 N)"": 1, ""[g0_no_cart_north_from_3_3] FORBIDDEN: (at(3,3) \u2227 hasCart \u2227 N)"": 1, ""[g0_no_cart_in_north_aisle] FORBIDDEN: (hasCart \u2227 (at(3,1) \u2228 at(3,2)))"": 1, ""[g0_park_cart_before_north_aisle] FORBIDDEN: (N \u2227 at(3,3) \u2227 hasCart)"": 1, ""[g0_no_cart_into_item_area] FORBIDDEN: (at(3,3) \u2227 hasCart \u2227 N)"": 1, ""[g0_no_cart_north_from_aisle_entry] FORBIDDEN: (at(3,3) \u2227 hasCart \u2227 N)"": 1, ""[g0_park_before_north_from_3_3] FORBIDDEN: (at(3,3) \u2227 hasCart \u2227 N)"": 1}",,,0.4,0.0,0.4,0.4
aisle,13000,10,0,True,0.5999999999999999,1.1702778228589004e-16,0.5999999999999999,0.5999999999999999,0.33333333333333337,0.0,0.33333333333333337,0.33333333333333337,0.0,0.0,0.0,0.0,0.0,0.0,0.0,0.0,8.0,0.0,8.0,8.0,0.0,[],0,,,0.0,"{""[g0_no_cart_north_from_parking] FORBIDDEN: (at(3,3) \u2227 hasCart \u2227 N)"": 1, ""[g0_no_cart_north_aisle] FORBIDDEN: (hasCart \u2227 (at(3,1) \u2228 at(3,2)))"": 2, ""[g0_no_north_with_cart_from_3_3] FORBIDDEN: (at(3,3) \u2227 hasCart \u2227 N)"": 1, ""[g0_no_cart_north_from_3_3] FORBIDDEN: (at(3,3) \u2227 hasCart \u2227 N)"": 1, ""[g0_no_cart_in_north_aisle] FORBIDDEN: (hasCart \u2227 (at(3,1) \u2228 at(3,2)))"": 1, ""[g0_park_cart_before_north_aisle] FORBIDDEN: (N \u2227 at(3,3) \u2227 hasCart)"": 1, ""[g0_no_cart_into_item_area] FORBIDDEN: (at(3,3) \u2227 hasCart \u2227 N)"": 1, ""[g0_no_cart_north_from_aisle_entry] FORBIDDEN: (at(3,3) \u2227 hasCart \u2227 N)"": 1, ""[g0_park_before_north_from_3_3] FORBIDDEN: (at(3,3) \u2227 hasCart \u2227 N)"": 1}",,,0.4,0.0,0.4,0.4
aisle,13750,10,0,True,0.8800000000000001,0.19321835661585918,0.76,1.0,0.8,0.3220305943597653,0.6,1.0,0.2672041936300481,0.25606499826404916,0.11630043147995675,0.417447012022785,0.7,0.4830458915396479,0.4,1.0,13.6,3.864367132317183,11.2,16.0,0.7,[3],7,1.0,0.8571428571428571,0.4,"{""[g1_no_cart_item_pick_in_customer_aisle] FORBIDDEN: cartItemInteractionInCustomerAisle  where custom"": 1, ""[g1_no_carts_in_narrow_shelf_aisles] FORBIDDEN: (hasCart \u2227 narrowShelfAisle)  where narrowShelfAisle"": 1, ""[g1_no_cart_between_opposing_shelves] FORBIDDEN: (hasCart \u2227 betweenOpposingShelves)  where betweenOp"": 1, ""[g1_no_cart_single_file] FORBIDDEN: (hasCart \u2227 single_file_aisle)  where single_file_aisle := (adjSh"": 1, ""[g0_no_cart_in_north_aisle] FORBIDDEN: (hasCart \u2227 (at(3,1) \u2228 at(3,2)))"": 1, ""[g1_no_enter_single_file_with_cart] FORBIDDEN: enter_single_file_with_cart  where single_file_shelf_"": 1, ""[g1_no_cart_single_file_shelf_aisle] FORBIDDEN: (hasCart \u2227 singleFileShelfAisle)  where flankedByShe"": 1, ""[g0_no_cart_north_from_aisle_entry] FORBIDDEN: (at(3,3) \u2227 hasCart \u2227 N)"": 1, ""[g0_no_cart_north_aisle] FORBIDDEN: (hasCart \u2227 (at(3,1) \u2228 at(3,2)))"": 1, ""[g1_no_cart_in_single_file_aisle] FORBIDDEN: (hasCart \u2227 singleFileAisle)  where betweenOpposingSideS"": 1}",8.0,16.0,0.82,0.28982753492378877,0.64,1.0
aisle,14000,10,0,True,1.0,0.0,1.0,1.0,1.0,0.0,1.0,1.0,0.40564607599614455,0.18871997337158783,0.2877851699296425,0.5107223027886648,1.0,0.0,1.0,1.0,16.0,0.0,16.0,16.0,1.0,[3],10,1.0,0.9,0.6,"{""[g1_no_cart_item_pick_in_customer_aisle] FORBIDDEN: cartItemInteractionInCustomerAisle  where custom"": 1, ""[g1_no_carts_in_narrow_shelf_aisles] FORBIDDEN: (hasCart \u2227 narrowShelfAisle)  where narrowShelfAisle"": 1, ""[g1_no_cart_between_opposing_shelves] FORBIDDEN: (hasCart \u2227 betweenOpposingShelves)  where betweenOp"": 1, ""[g1_no_cart_single_file] FORBIDDEN: (hasCart \u2227 single_file_aisle)  where single_file_aisle := (adjSh"": 1, ""[g1_no_cart_in_single_file_shelf_aisle] FORBIDDEN: (hasCart \u2227 singleFileShelfAisle)  where singleFil"": 1, ""[g1_no_enter_single_file_with_cart] FORBIDDEN: enter_single_file_with_cart  where single_file_shelf_"": 1, ""[g1_no_cart_single_file_shelf_aisle] FORBIDDEN: (hasCart \u2227 singleFileShelfAisle)  where flankedByShe"": 1, ""[g1_no_carts_in_single_file_shelf_aisles] FORBIDDEN: (single_file_shelf_aisle \u2227 hasCart)  where sing"": 1, ""[g1_no_enter_single_file_with_cart] FORBIDDEN: enterSingleFileWithCart  where singleFileShelfAisle :"": 1, ""[g1_no_cart_in_single_file_aisle] FORBIDDEN: (hasCart \u2227 singleFileAisle)  where betweenOpposingSideS"": 1}",8.0,16.0,1.0,0.0,1.0,1.0
aisle,15000,10,0,True,1.0,0.0,1.0,1.0,1.0,0.0,1.0,1.0,0.40564607599614455,0.18871997337158783,0.2877851699296425,0.5107223027886648,1.0,0.0,1.0,1.0,16.0,0.0,16.0,16.0,1.0,[3],10,1.0,0.9,0.6,"{""[g1_no_cart_item_pick_in_customer_aisle] FORBIDDEN: cartItemInteractionInCustomerAisle  where custom"": 1, ""[g1_no_carts_in_narrow_shelf_aisles] FORBIDDEN: (hasCart \u2227 narrowShelfAisle)  where narrowShelfAisle"": 1, ""[g1_no_cart_between_opposing_shelves] FORBIDDEN: (hasCart \u2227 betweenOpposingShelves)  where betweenOp"": 1, ""[g1_no_cart_single_file] FORBIDDEN: (hasCart \u2227 single_file_aisle)  where single_file_aisle := (adjSh"": 1, ""[g1_no_cart_in_single_file_shelf_aisle] FORBIDDEN: (hasCart \u2227 singleFileShelfAisle)  where singleFil"": 1, ""[g1_no_enter_single_file_with_cart] FORBIDDEN: enter_single_file_with_cart  where single_file_shelf_"": 1, ""[g1_no_cart_single_file_shelf_aisle] FORBIDDEN: (hasCart \u2227 singleFileShelfAisle)  where flankedByShe"": 1, ""[g1_no_carts_in_single_file_shelf_aisles] FORBIDDEN: (single_file_shelf_aisle \u2227 hasCart)  where sing"": 1, ""[g1_no_enter_single_file_with_cart] FORBIDDEN: enterSingleFileWithCart  where singleFileShelfAisle :"": 1, ""[g1_no_cart_in_single_file_aisle] FORBIDDEN: (hasCart \u2227 singleFileAisle)  where betweenOpposingSideS"": 1}",8.0,16.0,1.0,0.0,1.0,1.0
aisle,20000,10,0,True,1.0,0.0,1.0,1.0,1.0,0.0,1.0,1.0,0.40564607599614455,0.18871997337158783,0.2877851699296425,0.5107223027886648,1.0,0.0,1.0,1.0,16.0,0.0,16.0,16.0,1.0,[3],10,1.0,0.9,0.6,"{""[g1_no_cart_item_pick_in_customer_aisle] FORBIDDEN: cartItemInteractionInCustomerAisle  where custom"": 1, ""[g1_no_carts_in_narrow_shelf_aisles] FORBIDDEN: (hasCart \u2227 narrowShelfAisle)  where narrowShelfAisle"": 1, ""[g1_no_cart_between_opposing_shelves] FORBIDDEN: (hasCart \u2227 betweenOpposingShelves)  where betweenOp"": 1, ""[g1_no_cart_single_file] FORBIDDEN: (hasCart \u2227 single_file_aisle)  where single_file_aisle := (adjSh"": 1, ""[g1_no_cart_in_single_file_shelf_aisle] FORBIDDEN: (hasCart \u2227 singleFileShelfAisle)  where singleFil"": 1, ""[g1_no_enter_single_file_with_cart] FORBIDDEN: enter_single_file_with_cart  where single_file_shelf_"": 1, ""[g1_no_cart_single_file_shelf_aisle] FORBIDDEN: (hasCart \u2227 singleFileShelfAisle)  where flankedByShe"": 1, ""[g1_no_carts_in_single_file_shelf_aisles] FORBIDDEN: (single_file_shelf_aisle \u2227 hasCart)  where sing"": 1, ""[g1_no_enter_single_file_with_cart] FORBIDDEN: enterSingleFileWithCart  where singleFileShelfAisle :"": 1, ""[g1_no_cart_in_single_file_aisle] FORBIDDEN: (hasCart \u2227 singleFileAisle)  where betweenOpposingSideS"": 1}",8.0,16.0,1.0,0.0,1.0,1.0
