domain,protocol,method,rho,baseline,n_runs,is_paper_rho,accuracy_mean,accuracy_ci_lo,accuracy_ci_hi,accuracy_sd,violation_f1_mean,violation_f1_ci_lo,violation_f1_ci_hi,violation_f1_sd,unseen_accuracy_mean,unseen_accuracy_ci_lo,unseen_accuracy_ci_hi,unseen_accuracy_sd,P_intended_mean,P_intended_ci_lo,P_intended_ci_hi,P_intended_sd,n_refinements_mean,n_refinements_ci_lo,n_refinements_ci_hi,n_refinements_sd,n_hypotheses_mean,n_hypotheses_ci_lo,n_hypotheses_ci_hi,n_hypotheses_sd,runtime_s_mean,runtime_s_ci_lo,runtime_s_ci_hi,runtime_s_sd,refinement_rate,map_intended_rate,map_equivalent_rate,first_refinement_median,first_refinement_values
aisle,original,fixed,,min,6,False,0.5666666666666667,0.5333333333333333,0.6,0.04714045207910316,0.22222222222222224,0.11111111111111112,0.3333333333333334,0.15713484026367724,0.39999999999999997,0.39999999999999997,0.39999999999999997,5.551115123125783e-17,0.0,0.0,0.0,0.0,0.0,0.0,0.0,0.0,3.0,2.0,4.0,1.4142135623730951,0.3862488269805908,0.27451545596122745,0.48554444313049316,0.13661216674072968,0.0,0.0,0.0,,[]
aisle,original,full,0.01,median,6,False,0.6,0.5333333333333333,0.6666666666666666,0.08164965809277258,0.3015873015873016,0.11111111111111112,0.49206349206349215,0.23436227079735558,0.39999999999999997,0.39999999999999997,0.39999999999999997,5.551115123125783e-17,0.07525797667350347,0.0,0.150517774277915,0.10643085133515823,0.3333333333333333,0.0,0.6666666666666666,0.4714045207910317,4.666666666666667,2.0,7.333333333333333,3.2998316455372216,0.5033071041107178,0.35518960158030194,0.6574234962463379,0.1941469498900423,0.3333333333333333,0.0,0.0,3.0,"[3, 3]"
aisle,original,full,0.01,min,6,False,0.6,0.5333333333333333,0.6666666666666666,0.08164965809277258,0.3015873015873016,0.11111111111111112,0.49206349206349215,0.23436227079735558,0.39999999999999997,0.39999999999999997,0.39999999999999997,5.551115123125783e-17,0.07525797667350347,0.0,0.150517774277915,0.10643085133515823,0.3333333333333333,0.0,0.6666666666666666,0.4714045207910317,4.666666666666667,2.0,7.333333333333333,3.2998316455372216,0.5844899813334147,0.3610735734303792,0.8019290765126547,0.28359914566233785,0.3333333333333333,0.0,0.0,3.0,"[3, 3]"
aisle,original,full,0.025,median,6,False,0.6,0.5333333333333333,0.6666666666666666,0.08164965809277258,0.3015873015873016,0.11111111111111112,0.49206349206349215,0.23436227079735558,0.39999999999999997,0.39999999999999997,0.39999999999999997,5.551115123125783e-17,0.07525797667350347,0.0,0.150517774277915,0.10643085133515823,0.3333333333333333,0.0,0.6666666666666666,0.4714045207910317,4.666666666666667,2.0,7.333333333333333,3.2998316455372216,0.489721139272054,0.32729820410410565,0.6534679333368937,0.20154216776556746,0.3333333333333333,0.0,0.0,3.0,"[3, 3]"
aisle,original,full,0.025,min,6,False,0.6,0.5333333333333333,0.6666666666666666,0.08164965809277258,0.3015873015873016,0.11111111111111112,0.49206349206349215,0.23436227079735558,0.39999999999999997,0.39999999999999997,0.39999999999999997,5.551115123125783e-17,0.07525797667350347,0.0,0.150517774277915,0.10643085133515823,0.3333333333333333,0.0,0.6666666666666666,0.4714045207910317,4.666666666666667,2.0,7.333333333333333,3.2998316455372216,0.494756539662679,0.33219369252522785,0.6570930480957031,0.21274145093328709,0.3333333333333333,0.0,0.0,3.0,"[3, 3]"
aisle,original,full,0.05,median,6,False,0.6,0.5333333333333333,0.6666666666666666,0.08164965809277258,0.3015873015873016,0.11111111111111112,0.49206349206349215,0.23436227079735558,0.39999999999999997,0.39999999999999997,0.39999999999999997,5.551115123125783e-17,0.07525797667350347,0.0,0.150517774277915,0.10643085133515823,0.3333333333333333,0.0,0.6666666666666666,0.4714045207910317,4.666666666666667,2.0,7.333333333333333,3.2998316455372216,0.45831942558288574,0.28762426177660627,0.6378501256306967,0.22474723766797683,0.3333333333333333,0.0,0.0,3.0,"[3, 3]"
aisle,original,full,0.05,min,6,False,0.6,0.5333333333333333,0.6666666666666666,0.08164965809277258,0.3015873015873016,0.11111111111111112,0.49206349206349215,0.23436227079735558,0.39999999999999997,0.39999999999999997,0.39999999999999997,5.551115123125783e-17,0.07525797667350347,0.0,0.150517774277915,0.10643085133515823,0.3333333333333333,0.0,0.6666666666666666,0.4714045207910317,4.666666666666667,2.0,7.333333333333333,3.2998316455372216,0.498143990834554,0.34280883769194287,0.6575519174337386,0.1965180707805466,0.3333333333333333,0.0,0.0,3.0,"[3, 3]"
aisle,original,full,0.1,median,6,True,0.6,0.5333333333333333,0.6666666666666666,0.08164965809277258,0.3015873015873016,0.11111111111111112,0.49206349206349215,0.23436227079735558,0.39999999999999997,0.39999999999999997,0.39999999999999997,5.551115123125783e-17,0.07525797667350347,0.0,0.150517774277915,0.10643085133515823,0.3333333333333333,0.0,0.6666666666666666,0.4714045207910317,4.666666666666667,2.0,7.333333333333333,3.2998316455372216,0.4607798258463542,0.3059418201446533,0.615617831548055,0.19615845633088835,0.3333333333333333,0.0,0.0,3.0,"[3, 3]"
aisle,original,full,0.1,min,6,True,0.6,0.5333333333333333,0.6666666666666666,0.08164965809277258,0.3015873015873016,0.11111111111111112,0.49206349206349215,0.23436227079735558,0.39999999999999997,0.39999999999999997,0.39999999999999997,5.551115123125783e-17,0.07525797667350347,0.0,0.150517774277915,0.10643085133515823,0.3333333333333333,0.0,0.6666666666666666,0.4714045207910317,4.666666666666667,2.0,7.333333333333333,3.2998316455372216,0.46085087458292645,0.3016403595606486,0.634121298789978,0.21213277607974343,0.3333333333333333,0.0,0.0,3.0,"[3, 3]"
aisle,original,full,0.2,median,6,False,0.6,0.5333333333333333,0.6666666666666666,0.08164965809277258,0.3015873015873016,0.11111111111111112,0.49206349206349215,0.23436227079735558,0.39999999999999997,0.39999999999999997,0.39999999999999997,5.551115123125783e-17,0.07525797667350347,0.0,0.150517774277915,0.10643085133515823,0.3333333333333333,0.0,0.6666666666666666,0.4714045207910317,4.666666666666667,2.0,7.333333333333333,3.2998316455372216,0.4881727298100789,0.33458463350931805,0.6479917367299398,0.19703592072147116,0.3333333333333333,0.0,0.0,3.0,"[3, 3]"
aisle,original,full,0.2,min,6,False,0.6,0.5333333333333333,0.6666666666666666,0.08164965809277258,0.3015873015873016,0.11111111111111112,0.49206349206349215,0.23436227079735558,0.39999999999999997,0.39999999999999997,0.39999999999999997,5.551115123125783e-17,0.07525797667350347,0.0,0.150517774277915,0.10643085133515823,0.3333333333333333,0.0,0.6666666666666666,0.4714045207910317,4.666666666666667,2.0,7.333333333333333,3.2998316455372216,0.5555088122685751,0.4304991563161214,0.6841599017381667,0.16738494042782948,0.3333333333333333,0.0,0.0,3.0,"[3, 3]"
aisle,original,full,0.4,median,6,False,0.6,0.5333333333333333,0.6666666666666666,0.08164965809277258,0.3015873015873016,0.11111111111111112,0.49206349206349215,0.23436227079735558,0.39999999999999997,0.39999999999999997,0.39999999999999997,5.551115123125783e-17,0.07525797667350347,0.0,0.150517774277915,0.10643085133515823,0.3333333333333333,0.0,0.6666666666666666,0.4714045207910317,4.666666666666667,2.0,7.333333333333333,3.2998316455372216,0.4867027203241984,0.3173228104909261,0.6590797106424967,0.20816992959732636,0.3333333333333333,0.0,0.0,3.0,"[3, 3]"
aisle,original,full,0.4,min,6,False,0.6,0.5333333333333333,0.6666666666666666,0.08164965809277258,0.3015873015873016,0.11111111111111112,0.49206349206349215,0.23436227079735558,0.39999999999999997,0.39999999999999997,0.39999999999999997,5.551115123125783e-17,0.07525797667350347,0.0,0.150517774277915,0.10643085133515823,0.3333333333333333,0.0,0.6666666666666666,0.4714045207910317,4.666666666666667,2.0,7.333333333333333,3.2998316455372216,0.4977643887201945,0.3523896137873332,0.6470988591512045,0.18395736048507935,0.3333333333333333,0.0,0.0,3.0,"[3, 3]"
aisle,original,full,0.6,median,6,False,0.6333333333333333,0.5666666666666668,0.6833333333333335,0.07453559924999298,0.3968253968253969,0.20634920634920637,0.5317460317460319,0.20695880651436982,0.39999999999999997,0.39999999999999997,0.39999999999999997,5.551115123125783e-17,0.11386704669837054,0.03762807787129771,0.19108518674810468,0.11388391710078195,0.5,0.16666666666666666,0.8333333333333334,0.5,5.5,3.3333333333333335,7.666666666666667,2.8722813232690143,0.5274248917897543,0.403508464495341,0.653565247853597,0.16246044445478264,0.5,0.0,0.0,3.0,"[3, 3, 3]"
aisle,original,full,0.6,min,6,False,0.6333333333333333,0.5666666666666668,0.6833333333333335,0.07453559924999298,0.3968253968253969,0.20634920634920637,0.5317460317460319,0.20695880651436982,0.39999999999999997,0.39999999999999997,0.39999999999999997,5.551115123125783e-17,0.11386704669837054,0.03762807787129771,0.19108518674810468,0.11388391710078195,0.5,0.16666666666666666,0.8333333333333334,0.5,5.5,3.3333333333333335,7.666666666666667,2.8722813232690143,0.5697981119155884,0.382611694931984,0.7811293601989746,0.24964858487134262,0.5,0.0,0.0,3.0,"[3, 3, 3]"
aisle,original,full,0.8,median,6,False,0.6333333333333333,0.5666666666666668,0.6833333333333335,0.07453559924999298,0.3968253968253969,0.20634920634920637,0.5317460317460319,0.20695880651436982,0.39999999999999997,0.39999999999999997,0.39999999999999997,5.551115123125783e-17,0.11386704669837054,0.03762807787129771,0.19108518674810468,0.11388391710078195,0.5,0.16666666666666666,0.8333333333333334,0.5,5.5,3.3333333333333335,7.666666666666667,2.8722813232690143,0.5253334045410156,0.39980467160542804,0.6628105560938516,0.16368481783046185,0.5,0.0,0.0,3.0,"[3, 3, 3]"
aisle,original,full,0.8,min,6,False,0.6333333333333333,0.5666666666666668,0.6833333333333335,0.07453559924999298,0.3968253968253969,0.20634920634920637,0.5317460317460319,0.20695880651436982,0.39999999999999997,0.39999999999999997,0.39999999999999997,5.551115123125783e-17,0.11386704669837054,0.03762807787129771,0.19108518674810468,0.11388391710078195,0.5,0.16666666666666666,0.8333333333333334,0.5,5.5,3.3333333333333335,7.666666666666667,2.8722813232690143,0.5061221520105997,0.33302052815755206,0.695647120475769,0.2351641030385071,0.5,0.0,0.0,3.0,"[3, 3, 3]"
aisle,original,oracle,,min,6,False,1.0,1.0,1.0,0.0,1.0,1.0,1.0,0.0,1.0,1.0,1.0,0.0,0.3878529237434476,0.38212920369444997,0.3935766437924452,0.008087195387090348,0.0,0.0,0.0,0.0,7.0,6.0,8.0,1.4142135623730951,0.6676565806070963,0.5693159898122152,0.7631349166234335,0.12480923937558383,0.0,0.0,1.0,,[]
aisle,pool,fixed,,min,20,False,0.5549999999999999,0.53,0.58,0.05894913061275797,0.1785714285714286,0.1,0.26190476190476186,0.1855768722395226,0.4000000000000001,0.4000000000000001,0.4000000000000001,5.551115123125783e-17,0.0,0.0,0.0,0.0,0.0,0.0,0.0,0.0,2.5,1.9,3.1,1.5,2.289240038394928,1.9709353971481323,2.6522344172000882,0.7994674054209376,0.0,0.0,0.0,,[]
aisle,pool,full,0.01,median,20,False,0.6849999999999998,0.6499999999999998,0.7299999999999998,0.09096702699330125,0.5166666666666667,0.43095238095238103,0.6,0.18398153806620476,0.43000000000000005,0.4000000000000001,0.4900000000000001,0.13076696830622023,0.206793581759032,0.14562142697135533,0.260754843161408,0.13061051736522492,6.2,4.09875,8.25,4.728636167014756,6.45,5.45,7.35,2.1324868112136124,3.957830274105072,3.429802265167236,4.525530772805213,1.2570262717036735,0.75,0.0,0.05,4.0,"[3, 3, 3, 3, 3, 4, 4, 4, 4, 5, 5, 5, 6, 8, 10]"
aisle,pool,full,0.01,min,20,False,0.6099999999999999,0.5748749999999999,0.6449999999999998,0.08306623862918074,0.32857142857142857,0.22142857142857145,0.42630952380952325,0.23661444283437805,0.4000000000000001,0.4000000000000001,0.4000000000000001,5.551115123125783e-17,0.09199619573667497,0.03895580486571142,0.14515031699062375,0.1254308526898462,2.2,0.9,3.8,3.458323293158117,4.45,3.25,5.7,2.836811590500856,3.1398364067077638,2.4827639621496203,3.793213222324848,1.4892509342820919,0.35,0.0,0.0,3.0,"[3, 3, 3, 3, 3, 4, 5]"
aisle,pool,full,0.025,median,20,False,0.6849999999999998,0.6499999999999998,0.7299999999999998,0.09096702699330125,0.5166666666666667,0.43095238095238103,0.6,0.18398153806620476,0.43000000000000005,0.4000000000000001,0.4900000000000001,0.13076696830622023,0.206793581759032,0.14562142697135533,0.260754843161408,0.13061051736522492,7.7,5.35,10.0,5.395368384086485,6.45,5.45,7.35,2.1324868112136124,3.925116217136383,3.410191555917263,4.470844715237617,1.2230894428299617,0.75,0.0,0.05,4.0,"[3, 3, 3, 3, 3, 4, 4, 4, 4, 5, 5, 5, 6, 6, 7]"
aisle,pool,full,0.025,min,20,False,0.6149999999999999,0.575,0.6499999999999999,0.08529361054615987,0.3404761904761905,0.23095238095238094,0.4428571428571429,0.24247168289679258,0.4000000000000001,0.4000000000000001,0.4000000000000001,5.551115123125783e-17,0.10526437396335173,0.05214245367953678,0.15934943157092765,0.12898256269637123,3.8,1.5987500000000001,6.25,5.390732788777421,4.7,3.35,6.05,3.001666203960727,3.146307051181793,2.4754497265815734,3.891261407136917,1.6259235706909398,0.4,0.0,0.0,3.0,"[3, 3, 3, 3, 3, 4, 4, 5]"
aisle,pool,full,0.05,median,20,False,0.6949999999999998,0.6599999999999998,0.7399999999999999,0.08645808232895291,0.5404761904761906,0.45714285714285713,0.6166666666666667,0.173842136535922,0.43000000000000005,0.4000000000000001,0.4900000000000001,0.13076696830622023,0.23348814881267166,0.1819105330270467,0.2835133228761943,0.11149880839666869,8.2,5.94875,10.35,5.2115256883181535,6.95,6.0,7.8,2.0850659461993044,4.440897607803345,3.8118697586655617,5.090172564387321,1.4727858080656295,0.85,0.0,0.05,4.0,"[3, 3, 3, 3, 3, 4, 4, 4, 4, 5, 5, 5, 6, 6, 7, 9, 19]"
aisle,pool,full,0.05,min,20,False,0.6199999999999999,0.5799999999999998,0.6549999999999999,0.08717797887081345,0.35238095238095235,0.23809523809523808,0.4548214285714283,0.24761904761904766,0.4000000000000001,0.4000000000000001,0.4000000000000001,5.551115123125783e-17,0.11816418266425992,0.06504907993443944,0.1718261242826868,0.1306997212365338,4.15,1.8487500000000001,6.6,5.56124985951899,4.95,3.6,6.35,3.138072656902641,3.479520058631897,2.8047115090489387,4.176392048299313,1.577629929376925,0.45,0.0,0.0,3.0,"[3, 3, 3, 3, 3, 4, 4, 5, 9]"
aisle,pool,full,0.1,median,20,True,0.6949999999999998,0.6849999999999998,0.6999999999999998,0.021794494717703363,0.5595238095238095,0.5357142857142858,0.5714285714285714,0.05189165408976994,0.4000000000000001,0.4000000000000001,0.4000000000000001,5.551115123125783e-17,0.24831795219484337,0.21947147130768188,0.26492176219487534,0.058164296694411005,8.4,6.25,10.45,4.933558553417604,7.5,6.85,8.1,1.4317821063276353,4.983439743518829,4.435641288459301,5.582827947437763,1.3175778451416362,0.95,0.0,0.0,4.0,"[3, 3, 3, 3, 3, 3, 4, 4, 4, 4, 5, 5, 5, 6, 6, 7, 8, 16, 19]"
aisle,pool,full,0.1,min,20,True,0.6249999999999998,0.5849999999999999,0.6649999999999998,0.08874119674649422,0.36428571428571427,0.24523809523809526,0.4738095238095238,0.25210002334134657,0.4000000000000001,0.4000000000000001,0.4000000000000001,5.551115123125783e-17,0.1314327500286369,0.07793357750559371,0.18521591546789673,0.13149798863096837,4.5,2.0,7.1,5.8779248038742375,5.2,3.79875,6.6,3.249615361854384,3.429917585849762,2.779987234473228,4.058926248252392,1.4631837045063119,0.5,0.0,0.0,3.0,"[3, 3, 3, 3, 3, 3, 4, 4, 5, 9]"
aisle,pool,full,0.2,median,20,False,0.6999999999999998,0.6999999999999998,0.6999999999999998,1.1102230246251565e-16,0.5714285714285714,0.5714285714285714,0.5714285714285714,1.1102230246251565e-16,0.4000000000000001,0.4000000000000001,0.4000000000000001,5.551115123125783e-17,0.261652911291593,0.2559109442187201,0.2655504156317062,0.011792687864497452,9.0,6.8,10.95,4.764451699828638,7.75,7.2,8.3,1.2196310917650468,4.5411989569664,3.9830507290363313,5.127052888572216,1.3454226397753033,1.0,0.0,0.0,4.5,"[3, 3, 3, 3, 3, 3, 4, 4, 4, 4, 5, 5, 5, 6, 6, 7, 8, 12, 16, 19]"
aisle,pool,full,0.2,min,20,False,0.6799999999999998,0.6549999999999998,0.6999999999999998,0.05099019513592784,0.5190476190476191,0.45,0.5714285714285714,0.13875049794603303,0.4000000000000001,0.4000000000000001,0.4000000000000001,5.551115123125783e-17,0.20836635428681757,0.15696423235406673,0.2501031838739145,0.10482083144526866,4.8,2.4,7.3,5.662155066756826,6.7,5.7,7.65,2.17025344142107,3.863134169578552,3.2235877826809882,4.56911697268486,1.519135720876243,0.8,0.0,0.0,4.5,"[3, 3, 3, 3, 3, 3, 4, 4, 5, 8, 9, 10, 16, 17, 17, 19]"
aisle,pool,full,0.4,median,20,False,0.6999999999999998,0.6999999999999998,0.6999999999999998,1.1102230246251565e-16,0.5714285714285714,0.5714285714285714,0.5714285714285714,1.1102230246251565e-16,0.4000000000000001,0.4000000000000001,0.4000000000000001,5.551115123125783e-17,0.261652911291593,0.2559109442187201,0.2655504156317062,0.011792687864497452,9.1,6.85,11.0,4.815599651133803,7.75,7.2,8.3,1.2196310917650468,4.637174034118653,4.046848394572734,5.269565783441067,1.3944673028467194,1.0,0.0,0.0,4.0,"[3, 3, 3, 3, 3, 3, 3, 3, 4, 4, 4, 4, 4, 5, 5, 5, 6, 7, 8, 16]"
aisle,pool,full,0.4,min,20,False,0.6849999999999998,0.6599999999999999,0.6999999999999998,0.04769696007084727,0.530952380952381,0.46190476190476193,0.5714285714285714,0.13237324403731088,0.4000000000000001,0.4000000000000001,0.4000000000000001,5.551115123125783e-17,0.2217013133835672,0.17956022376062053,0.2602435589602757,0.0938557117595836,4.85,2.45,7.35,5.623833212320578,6.95,6.0,7.9,2.1324868112136124,4.3694732069969175,3.6662582463026046,5.0740285831689835,1.5638482073061484,0.85,0.0,0.0,4.0,"[3, 3, 3, 3, 3, 3, 3, 3, 4, 4, 5, 5, 8, 9, 16, 17, 19]"
aisle,pool,full,0.6,median,20,False,0.6999999999999998,0.6999999999999998,0.6999999999999998,1.1102230246251565e-16,0.5714285714285714,0.5714285714285714,0.5714285714285714,1.1102230246251565e-16,0.4000000000000001,0.4000000000000001,0.4000000000000001,5.551115123125783e-17,0.261652911291593,0.2559109442187201,0.2655504156317062,0.011792687864497452,9.75,7.898750000000001,11.4,3.960744879438715,7.75,7.2,8.3,1.2196310917650468,4.654085254669189,4.1165176028013235,5.214765131771565,1.222440958590927,1.0,0.0,0.0,4.0,"[3, 3, 3, 3, 3, 3, 3, 3, 4, 4, 4, 4, 4, 5, 5, 5, 6, 7, 8, 16]"
aisle,pool,full,0.6,min,20,False,0.6899999999999998,0.6699999999999997,0.6999999999999998,0.043588989435406726,0.5428571428571429,0.48571428571428565,0.5714285714285714,0.12453996981544785,0.4000000000000001,0.4000000000000001,0.4000000000000001,5.551115123125783e-17,0.24838007942839108,0.21966840830927897,0.2650471544326969,0.05818323043802973,5.05,2.7,7.45,5.490673911279015,7.4,6.5,8.2,1.9339079605813718,4.274362325668335,3.6325550508499145,4.89916997551918,1.4311907352685502,0.95,0.0,0.0,4.0,"[3, 3, 3, 3, 3, 3, 3, 3, 4, 4, 4, 5, 5, 5, 8, 8, 9, 16, 17]"
aisle,pool,full,0.8,median,20,False,0.6999999999999998,0.6999999999999998,0.6999999999999998,1.1102230246251565e-16,0.5714285714285714,0.5714285714285714,0.5714285714285714,1.1102230246251565e-16,0.4000000000000001,0.4000000000000001,0.4000000000000001,5.551115123125783e-17,0.261652911291593,0.2559109442187201,0.2655504156317062,0.011792687864497452,10.65,8.75,12.3,3.9657912199206855,7.75,7.2,8.3,1.2196310917650468,4.53529303073883,4.108655224442482,4.977815791666507,1.0255693900963978,1.0,0.0,0.0,4.0,"[3, 3, 3, 3, 3, 3, 3, 3, 4, 4, 4, 4, 4, 4, 4, 5, 5, 6, 7, 8]"
aisle,pool,full,0.8,min,20,False,0.6899999999999998,0.6699999999999997,0.6999999999999998,0.043588989435406726,0.5428571428571429,0.48571428571428565,0.5714285714285714,0.12453996981544785,0.4000000000000001,0.4000000000000001,0.4000000000000001,5.551115123125783e-17,0.24838007942839108,0.21966840830927897,0.2650471544326969,0.05818323043802973,5.55,3.05,8.15,5.886212704277685,7.4,6.5,8.2,1.9339079605813718,4.564349341392517,3.940146638453007,5.199475292861462,1.4348752215047296,0.95,0.0,0.0,4.0,"[3, 3, 3, 3, 3, 3, 3, 3, 4, 4, 4, 4, 5, 5, 5, 6, 8, 8, 9]"
aisle,pool,oracle,,min,20,False,0.985,0.9549999999999998,1.0,0.06538348415311011,0.9785714285714286,0.9357142857142857,1.0,0.09340497736158584,0.97,0.9099999999999999,1.0,0.1307669683062202,0.47502851299681315,0.44540719974620663,0.49705888879612126,0.059560003171342135,0.0,0.0,0.0,0.0,6.5,5.9,7.1,1.5,4.107468163967132,3.6809380534291267,4.539802155792713,0.9742454626529952,0.0,0.0,0.95,,[]
cart,original,fixed,,min,6,False,0.7999999999999999,0.7999999999999999,0.7999999999999999,1.1102230246251565e-16,0.7999999999999999,0.7999999999999999,0.7999999999999999,1.1102230246251565e-16,,,,,0.0,0.0,0.0,0.0,0.0,0.0,0.0,0.0,5.0,5.0,5.0,0.0,0.5547018448511759,0.4998162587483724,0.6178953250249227,0.07538504727378441,0.0,0.0,0.0,,[]
cart,original,full,0.01,median,6,False,0.7999999999999999,0.7999999999999999,0.7999999999999999,1.1102230246251565e-16,0.7999999999999999,0.7999999999999999,0.7999999999999999,1.1102230246251565e-16,,,,,0.0,0.0,0.0,0.0,0.0,0.0,0.0,0.0,5.0,5.0,5.0,0.0,0.5916384855906168,0.5084592898686727,0.6823853254318237,0.11258838569536295,0.0,0.0,0.0,,[]
cart,original,full,0.01,min,6,False,0.7999999999999999,0.7999999999999999,0.7999999999999999,1.1102230246251565e-16,0.7999999999999999,0.7999999999999999,0.7999999999999999,1.1102230246251565e-16,,,,,0.0,0.0,0.0,0.0,0.0,0.0,0.0,0.0,5.0,5.0,5.0,0.0,0.5479913949966431,0.4532868762811025,0.6458845535914103,0.12203348760468954,0.0,0.0,0.0,,[]
cart,original,full,0.025,median,6,False,0.7999999999999999,0.7999999999999999,0.7999999999999999,1.1102230246251565e-16,0.7999999999999999,0.7999999999999999,0.7999999999999999,1.1102230246251565e-16,,,,,0.0,0.0,0.0,0.0,0.0,0.0,0.0,0.0,5.0,5.0,5.0,0.0,0.5893604358037313,0.5318847497304281,0.6549104054768881,0.07784790740444278,0.0,0.0,0.0,,[]
cart,original,full,0.025,min,6,False,0.7999999999999999,0.7999999999999999,0.7999999999999999,1.1102230246251565e-16,0.7999999999999999,0.7999999999999999,0.7999999999999999,1.1102230246251565e-16,,,,,0.0,0.0,0.0,0.0,0.0,0.0,0.0,0.0,5.0,5.0,5.0,0.0,0.5755954186121622,0.5070742388566335,0.6506362756093343,0.09245377550799526,0.0,0.0,0.0,,[]
cart,original,full,0.05,median,6,False,0.7999999999999999,0.7999999999999999,0.7999999999999999,1.1102230246251565e-16,0.7999999999999999,0.7999999999999999,0.7999999999999999,1.1102230246251565e-16,,,,,0.0,0.0,0.0,0.0,0.0,0.0,0.0,0.0,5.0,5.0,5.0,0.0,0.5745182434717814,0.5317235112190246,0.6374702850977579,0.0695371926128353,0.0,0.0,0.0,,[]
cart,original,full,0.05,min,6,False,0.7999999999999999,0.7999999999999999,0.7999999999999999,1.1102230246251565e-16,0.7999999999999999,0.7999999999999999,0.7999999999999999,1.1102230246251565e-16,,,,,0.0,0.0,0.0,0.0,0.0,0.0,0.0,0.0,5.0,5.0,5.0,0.0,0.5733202695846558,0.5178128480911255,0.6522934436798096,0.08767826619854822,0.0,0.0,0.0,,[]
cart,original,full,0.1,median,6,True,0.7999999999999999,0.7999999999999999,0.7999999999999999,1.1102230246251565e-16,0.7999999999999999,0.7999999999999999,0.7999999999999999,1.1102230246251565e-16,,,,,0.0,0.0,0.0,0.0,0.0,0.0,0.0,0.0,5.0,5.0,5.0,0.0,0.5597289800643921,0.5070126265287399,0.6443240245183309,0.09299039002698435,0.0,0.0,0.0,,[]
cart,original,full,0.1,min,6,True,0.7999999999999999,0.7999999999999999,0.7999999999999999,1.1102230246251565e-16,0.7999999999999999,0.7999999999999999,0.7999999999999999,1.1102230246251565e-16,,,,,0.0,0.0,0.0,0.0,0.0,0.0,0.0,0.0,5.0,5.0,5.0,0.0,0.5525774955749512,0.49786659081776935,0.6397117684284845,0.09604972887756916,0.0,0.0,0.0,,[]
cart,original,full,0.2,median,6,False,0.7999999999999999,0.7999999999999999,0.7999999999999999,1.1102230246251565e-16,0.7999999999999999,0.7999999999999999,0.7999999999999999,1.1102230246251565e-16,,,,,0.0,0.0,0.0,0.0,0.0,0.0,0.0,0.0,5.0,5.0,5.0,0.0,0.5347623825073242,0.5055297215779623,0.5786123275756836,0.0476562652027492,0.0,0.0,0.0,,[]
cart,original,full,0.2,min,6,False,0.7999999999999999,0.7999999999999999,0.7999999999999999,1.1102230246251565e-16,0.7999999999999999,0.7999999999999999,0.7999999999999999,1.1102230246251565e-16,,,,,0.0,0.0,0.0,0.0,0.0,0.0,0.0,0.0,5.0,5.0,5.0,0.0,0.5535625616709391,0.5073007345199585,0.6293195486068726,0.08339942722702023,0.0,0.0,0.0,,[]
cart,original,full,0.4,median,6,False,0.7999999999999999,0.7999999999999999,0.7999999999999999,1.1102230246251565e-16,0.7999999999999999,0.7999999999999999,0.7999999999999999,1.1102230246251565e-16,,,,,0.0,0.0,0.0,0.0,0.0,0.0,0.0,0.0,5.0,5.0,5.0,0.0,0.5279271205266317,0.461614727973938,0.6039714813232422,0.08996026713188603,0.0,0.0,0.0,,[]
cart,original,full,0.4,min,6,False,0.7999999999999999,0.7999999999999999,0.7999999999999999,1.1102230246251565e-16,0.7999999999999999,0.7999999999999999,0.7999999999999999,1.1102230246251565e-16,,,,,0.0,0.0,0.0,0.0,0.0,0.0,0.0,0.0,5.0,5.0,5.0,0.0,0.5188974936803182,0.46179068088531494,0.6050056219100952,0.09874050278739722,0.0,0.0,0.0,,[]
cart,original,full,0.6,median,6,False,0.7999999999999999,0.7999999999999999,0.7999999999999999,1.1102230246251565e-16,0.7999999999999999,0.7999999999999999,0.7999999999999999,1.1102230246251565e-16,,,,,0.025350158649057167,0.0,0.0760504759471715,0.05668467797969605,0.16666666666666666,0.0,0.5,0.372677996249965,6.0,5.0,8.0,2.23606797749979,0.6164424022038778,0.5152039527893066,0.7366145451863607,0.14270268813821482,0.16666666666666666,0.0,0.0,3.0,[3]
cart,original,full,0.6,min,6,False,0.7999999999999999,0.7999999999999999,0.7999999999999999,1.1102230246251565e-16,0.7999999999999999,0.7999999999999999,0.7999999999999999,1.1102230246251565e-16,,,,,0.025350158649057167,0.0,0.0760504759471715,0.05668467797969605,0.16666666666666666,0.0,0.5,0.372677996249965,6.0,5.0,8.0,2.23606797749979,0.58215860525767,0.46635186672210693,0.7212743361790975,0.1631956480539186,0.16666666666666666,0.0,0.0,3.0,[3]
cart,original,full,0.8,median,6,False,0.7999999999999999,0.7999999999999999,0.7999999999999999,1.1102230246251565e-16,0.7999999999999999,0.7999999999999999,0.7999999999999999,1.1102230246251565e-16,,,,,0.050700317298114334,0.0,0.10140063459622867,0.07170107633961254,0.3333333333333333,0.0,0.6666666666666666,0.4714045207910317,7.0,5.0,9.0,2.8284271247461903,0.6775890588760376,0.5362480769554774,0.8514358311891556,0.2074998761606209,0.3333333333333333,0.0,0.0,3.0,"[3, 3]"
cart,original,full,0.8,min,6,False,0.7999999999999999,0.7999999999999999,0.7999999999999999,1.1102230246251565e-16,0.7999999999999999,0.7999999999999999,0.7999999999999999,1.1102230246251565e-16,,,,,0.050700317298114334,0.0,0.10140063459622867,0.07170107633961254,0.3333333333333333,0.0,0.6666666666666666,0.4714045207910317,7.0,5.0,9.0,2.8284271247461903,0.6541882356007894,0.50597083568573,0.8327314505974449,0.21134177117576514,0.3333333333333333,0.0,0.0,3.0,"[3, 3]"
cart,original,oracle,,min,6,False,0.7999999999999999,0.7999999999999999,0.7999999999999999,1.1102230246251565e-16,0.7999999999999999,0.7999999999999999,0.7999999999999999,1.1102230246251565e-16,,,,,0.152100951894343,0.152100951894343,0.152100951894343,0.0,0.0,0.0,0.0,0.0,11.0,11.0,11.0,0.0,0.9822152455647787,0.9293590684731801,1.054780085881551,0.07969858539629866,0.0,0.0,0.0,,[]
cart,pool,fixed,,min,20,False,0.8000000000000002,0.8000000000000002,0.8000000000000002,1.1102230246251565e-16,0.8000000000000002,0.8000000000000002,0.8000000000000002,1.1102230246251565e-16,,,,,0.0,0.0,0.0,0.0,0.0,0.0,0.0,0.0,5.0,5.0,5.0,0.0,3.0262627840042113,2.802350361943245,3.263640692234039,0.5442104533534619,0.0,0.0,0.0,,[]
cart,pool,full,0.01,median,20,False,0.8000000000000002,0.8000000000000002,0.8000000000000002,1.1102230246251565e-16,0.8000000000000002,0.8000000000000002,0.8000000000000002,1.1102230246251565e-16,,,,,0.0,0.0,0.0,0.0,0.0,0.0,0.0,0.0,5.0,5.0,5.0,0.0,3.240356707572937,2.949013505578041,3.573317705988884,0.7105629571992552,0.0,0.0,0.0,,[]
cart,pool,full,0.01,min,20,False,0.8000000000000002,0.8000000000000002,0.8000000000000002,1.1102230246251565e-16,0.8000000000000002,0.8000000000000002,0.8000000000000002,1.1102230246251565e-16,,,,,0.0,0.0,0.0,0.0,0.0,0.0,0.0,0.0,5.0,5.0,5.0,0.0,2.995487904548645,2.7591869199275973,3.293410847187042,0.6110735524487314,0.0,0.0,0.0,,[]
cart,pool,full,0.025,median,20,False,0.8100000000000002,0.8000000000000002,0.8300000000000003,0.043588989435406726,0.8100000000000002,0.8000000000000002,0.8300000000000003,0.043588989435406726,,,,,0.03319943417366534,0.0,0.09959830252099602,0.14471297854573797,0.15,0.0,0.45,0.6538348415311012,5.3,5.0,5.9,1.3076696830622023,3.4017802476882935,3.077767904996872,3.746618211865425,0.7647654588119561,0.05,0.05,0.05,3.0,[3]
cart,pool,full,0.025,min,20,False,0.8100000000000002,0.8000000000000002,0.8300000000000003,0.043588989435406726,0.8100000000000002,0.8000000000000002,0.8300000000000003,0.043588989435406726,,,,,0.03319943417366534,0.0,0.09959830252099602,0.14471297854573797,0.15,0.0,0.45,0.6538348415311012,5.3,5.0,5.9,1.3076696830622023,3.3389939308166503,3.003102496564388,3.7396910473704335,0.8473634614395634,0.05,0.05,0.05,3.0,[3]
cart,pool,full,0.05,median,20,False,0.8100000000000002,0.8000000000000002,0.8300000000000003,0.043588989435406726,0.8100000000000002,0.8000000000000002,0.8300000000000003,0.043588989435406726,,,,,0.03319943417366534,0.0,0.09959830252099602,0.14471297854573797,0.3,0.0,0.9,1.3076696830622023,5.3,5.0,5.9,1.3076696830622023,3.4927995085716246,3.0482100272178654,4.042119394540786,1.1929555666298968,0.05,0.05,0.05,3.0,[3]
cart,pool,full,0.05,min,20,False,0.8100000000000002,0.8000000000000002,0.8300000000000003,0.043588989435406726,0.8100000000000002,0.8000000000000002,0.8300000000000003,0.043588989435406726,,,,,0.03319943417366534,0.0,0.09959830252099602,0.14471297854573797,0.3,0.0,0.9,1.3076696830622023,5.3,5.0,5.9,1.3076696830622023,3.294482171535492,2.9198090025782584,3.7780280050635335,1.0011290401325357,0.05,0.05,0.05,3.0,[3]
cart,pool,full,0.1,median,20,True,0.8400000000000002,0.8100000000000002,0.8800000000000001,0.07999999999999999,0.8400000000000002,0.8100000000000002,0.8800000000000001,0.07999999999999999,,,,,0.13279973175070073,0.03319943417366534,0.26559861013425745,0.2655994637518509,0.85,0.05,2.15,2.6509432283623124,6.2,5.3,7.4,2.4,3.9680043935775755,3.4978739082813264,4.526976211667061,1.2373904600444086,0.2,0.2,0.2,4.0,"[3, 4, 4, 6]"
cart,pool,full,0.1,min,20,True,0.8100000000000002,0.8000000000000002,0.8300000000000003,0.043588989435406726,0.8100000000000002,0.8000000000000002,0.8300000000000003,0.043588989435406726,,,,,0.03319943417366534,0.0,0.09959830252099602,0.14471297854573797,0.3,0.0,0.9,1.3076696830622023,5.3,5.0,5.9,1.3076696830622023,3.3319929361343386,2.9566651517152787,3.8227476629614827,0.996065658260181,0.05,0.05,0.05,3.0,[3]
cart,pool,full,0.2,median,20,False,0.9100000000000001,0.8700000000000001,0.95,0.09949874371066197,0.9100000000000001,0.8700000000000001,0.95,0.09949874371066197,,,,,0.36520314685078326,0.23240002338724136,0.4980102382390958,0.33033867599364486,4.05,1.94875,6.55,5.398842468529712,8.3,7.1,9.5,2.98496231131986,4.950642096996307,4.361387820839882,5.590519704818726,1.4245630612103641,0.55,0.55,0.55,4.0,"[3, 3, 3, 4, 4, 4, 4, 5, 5, 8, 8]"
cart,pool,full,0.2,min,20,False,0.8400000000000002,0.8100000000000002,0.8800000000000001,0.07999999999999999,0.8400000000000002,0.8100000000000002,0.8800000000000001,0.07999999999999999,,,,,0.132800870517738,0.033199276386990134,0.2655992810953735,0.26560174118076896,1.1,0.05,2.95,3.91024295920343,6.2,5.3,7.4,2.4,4.0746780157089235,3.5130819553136825,4.754724208712577,1.4948904934346858,0.2,0.2,0.2,3.0,"[3, 3, 3, 4]"
cart,pool,full,0.4,median,20,False,0.99,0.97,1.0,0.043588989435406726,0.99,0.97,1.0,0.043588989435406726,,,,,0.6308042046912241,0.5643996979773458,0.6640106888063755,0.14471641072761954,8.1,5.7,10.601249999999993,5.804308744372581,10.7,10.1,11.0,1.3076696830622023,5.745365631580353,5.354521086215972,6.173740528821945,0.9393397671199757,0.95,0.95,0.95,5.0,"[3, 3, 3, 3, 4, 4, 4, 4, 4, 5, 5, 5, 6, 6, 7, 8, 11, 18, 18]"
cart,pool,full,0.4,min,20,False,0.8500000000000002,0.8100000000000002,0.89,0.08660254037844384,0.8500000000000002,0.8100000000000002,0.89,0.08660254037844384,,,,,0.16600139126526833,0.03320052074753034,0.2988022078947618,0.28752284393533734,2.25,0.3,4.6,4.998749843710925,6.5,5.3,7.7,2.598076211353316,3.8655584931373594,3.2479406270384787,4.575210388302803,1.5338769725676369,0.25,0.25,0.25,3.0,"[3, 3, 3, 3, 4]"
cart,pool,full,0.6,median,20,False,0.99,0.97,1.0,0.043588989435406726,0.99,0.97,1.0,0.043588989435406726,,,,,0.6308042046912241,0.5643996979773458,0.6640106888063755,0.14471641072761954,11.0,8.9,13.0,4.806245936279167,10.7,10.1,11.0,1.3076696830622023,5.1202940225601195,4.704495735764503,5.524092620015144,0.9453243680966941,0.95,0.95,0.95,4.0,"[3, 3, 3, 3, 3, 4, 4, 4, 4, 4, 5, 5, 5, 5, 6, 6, 7, 8, 12]"
cart,pool,full,0.6,min,20,False,0.9200000000000002,0.8800000000000001,0.96,0.0979795897113271,0.9200000000000002,0.8800000000000001,0.96,0.0979795897113271,,,,,0.3983998219194721,0.2655991370558902,0.5312014864747336,0.32529209269022324,4.55,2.05,7.15,5.8691992639541555,8.6,7.4,9.8,2.9393876913398143,4.775202000141144,3.8423834231495855,5.9122913318872445,2.371139938366931,0.6,0.6,0.6,4.0,"[3, 3, 3, 3, 3, 4, 4, 4, 4, 5, 6, 7]"
cart,pool,full,0.8,median,20,False,1.0,1.0,1.0,0.0,1.0,1.0,1.0,0.0,,,,,0.6640040957338996,0.6639965151118216,0.6640124417472445,1.8534551721547916e-05,12.5,10.95,13.9,3.5142566781611158,11.0,11.0,11.0,0.0,5.571738505363465,5.156756942272186,6.0346382185816765,1.0079415325797296,1.0,1.0,1.0,4.0,"[3, 3, 3, 3, 3, 4, 4, 4, 4, 4, 4, 4, 5, 5, 5, 5, 6, 8, 11, 13]"
cart,pool,full,0.8,min,20,False,0.9400000000000001,0.9,0.9800000000000001,0.09165151389911678,0.9400000000000001,0.9,0.9800000000000001,0.09165151389911678,,,,,0.4648018546617946,0.33200018006704324,0.5976030328381079,0.3042842407059482,6.35,3.85,9.0,6.052065763026704,9.2,8.0,10.4,2.749545416973504,4.814795327186585,4.200315203368664,5.4530190163850785,1.4452880205927017,0.7,0.7,0.7,4.0,"[3, 3, 3, 3, 3, 4, 4, 4, 4, 4, 4, 5, 7, 17]"
cart,pool,oracle,,min,20,False,1.0,1.0,1.0,0.0,1.0,1.0,1.0,0.0,,,,,0.6640040957338996,0.6639965151118216,0.6640124417472445,1.8534551721547916e-05,0.0,0.0,0.0,0.0,11.0,11.0,11.0,0.0,5.599585962295532,5.213752344250679,6.008594979643822,0.9025505644687428,0.0,1.0,1.0,,[]
